t_rel_s,stamp_s,recv_s,latency_ms,gap_since_prev_ms,tx,ty
0.947,1788242730.15084,1788242729.504214,-646.626,,7e-05,-0.00798
0.948,1788242730.254085,1788242729.504299,-749.786,0.085,7e-05,-0.00798
0.948,1788242730.356861,1788242729.504299,-852.562,0.0,7e-05,-0.00798
0.999,1788242730.459913,1788242729.556262,-903.651,51.963,7e-05,-0.00798
1.105,1788242730.562975,1788242729.661619,-901.356,105.357,7e-05,-0.00798
1.208,1788242730.666302,1788242729.76435,-901.952,102.731,7e-05,-0.00798
1.311,1788242730.769449,1788242729.867817,-901.632,103.467,7e-05,-0.00798
1.417,1788242730.872934,1788242729.973533,-899.401,105.716,7e-05,-0.00798
1.517,1788242730.976078,1788242730.074053,-902.025,100.519,7e-05,-0.00798
1.621,1788242731.079081,1788242730.177484,-901.597,103.431,7e-05,-0.00798
1.725,1788242731.182276,1788242730.282088,-900.188,104.604,7e-05,-0.00798
1.829,1788242731.285928,1788242730.385508,-900.421,103.42,7e-05,-0.00798
1.929,1788242731.388914,1788242730.485389,-903.525,99.881,7e-05,-0.00798
2.034,1788242731.491856,1788242730.590935,-900.921,105.545,7e-05,-0.00798
2.136,1788242731.594928,1788242730.69261,-902.318,101.675,7e-05,-0.00798
2.24,1788242731.698606,1788242730.797233,-901.374,104.623,7e-05,-0.00798
2.345,1788242731.801455,1788242730.901788,-899.668,104.555,7e-05,-0.00798
2.447,1788242731.905339,1788242731.003815,-901.524,102.027,7e-05,-0.00798
2.55,1788242732.007601,1788242731.107039,-900.562,103.224,7e-05,-0.00798
2.652,1788242732.110573,1788242731.209142,-901.43,102.103,7e-05,-0.00798
2.759,1788242732.214083,1788242731.31603,-898.054,106.888,7e-05,-0.00798
2.859,1788242732.317501,1788242731.416167,-901.334,100.137,7e-05,-0.00798
2.967,1788242732.420964,1788242731.524106,-896.858,107.939,7e-05,-0.00798
3.067,1788242732.523757,1788242731.623427,-900.33,99.321,7e-05,-0.00798
3.172,1788242732.626856,1788242731.728427,-898.428,105.0,7e-05,-0.00798
3.27,1788242732.729884,1788242731.827023,-902.86,98.596,7e-05,-0.00798
3.375,1788242732.833277,1788242731.931338,-901.939,104.315,7e-05,-0.00798
3.479,1788242732.936262,1788242732.035844,-900.418,104.506,7e-05,-0.00798
3.585,1788242733.039496,1788242732.141425,-898.071,105.581,7e-05,-0.00798
3.688,1788242733.14243,1788242732.244489,-897.94,103.064,7e-05,-0.00798
3.791,1788242733.245754,1788242732.347507,-898.247,103.018,7e-05,-0.00798
3.89,1788242733.348808,1788242732.446452,-902.356,98.945,7e-05,-0.00798
3.993,1788242733.451824,1788242732.550117,-901.707,103.664,7e-05,-0.00798
4.097,1788242733.555289,1788242732.654121,-901.167,104.005,7e-05,-0.00798
4.199,1788242733.658421,1788242732.756098,-902.323,101.976,7e-05,-0.00798
4.303,1788242733.76132,1788242732.859463,-901.857,103.365,7e-05,-0.00798
4.407,1788242733.864848,1788242732.963719,-901.128,104.257,7e-05,-0.00798
4.512,1788242733.968192,1788242733.069012,-899.179,105.293,7e-05,-0.00798
4.613,1788242734.071369,1788242733.169299,-902.071,100.286,7e-05,-0.00798
4.716,1788242734.174326,1788242733.273039,-901.288,103.74,7e-05,-0.00798
4.821,1788242734.277558,1788242733.378162,-899.395,105.124,7e-05,-0.00798
4.928,1788242734.381495,1788242733.484922,-896.573,106.76,7e-05,-0.00798
5.028,1788242734.483738,1788242733.584511,-899.228,99.589,7e-05,-0.00798
5.129,1788242734.586994,1788242733.685659,-901.335,101.148,7e-05,-0.00798
5.231,1788242734.690425,1788242733.787779,-902.646,102.12,7e-05,-0.00798
5.337,1788242734.793417,1788242733.893864,-899.552,106.085,7e-05,-0.00798
5.439,1788242734.896587,1788242733.995942,-900.645,102.077,7e-05,-0.00798
5.543,1788242735.000503,1788242734.100129,-900.375,104.187,7e-05,-0.00798
5.645,1788242735.103153,1788242734.201836,-901.317,101.708,7e-05,-0.00798
5.748,1788242735.20611,1788242734.304723,-901.386,102.887,7e-05,-0.00798
5.852,1788242735.309233,1788242734.408487,-900.746,103.764,7e-05,-0.00798
5.953,1788242735.412231,1788242734.509712,-902.519,101.224,7e-05,-0.00798
6.058,1788242735.515539,1788242734.614299,-901.24,104.588,7e-05,-0.00798
6.165,1788242735.618993,1788242734.722043,-896.95,107.744,7e-05,-0.00798
6.267,1788242735.721941,1788242734.823401,-898.539,101.359,7e-05,-0.00798
6.368,1788242735.825607,1788242734.924848,-900.759,101.447,7e-05,-0.00798
6.472,1788242735.928922,1788242735.028744,-900.178,103.896,7e-05,-0.00798
6.574,1788242736.031719,1788242735.130566,-901.153,101.822,7e-05,-0.00798
6.676,1788242736.134706,1788242735.232693,-902.013,102.127,7e-05,-0.00798
6.779,1788242736.237774,1788242735.335473,-902.301,102.78,7e-05,-0.00798
6.91,1788242736.34094,1788242735.467218,-873.722,131.745,7e-05,-0.00798
6.985,1788242736.444285,1788242735.541892,-902.394,74.673,7e-05,-0.00798
7.088,1788242736.5472,1788242735.645018,-902.182,103.126,7e-05,-0.00798
7.194,1788242736.650163,1788242735.750809,-899.354,105.792,7e-05,-0.00798
7.296,1788242736.753324,1788242735.853043,-900.281,102.233,7e-05,-0.00798
7.4,1788242736.856464,1788242735.956511,-899.952,103.469,7e-05,-0.00798
7.524,1788242736.959719,1788242736.081006,-878.713,124.495,7e-05,-0.00798
7.606,1788242737.063302,1788242736.163048,-900.254,82.042,7e-05,-0.00798
7.709,1788242737.166469,1788242736.26599,-900.479,102.942,7e-05,-0.00798
7.812,1788242737.269866,1788242736.368629,-901.236,102.64,7e-05,-0.00798
7.916,1788242737.3729,1788242736.472392,-900.508,103.762,7e-05,-0.00798
8.017,1788242737.476116,1788242736.574067,-902.049,101.676,7e-05,-0.00798
8.124,1788242737.579285,1788242736.680997,-898.288,106.93,7e-05,-0.00798
8.225,1788242737.682363,1788242736.781329,-901.034,100.332,7e-05,-0.00798
8.328,1788242737.785795,1788242736.884812,-900.983,103.483,7e-05,-0.00798
8.475,1788242737.888916,1788242737.03228,-856.636,147.468,7e-05,-0.00798
8.536,1788242737.991914,1788242737.092857,-899.057,60.577,7e-05,-0.00798
8.638,1788242738.095064,1788242737.195244,-899.82,102.387,7e-05,-0.00798
8.739,1788242738.198188,1788242737.295525,-902.663,100.281,7e-05,-0.00798
8.847,1788242738.301337,1788242737.404028,-897.309,108.503,7e-05,-0.00798
8.956,1788242738.40482,1788242737.512511,-892.309,108.483,7e-05,-0.00798
9.049,1788242738.50806,1788242737.605595,-902.465,93.083,7e-05,-0.00798
9.152,1788242738.61114,1788242737.70896,-902.18,103.365,7e-05,-0.00798
9.259,1788242738.714341,1788242737.815334,-899.007,106.375,7e-05,-0.00798
9.361,1788242738.817406,1788242737.917932,-899.474,102.598,7e-05,-0.00798
9.468,1788242738.920755,1788242738.024395,-896.36,106.463,7e-05,-0.00798
9.568,1788242739.025597,1788242738.125224,-900.373,100.829,7e-05,-0.00798
9.676,1788242739.128072,1788242738.232533,-895.538,107.309,7e-05,-0.00798
9.773,1788242739.233003,1788242738.329628,-903.375,97.094,7e-05,-0.00798
9.875,1788242739.334455,1788242738.431512,-902.943,101.884,7e-05,-0.00798
9.98,1788242739.43703,1788242738.536561,-900.47,105.049,7e-05,-0.00798
10.082,1788242739.542159,1788242738.639164,-902.995,102.604,7e-05,-0.00798
10.183,1788242739.643604,1788242738.740188,-903.415,101.024,7e-05,-0.00798
10.289,1788242739.74635,1788242738.846251,-900.099,106.063,7e-05,-0.00798
10.395,1788242739.849521,1788242738.952223,-897.298,105.972,7e-05,-0.00798
10.5,1788242739.952734,1788242739.056622,-896.112,104.398,7e-05,-0.00798
10.598,1788242740.055921,1788242739.155023,-900.898,98.401,7e-05,-0.00798
10.703,1788242740.159173,1788242739.259679,-899.493,104.657,7e-05,-0.00798
10.804,1788242740.262954,1788242739.360657,-902.298,100.977,7e-05,-0.00798
10.907,1788242740.365908,1788242739.46353,-902.378,102.873,7e-05,-0.00798
11.013,1788242740.469269,1788242739.569282,-899.987,105.753,7e-05,-0.00798
11.116,1788242740.572419,1788242739.67239,-900.029,103.108,7e-05,-0.00798
11.218,1788242740.675608,1788242739.774582,-901.026,102.192,7e-05,-0.00798
11.322,1788242740.778672,1788242739.878608,-900.065,104.026,7e-05,-0.00798
11.425,1788242740.88173,1788242739.982148,-899.582,103.54,7e-05,-0.00798
11.529,1788242740.986515,1788242740.085578,-900.936,103.431,7e-05,-0.00798
11.629,1788242741.090217,1788242740.185691,-904.526,100.112,7e-05,-0.00798
11.732,1788242741.192146,1788242740.288734,-903.412,103.043,7e-05,-0.00798
11.84,1788242741.295336,1788242740.39642,-898.916,107.686,7e-05,-0.00798
11.938,1788242741.39845,1788242740.494642,-903.808,98.222,7e-05,-0.00798
12.043,1788242741.50143,1788242740.599465,-901.964,104.823,7e-05,-0.00798
12.146,1788242741.604739,1788242740.702863,-901.876,103.398,7e-05,-0.00798
12.284,1788242741.70792,1788242740.840765,-867.155,137.902,7e-05,-0.00798
12.351,1788242741.810907,1788242740.908153,-902.754,67.388,7e-05,-0.00798
12.458,1788242741.914191,1788242741.014594,-899.597,106.441,7e-05,-0.00798
12.562,1788242742.017518,1788242741.119045,-898.472,104.452,7e-05,-0.00798
12.663,1788242742.120512,1788242741.219772,-900.74,100.727,7e-05,-0.00798
12.766,1788242742.223725,1788242741.32315,-900.575,103.378,7e-05,-0.00798
12.871,1788242742.328004,1788242741.428188,-899.817,105.038,7e-05,-0.00798
12.97,1788242742.429938,1788242741.526464,-903.474,98.276,7e-05,-0.00798
13.074,1788242742.532895,1788242741.630672,-902.223,104.208,7e-05,-0.00798
13.178,1788242742.636155,1788242741.734587,-901.568,103.916,7e-05,-0.00798
13.285,1788242742.739727,1788242741.841939,-897.787,107.352,7e-05,-0.00798
13.385,1788242742.842819,1788242741.941339,-901.48,99.399,7e-05,-0.00798
13.487,1788242742.947142,1788242742.043905,-903.236,102.567,7e-05,-0.00798
13.59,1788242743.049463,1788242742.146509,-902.954,102.604,7e-05,-0.00798
13.693,1788242743.152307,1788242742.249506,-902.801,102.997,7e-05,-0.00798
13.798,1788242743.255528,1788242742.354546,-900.983,105.04,7e-05,-0.00798
13.949,1788242743.358767,1788242742.505584,-853.182,151.039,7e-05,-0.00798
14.004,1788242743.462,1788242742.560422,-901.578,54.837,7e-05,-0.00798
14.106,1788242743.565569,1788242742.662706,-902.863,102.284,7e-05,-0.00798
14.211,1788242743.668727,1788242742.768204,-900.523,105.498,7e-05,-0.00798
14.314,1788242743.77171,1788242742.870921,-900.789,102.717,7e-05,-0.00798
14.418,1788242743.874879,1788242742.974817,-900.063,103.896,7e-05,-0.00798
14.534,1788242743.978141,1788242743.090628,-887.513,115.811,7e-05,-0.00798
14.659,1788242744.081276,1788242743.215773,-865.504,125.145,7e-05,-0.00798
14.726,1788242744.184631,1788242743.28233,-902.301,66.557,7e-05,-0.00798
14.829,1788242744.287741,1788242743.386076,-901.665,103.746,7e-05,-0.00798
14.932,1788242744.391241,1788242743.489269,-901.972,103.193,7e-05,-0.00798
15.035,1788242744.494561,1788242743.591984,-902.577,102.715,7e-05,-0.00798
15.138,1788242744.597676,1788242743.694966,-902.71,102.982,7e-05,-0.00798
15.244,1788242744.700717,1788242743.80033,-900.388,105.364,7e-05,-0.00798
15.346,1788242744.804018,1788242743.902503,-901.515,102.174,7e-05,-0.00798
15.451,1788242744.907705,1788242744.007914,-899.791,105.411,7e-05,-0.00798
15.553,1788242745.010339,1788242744.110179,-900.159,102.265,7e-05,-0.00798
15.654,1788242745.113623,1788242744.211203,-902.42,101.024,7e-05,-0.00798
15.758,1788242745.217335,1788242744.314513,-902.822,103.31,7e-05,-0.00798
15.862,1788242745.320112,1788242744.418961,-901.151,104.448,7e-05,-0.00798
15.967,1788242745.423433,1788242744.524258,-899.174,105.297,7e-05,-0.00798
16.07,1788242745.52678,1788242744.626945,-899.835,102.687,7e-05,-0.00798
16.171,1788242745.630123,1788242744.727597,-902.526,100.652,7e-05,-0.00798
16.275,1788242745.7333,1788242744.831397,-901.903,103.8,7e-05,-0.00798
16.377,1788242745.836663,1788242744.9339,-902.763,102.503,7e-05,-0.00798
16.482,1788242745.939968,1788242745.038773,-901.195,104.873,7e-05,-0.00798
16.586,1788242746.043339,1788242745.142571,-900.768,103.798,7e-05,-0.00798
16.687,1788242746.146116,1788242745.243502,-902.614,100.931,7e-05,-0.00798
16.79,1788242746.249043,1788242745.346609,-902.434,103.107,7e-05,-0.00798
16.907,1788242746.352207,1788242745.463733,-888.475,117.123,7e-05,-0.00798
16.996,1788242746.455533,1788242745.553023,-902.51,89.291,7e-05,-0.00798
17.1,1788242746.558789,1788242745.656621,-902.169,103.598,7e-05,-0.00798
17.204,1788242746.661697,1788242745.760735,-900.961,104.114,7e-05,-0.00798
17.307,1788242746.765436,1788242745.864109,-901.327,103.374,7e-05,-0.00798
17.412,1788242746.868656,1788242745.968928,-899.729,104.819,7e-05,-0.00798
17.515,1788242746.972153,1788242746.072123,-900.03,103.195,7e-05,-0.00798
17.617,1788242747.074848,1788242746.173322,-901.526,101.199,7e-05,-0.00798
17.723,1788242747.178109,1788242746.279576,-898.532,106.255,7e-05,-0.00798
17.824,1788242747.282626,1788242746.380765,-901.86,101.189,7e-05,-0.00798
17.926,1788242747.38511,1788242746.482922,-902.187,102.157,7e-05,-0.00798
18.029,1788242747.487926,1788242746.585748,-902.178,102.825,7e-05,-0.00798
18.131,1788242747.591583,1788242746.688241,-903.342,102.494,7e-05,-0.00798
18.236,1788242747.694197,1788242746.792727,-901.47,104.485,7e-05,-0.00798
18.339,1788242747.796853,1788242746.895345,-901.508,102.618,7e-05,-0.00798
18.452,1788242747.900712,1788242747.008381,-892.33,113.036,7e-05,-0.00798
18.545,1788242748.003815,1788242747.101748,-902.067,93.366,7e-05,-0.00798
18.648,1788242748.107317,1788242747.20467,-902.647,102.923,7e-05,-0.00798
18.753,1788242748.210251,1788242747.310217,-900.034,105.547,7e-05,-0.00798
18.854,1788242748.313624,1788242747.41123,-902.394,101.013,7e-05,-0.00798
18.959,1788242748.416837,1788242747.515987,-900.85,104.757,7e-05,-0.00798
19.067,1788242748.519806,1788242747.623409,-896.397,107.422,7e-05,-0.00798
19.169,1788242748.623053,1788242747.726007,-897.046,102.598,7e-05,-0.00798
19.269,1788242748.726512,1788242747.825283,-901.229,99.276,7e-05,-0.00798
19.374,1788242748.829527,1788242747.930408,-899.119,105.125,7e-05,-0.00798
19.475,1788242748.933204,1788242748.031358,-901.845,100.95,7e-05,-0.00798
19.58,1788242749.036186,1788242748.136628,-899.558,105.27,7e-05,-0.00798
19.682,1788242749.139329,1788242748.238529,-900.799,101.901,7e-05,-0.00798
19.786,1788242749.242397,1788242748.342432,-899.965,103.903,7e-05,-0.00798
19.889,1788242749.345823,1788242748.445964,-899.859,103.532,7e-05,-0.00798
19.994,1788242749.451061,1788242748.550429,-900.632,104.465,7e-05,-0.00798
20.095,1788242749.552829,1788242748.651617,-901.212,101.188,7e-05,-0.00798
20.196,1788242749.655919,1788242748.752818,-903.101,101.201,7e-05,-0.00798
20.3,1788242749.758501,1788242748.857226,-901.275,104.408,7e-05,-0.00798
20.403,1788242749.861919,1788242748.959569,-902.35,102.343,7e-05,-0.00798
20.508,1788242749.965394,1788242749.064956,-900.438,105.387,7e-05,-0.00798
20.611,1788242750.068751,1788242749.167889,-900.862,102.933,7e-05,-0.00798
20.713,1788242750.171988,1788242749.269335,-902.654,101.446,7e-05,-0.00798
20.82,1788242750.274924,1788242749.376335,-898.589,107.0,7e-05,-0.00798
20.924,1788242750.378003,1788242749.480735,-897.268,104.4,7e-05,-0.00798
21.025,1788242750.481063,1788242749.582258,-898.804,101.524,7e-05,-0.00798
21.127,1788242750.584429,1788242749.68403,-900.399,101.771,7e-05,-0.00798
21.231,1788242750.687781,1788242749.787776,-900.005,103.746,7e-05,-0.00798
21.333,1788242750.791111,1788242749.889749,-901.362,101.973,7e-05,-0.00798
21.436,1788242750.894023,1788242749.992713,-901.31,102.964,7e-05,-0.00798
21.538,1788242750.997399,1788242750.095165,-902.234,102.452,7e-05,-0.00798
21.645,1788242751.100396,1788242750.201813,-898.583,106.648,7e-05,-0.00798
21.747,1788242751.204147,1788242750.303282,-900.865,101.469,7e-05,-0.00798
21.849,1788242751.306859,1788242750.405675,-901.184,102.393,7e-05,-0.00798
21.951,1788242751.410074,1788242750.507571,-902.503,101.896,7e-05,-0.00798
22.057,1788242751.513232,1788242750.613461,-899.771,105.89,7e-05,-0.00798
22.16,1788242751.616438,1788242750.716572,-899.867,103.111,7e-05,-0.00798
22.263,1788242751.719749,1788242750.819664,-900.085,103.092,7e-05,-0.00798
22.37,1788242751.822815,1788242750.927184,-895.631,107.52,7e-05,-0.00798
22.468,1788242751.927355,1788242751.02482,-902.535,97.636,7e-05,-0.00798
22.57,1788242752.029407,1788242751.126821,-902.586,102.001,7e-05,-0.00798
22.673,1788242752.132731,1788242751.229944,-902.787,103.122,7e-05,-0.00798
22.785,1788242752.235901,1788242751.341775,-894.125,111.832,7e-05,-0.00798
22.881,1788242752.338928,1788242751.437567,-901.361,95.792,7e-05,-0.00798
22.989,1788242752.442065,1788242751.545494,-896.572,107.927,7e-05,-0.00798
23.092,1788242752.545539,1788242751.648502,-897.037,103.009,7e-05,-0.00798
23.194,1788242752.648667,1788242751.750997,-897.671,102.494,7e-05,-0.00798
23.294,1788242752.752145,1788242751.850444,-901.7,99.448,7e-05,-0.00798
23.402,1788242752.855184,1788242751.958659,-896.525,108.215,7e-05,-0.00798
23.5,1788242752.958261,1788242752.056879,-901.383,98.22,7e-05,-0.00798
23.605,1788242753.061594,1788242752.161516,-900.078,104.637,7e-05,-0.00798
23.707,1788242753.165061,1788242752.263691,-901.37,102.176,7e-05,-0.00798
23.818,1788242753.268181,1788242752.374846,-893.334,111.155,7e-05,-0.00798
23.963,1788242753.372029,1788242752.520162,-851.867,145.315,7e-05,-0.00798
24.017,1788242753.474541,1788242752.574059,-900.483,53.897,7e-05,-0.00798
24.118,1788242753.577883,1788242752.675081,-902.802,101.022,7e-05,-0.00798
24.224,1788242753.68053,1788242752.78033,-900.199,105.249,7e-05,-0.00798
24.326,1788242753.784098,1788242752.882515,-901.582,102.185,7e-05,-0.00798
24.427,1788242753.887455,1788242752.984262,-903.193,101.747,7e-05,-0.00798
24.531,1788242753.990529,1788242753.087533,-902.995,103.271,7e-05,-0.00798
24.635,1788242754.093967,1788242753.19139,-902.577,103.857,7e-05,-0.00798
24.74,1788242754.197189,1788242753.2967,-900.489,105.31,7e-05,-0.00798
24.843,1788242754.300468,1788242753.399362,-901.106,102.662,7e-05,-0.00798
24.945,1788242754.403617,1788242753.501868,-901.749,102.506,7e-05,-0.00798
25.05,1788242754.506918,1788242753.606845,-900.073,104.977,7e-05,-0.00798
25.155,1788242754.611273,1788242753.711429,-899.844,104.584,7e-05,-0.00798
25.253,1788242754.714267,1788242753.810004,-904.263,98.575,7e-05,-0.00798
25.358,1788242754.81611,1788242753.915138,-900.972,105.134,7e-05,-0.00798
25.462,1788242754.91952,1788242754.018573,-900.947,103.435,7e-05,-0.00798
25.566,1788242755.022739,1788242754.122306,-900.433,103.733,7e-05,-0.00798
25.667,1788242755.125917,1788242754.224035,-901.882,101.728,7e-05,-0.00798
25.77,1788242755.229113,1788242754.327152,-901.961,103.117,7e-05,-0.00798
25.876,1788242755.332086,1788242754.433138,-898.947,105.987,7e-05,-0.00798
25.976,1788242755.435597,1788242754.532288,-903.31,99.149,7e-05,-0.00798
26.079,1788242755.538752,1788242754.63602,-902.732,103.732,7e-05,-0.00798
26.185,1788242755.641821,1788242754.741573,-900.248,105.553,7e-05,-0.00798
26.287,1788242755.746403,1788242754.843765,-902.638,102.192,7e-05,-0.00798
26.392,1788242755.848402,1788242754.948749,-899.653,104.984,7e-05,-0.00798
26.493,1788242755.951534,1788242755.049515,-902.019,100.766,7e-05,-0.00798
26.601,1788242756.055053,1788242755.158075,-896.978,108.56,7e-05,-0.00798
26.699,1788242756.158232,1788242755.255644,-902.589,97.569,7e-05,-0.00798
26.806,1788242756.261439,1788242755.362468,-898.972,106.824,7e-05,-0.00798
26.908,1788242756.365013,1788242755.464355,-900.657,101.888,7e-05,-0.00798
27.008,1788242756.468184,1788242755.564728,-903.456,100.373,7e-05,-0.00798
27.116,1788242756.571177,1788242755.67235,-898.827,107.622,7e-05,-0.00798
27.215,1788242756.674525,1788242755.772254,-902.271,99.904,7e-05,-0.00798
27.319,1788242756.777726,1788242755.876166,-901.56,103.912,7e-05,-0.00798
27.422,1788242756.880949,1788242755.978871,-902.078,102.705,7e-05,-0.00798
27.525,1788242756.984405,1788242756.081681,-902.723,102.811,7e-05,-0.00798
27.628,1788242757.087475,1788242756.185063,-902.412,103.381,7e-05,-0.00798
27.732,1788242757.190945,1788242756.28848,-902.465,103.417,7e-05,-0.00798
27.835,1788242757.294623,1788242756.391328,-903.295,102.848,7e-05,-0.00798
27.939,1788242757.397211,1788242756.495836,-901.375,104.508,7e-05,-0.00798
28.042,1788242757.500312,1788242756.599109,-901.203,103.273,7e-05,-0.00798
28.148,1788242757.603765,1788242756.705034,-898.731,105.925,7e-05,-0.00798
28.25,1788242757.706917,1788242756.806295,-900.621,101.262,7e-05,-0.00798
28.352,1788242757.810027,1788242756.909153,-900.874,102.858,7e-05,-0.00798
28.454,1788242757.913071,1788242757.011076,-901.995,101.923,7e-05,-0.00798
28.558,1788242758.016604,1788242757.11519,-901.414,104.114,7e-05,-0.00798
28.663,1788242758.119766,1788242757.219511,-900.255,104.321,7e-05,-0.00798
28.767,1788242758.223221,1788242757.323527,-899.693,104.016,7e-05,-0.00798
28.869,1788242758.327511,1788242757.425324,-902.187,101.797,7e-05,-0.00798
28.971,1788242758.429914,1788242757.527925,-901.99,102.601,7e-05,-0.00798
29.073,1788242758.532996,1788242757.629763,-903.233,101.839,7e-05,-0.00798
29.176,1788242758.636206,1788242757.73246,-903.746,102.696,7e-05,-0.00798
29.281,1788242758.739163,1788242757.838134,-901.029,105.674,7e-05,-0.00798
29.383,1788242758.84219,1788242757.939363,-902.827,101.229,7e-05,-0.00798
29.486,1788242758.945423,1788242758.042763,-902.66,103.4,7e-05,-0.00798
29.59,1788242759.048807,1788242758.146841,-901.966,104.078,7e-05,-0.00798
29.695,1788242759.151984,1788242758.251798,-900.186,104.957,7e-05,-0.00798
29.799,1788242759.255156,1788242758.356003,-899.153,104.205,7e-05,-0.00798
29.9,1788242759.358213,1788242758.457124,-901.089,101.121,7e-05,-0.00798
30.002,1788242759.461682,1788242758.559077,-902.605,101.953,7e-05,-0.00798
30.105,1788242759.565154,1788242758.662115,-903.039,103.038,7e-05,-0.00798
30.209,1788242759.668102,1788242758.765847,-902.254,103.732,7e-05,-0.00798
30.314,1788242759.771596,1788242758.871268,-900.328,105.421,7e-05,-0.00798
30.417,1788242759.874781,1788242758.974073,-900.708,102.805,7e-05,-0.00798
30.521,1788242759.977729,1788242759.07738,-900.348,103.307,7e-05,-0.00798
30.622,1788242760.080706,1788242759.178621,-902.085,101.241,7e-05,-0.00798
30.729,1788242760.184106,1788242759.285425,-898.681,106.804,7e-05,-0.00798
30.827,1788242760.287588,1788242759.383885,-903.702,98.46,7e-05,-0.00798
30.931,1788242760.390355,1788242759.487961,-902.394,104.076,7e-05,-0.00798
31.036,1788242760.493682,1788242759.593117,-900.565,105.156,7e-05,-0.00798
31.137,1788242760.596659,1788242759.693382,-903.278,100.265,7e-05,-0.00798
31.241,1788242760.69978,1788242759.798041,-901.74,104.659,7e-05,-0.00798
31.346,1788242760.803285,1788242759.902531,-900.754,104.491,7e-05,-0.00798
31.447,1788242760.906252,1788242760.003719,-902.533,101.188,7e-05,-0.00798
31.55,1788242761.00966,1788242760.106976,-902.685,103.256,7e-05,-0.00798
31.654,1788242761.112249,1788242760.210383,-901.866,103.407,7e-05,-0.00798
31.759,1788242761.21564,1788242760.316242,-899.398,105.859,7e-05,-0.00798
31.86,1788242761.31895,1788242760.417109,-901.841,100.867,7e-05,-0.00798
31.967,1788242761.422023,1788242760.523729,-898.294,106.619,7e-05,-0.00798
32.066,1788242761.527214,1788242760.623243,-903.97,99.514,7e-05,-0.00798
32.173,1788242761.629365,1788242760.730261,-899.104,107.018,7e-05,-0.00798
32.275,1788242761.732568,1788242760.831766,-900.802,101.506,7e-05,-0.00798
32.377,1788242761.835654,1788242760.934096,-901.558,102.329,7e-05,-0.00798
32.484,1788242761.938779,1788242761.040851,-897.929,106.755,7e-05,-0.00798
32.583,1788242762.042212,1788242761.140009,-902.202,99.159,7e-05,-0.00798
32.688,1788242762.145037,1788242761.24482,-900.217,104.81,7e-05,-0.00798
32.79,1788242762.248099,1788242761.347016,-901.083,102.196,7e-05,-0.00798
32.908,1788242762.351223,1788242761.465025,-886.198,118.009,7e-05,-0.00798
32.995,1788242762.454489,1788242761.551309,-903.18,86.283,7e-05,-0.00798
33.1,1788242762.557245,1788242761.657277,-899.968,105.969,7e-05,-0.00798
33.205,1788242762.660859,1788242761.761436,-899.422,104.159,7e-05,-0.00798
33.306,1788242762.764143,1788242761.862735,-901.409,101.298,7e-05,-0.00798
33.408,1788242762.867416,1788242761.96508,-902.335,102.346,7e-05,-0.00798
33.511,1788242762.970867,1788242762.068052,-902.815,102.972,7e-05,-0.00798
33.615,1788242763.073829,1788242762.171622,-902.208,103.569,7e-05,-0.00798
33.718,1788242763.176853,1788242762.274292,-902.561,102.67,7e-05,-0.00798
33.825,1788242763.279931,1788242762.3818,-898.131,107.508,7e-05,-0.00798
33.924,1788242763.383342,1788242762.481244,-902.098,99.444,7e-05,-0.00798
34.148,1788242763.486748,1788242762.704659,-782.089,223.415,7e-05,-0.00798
34.149,1788242763.589751,1788242762.705404,-884.347,0.745,7e-05,-0.00798
34.235,1788242763.693195,1788242762.792243,-900.952,86.839,7e-05,-0.00798
34.342,1788242763.796101,1788242762.898589,-897.512,106.347,7e-05,-0.00798
34.442,1788242763.899223,1788242762.998291,-900.932,99.702,7e-05,-0.00798
34.543,1788242764.002466,1788242763.099892,-902.574,101.601,7e-05,-0.00798
34.648,1788242764.105948,1788242763.204874,-901.074,104.981,7e-05,-0.00798
34.75,1788242764.208844,1788242763.306311,-902.533,101.437,7e-05,-0.00798
34.854,1788242764.311808,1788242763.410973,-900.836,104.662,7e-05,-0.00798
34.956,1788242764.415335,1788242763.512896,-902.439,101.923,7e-05,-0.00798
35.061,1788242764.518393,1788242763.617356,-901.036,104.46,7e-05,-0.00798
35.164,1788242764.621769,1788242763.720607,-901.162,103.251,7e-05,-0.00798
35.269,1788242764.726447,1788242763.825345,-901.103,104.738,7e-05,-0.00798
35.369,1788242764.828157,1788242763.926245,-901.911,100.901,7e-05,-0.00798
35.474,1788242764.931215,1788242764.030324,-900.892,104.078,7e-05,-0.00798
35.576,1788242765.034423,1788242764.133021,-901.402,102.697,7e-05,-0.00798
35.68,1788242765.138106,1788242764.236709,-901.397,103.688,7e-05,-0.00798
35.788,1788242765.24117,1788242764.34457,-896.6,107.86,7e-05,-0.00798
35.886,1788242765.344263,1788242764.442714,-901.548,98.145,7e-05,-0.00798
35.996,1788242765.447756,1788242764.552488,-895.268,109.773,7e-05,-0.00798
36.09,1788242765.550894,1788242764.647266,-903.627,94.779,7e-05,-0.00798
36.199,1788242765.653942,1788242764.755455,-898.487,108.189,7e-05,-0.00798
36.299,1788242765.757214,1788242764.855953,-901.261,100.498,7e-05,-0.00798
36.403,1788242765.861022,1788242764.959592,-901.43,103.639,7e-05,-0.00798
36.507,1788242765.963741,1788242765.063438,-900.303,103.846,7e-05,-0.00798
36.608,1788242766.066729,1788242765.165145,-901.584,101.707,7e-05,-0.00798
36.712,1788242766.169885,1788242765.268445,-901.44,103.301,7e-05,-0.00798
36.814,1788242766.273145,1788242765.370369,-902.776,101.923,7e-05,-0.00798
36.917,1788242766.376132,1788242765.473859,-902.273,103.49,7e-05,-0.00798
37.022,1788242766.479254,1788242765.578543,-900.711,104.684,7e-05,-0.00798
37.125,1788242766.582783,1788242765.681515,-901.268,102.972,7e-05,-0.00798
37.227,1788242766.686098,1788242765.783938,-902.161,102.423,7e-05,-0.00798
37.33,1788242766.788891,1788242765.886759,-902.132,102.821,7e-05,-0.00798
37.433,1788242766.892449,1788242765.989361,-903.088,102.602,7e-05,-0.00798
37.536,1788242766.995393,1788242766.093215,-902.178,103.854,7e-05,-0.00798
37.639,1788242767.098588,1788242766.196246,-902.343,103.031,7e-05,-0.00798
37.743,1788242767.201627,1788242766.299659,-901.969,103.413,7e-05,-0.00798
37.847,1788242767.305231,1788242766.40402,-901.211,104.362,7e-05,-0.00798
37.948,1788242767.408306,1788242766.504828,-903.478,100.808,7e-05,-0.00798
38.053,1788242767.511353,1788242766.609844,-901.508,105.016,7e-05,-0.00798
38.156,1788242767.61445,1788242766.713057,-901.394,103.212,7e-05,-0.00798
38.261,1788242767.717754,1788242766.818068,-899.686,105.011,7e-05,-0.00798
38.365,1788242767.820631,1788242766.921944,-898.687,103.877,7e-05,-0.00798
38.466,1788242767.924298,1788242767.022831,-901.467,100.887,7e-05,-0.00798
38.597,1788242768.028549,1788242767.153364,-875.185,130.533,7e-05,-0.00798
38.759,1788242768.130956,1788242767.316178,-814.778,162.814,7e-05,-0.00798
38.775,1788242768.233687,1788242767.331666,-902.022,15.488,7e-05,-0.00798
38.933,1788242768.336723,1788242767.489746,-846.977,158.08,7e-05,-0.00798
39.019,1788242768.440096,1788242767.57567,-864.426,85.925,7e-05,-0.00798
39.088,1788242768.543163,1788242767.644623,-898.54,68.953,7e-05,-0.00798
39.189,1788242768.646765,1788242767.745542,-901.223,100.919,7e-05,-0.00798
39.292,1788242768.749313,1788242767.84907,-900.243,103.528,7e-05,-0.00798
39.394,1788242768.852665,1788242767.950789,-901.876,101.72,7e-05,-0.00798
39.496,1788242768.955794,1788242768.052975,-902.819,102.185,7e-05,-0.00798
39.6,1788242769.058887,1788242768.157013,-901.874,104.038,7e-05,-0.00798
39.704,1788242769.16232,1788242768.260999,-901.321,103.986,7e-05,-0.00798
39.807,1788242769.265776,1788242768.364261,-901.515,103.262,7e-05,-0.00798
39.911,1788242769.369007,1788242768.467555,-901.451,103.294,7e-05,-0.00798
40.015,1788242769.47215,1788242768.571381,-900.768,103.826,7e-05,-0.00798
40.115,1788242769.57529,1788242768.672144,-903.146,100.763,7e-05,-0.00798
40.221,1788242769.678524,1788242768.777382,-901.143,105.238,7e-05,-0.00798
40.322,1788242769.78159,1788242768.878692,-902.897,101.31,7e-05,-0.00798
40.425,1788242769.884615,1788242768.981456,-903.159,102.763,7e-05,-0.00798
40.532,1788242769.987747,1788242769.088331,-899.416,106.876,7e-05,-0.00798
40.631,1788242770.091278,1788242769.18751,-903.768,99.178,7e-05,-0.00798
40.737,1788242770.194241,1788242769.294074,-900.167,106.565,7e-05,-0.00798
40.84,1788242770.297297,1788242769.396916,-900.381,102.842,7e-05,-0.00798
40.943,1788242770.400853,1788242769.499962,-900.891,103.046,7e-05,-0.00798
41.046,1788242770.50405,1788242769.602346,-901.705,102.384,7e-05,-0.00798
41.147,1788242770.606958,1788242769.704081,-902.876,101.736,7e-05,-0.00798
41.25,1788242770.710127,1788242769.806935,-903.192,102.854,7e-05,-0.00798
41.355,1788242770.813217,1788242769.911842,-901.375,104.908,7e-05,-0.00798
41.457,1788242770.91658,1788242770.014225,-902.354,102.383,7e-05,-0.00798
41.564,1788242771.01955,1788242770.120464,-899.085,106.239,7e-05,-0.00798
41.665,1788242771.122877,1788242770.221292,-901.584,100.828,7e-05,-0.00798
41.769,1788242771.226828,1788242770.325413,-901.415,104.12,7e-05,-0.00798
41.87,1788242771.330094,1788242770.426975,-903.119,101.562,7e-05,-0.00798
41.972,1788242771.432817,1788242770.528754,-904.063,101.779,7e-05,-0.00798
42.078,1788242771.535279,1788242770.635115,-900.164,106.361,7e-05,-0.00798
42.18,1788242771.638717,1788242770.736378,-902.34,101.263,7e-05,-0.00798
42.29,1788242771.741879,1788242770.846552,-895.327,110.174,7e-05,-0.00798
42.387,1788242771.84494,1788242770.944242,-900.698,97.69,7e-05,-0.00798
42.488,1788242771.949461,1788242771.044812,-904.649,100.57,7e-05,-0.00798
42.592,1788242772.051223,1788242771.148301,-902.921,103.489,7e-05,-0.00798
42.698,1788242772.154594,1788242771.254709,-899.884,106.408,7e-05,-0.00798
42.798,1788242772.259669,1788242771.355136,-904.533,100.427,7e-05,-0.00798
42.904,1788242772.361308,1788242771.460937,-900.37,105.801,7e-05,-0.00798
43.006,1788242772.464443,1788242771.562753,-901.69,101.816,7e-05,-0.00798
43.109,1788242772.567594,1788242771.666156,-901.438,103.403,7e-05,-0.00798
43.269,1788242772.670837,1788242771.825583,-845.254,159.427,7e-05,-0.00798
43.372,1788242772.773635,1788242771.929194,-844.44,103.611,7e-05,-0.00798
43.432,1788242772.876629,1788242771.988836,-887.794,59.641,7e-05,-0.00798
43.523,1788242772.979825,1788242772.079492,-900.333,90.657,7e-05,-0.00798
43.626,1788242773.083453,1788242772.18259,-900.862,103.098,7e-05,-0.00798
43.727,1788242773.186631,1788242772.283363,-903.268,100.773,7e-05,-0.00798
43.846,1788242773.290087,1788242772.402804,-887.284,119.44,7e-05,-0.00798
43.951,1788242773.392866,1788242772.507546,-885.32,104.742,7e-05,-0.00798
44.037,1788242773.495808,1788242772.59386,-901.948,86.314,7e-05,-0.00798
44.143,1788242773.599201,1788242772.699723,-899.478,105.863,7e-05,-0.00798
44.246,1788242773.702871,1788242772.802294,-900.577,102.571,7e-05,-0.00798
44.353,1788242773.806215,1788242772.909675,-896.54,107.381,7e-05,-0.00798
44.451,1788242773.909107,1788242773.007579,-901.529,97.903,7e-05,-0.00798
44.554,1788242774.01255,1788242773.110284,-902.266,102.705,7e-05,-0.00798
44.655,1788242774.11527,1788242773.212223,-903.048,101.939,7e-05,-0.00798
44.76,1788242774.218549,1788242773.31699,-901.559,104.768,7e-05,-0.00798
44.869,1788242774.321651,1788242773.425907,-895.744,108.917,7e-05,-0.00798
44.967,1788242774.425219,1788242773.523546,-901.673,97.639,7e-05,-0.00798
45.069,1788242774.528323,1788242773.626168,-902.156,102.621,7e-05,-0.00798
45.172,1788242774.631553,1788242773.729121,-902.433,102.953,7e-05,-0.00798
45.275,1788242774.734633,1788242773.832088,-902.545,102.967,7e-05,-0.00798
45.378,1788242774.837949,1788242773.934592,-903.357,102.504,7e-05,-0.00798
45.481,1788242774.940926,1788242774.037741,-903.184,103.15,7e-05,-0.00798
45.59,1788242775.04425,1788242774.147269,-896.981,109.527,7e-05,-0.00798
45.693,1788242775.149276,1788242774.249718,-899.558,102.45,7e-05,-0.00798
45.802,1788242775.250855,1788242774.358435,-892.42,108.717,7e-05,-0.00798
45.9,1788242775.353314,1788242774.457229,-896.085,98.794,7e-05,-0.00798
46.0,1788242775.456487,1788242774.55646,-900.027,99.231,7e-05,-0.00798
46.103,1788242775.559777,1788242774.659713,-900.064,103.254,7e-05,-0.00798
46.203,1788242775.662835,1788242774.76012,-902.715,100.407,7e-05,-0.00798
46.335,1788242775.766655,1788242774.891466,-875.19,131.346,7e-05,-0.00798
46.412,1788242775.870077,1788242774.968421,-901.656,76.955,7e-05,-0.00798
46.517,1788242775.973461,1788242775.074127,-899.334,105.707,7e-05,-0.00798
46.618,1788242776.076546,1788242775.174557,-901.989,100.429,7e-05,-0.00798
46.722,1788242776.179673,1788242775.279089,-900.584,104.532,7e-05,-0.00798
46.826,1788242776.282705,1788242775.382628,-900.077,103.539,7e-05,-0.00798
46.928,1788242776.386122,1788242775.484792,-901.33,102.164,7e-05,-0.00798
47.03,1788242776.489243,1788242775.586544,-902.699,101.752,7e-05,-0.00798
47.133,1788242776.592421,1788242775.689343,-903.078,102.799,7e-05,-0.00798
47.237,1788242776.695487,1788242775.79389,-901.597,104.547,7e-05,-0.00798
47.346,1788242776.798696,1788242775.902703,-895.993,108.812,7e-05,-0.00798
47.442,1788242776.902568,1788242775.99913,-903.438,96.427,7e-05,-0.00798
47.548,1788242777.005744,1788242776.104657,-901.086,105.528,7e-05,-0.00798
47.651,1788242777.109078,1788242776.208158,-900.92,103.501,7e-05,-0.00798
47.758,1788242777.212706,1788242776.314726,-897.98,106.568,7e-05,-0.00798
47.856,1788242777.315169,1788242776.413007,-902.162,98.281,7e-05,-0.00798
47.958,1788242777.418473,1788242776.515112,-903.361,102.105,7e-05,-0.00798
48.064,1788242777.52144,1788242776.621189,-900.251,106.076,7e-05,-0.00798
48.17,1788242777.625128,1788242776.726927,-898.201,105.739,7e-05,-0.00798
48.271,1788242777.729476,1788242776.82757,-901.906,100.643,7e-05,-0.00798
48.372,1788242777.831486,1788242776.928395,-903.091,100.825,7e-05,-0.00798
48.475,1788242777.934614,1788242777.03196,-902.654,103.564,7e-05,-0.00798
48.578,1788242778.037708,1788242777.134894,-902.813,102.935,7e-05,-0.00798
48.687,1788242778.140771,1788242777.243306,-897.465,108.412,7e-05,-0.00798
48.789,1788242778.244839,1788242777.345984,-898.855,102.678,7e-05,-0.00798
48.895,1788242778.347827,1788242777.451901,-895.926,105.917,7e-05,-0.00798
48.993,1788242778.450958,1788242777.549428,-901.531,97.527,7e-05,-0.00798
49.099,1788242778.554048,1788242777.655303,-898.746,105.875,7e-05,-0.00798
49.202,1788242778.657771,1788242777.758717,-899.055,103.414,7e-05,-0.00798
49.304,1788242778.760474,1788242777.860324,-900.15,101.607,7e-05,-0.00798
49.408,1788242778.863652,1788242777.964957,-898.695,104.633,7e-05,-0.00798
49.512,1788242778.967331,1788242778.069035,-898.296,104.078,7e-05,-0.00798
49.614,1788242779.070291,1788242778.170395,-899.895,101.361,7e-05,-0.00798
49.721,1788242779.173553,1788242778.277995,-895.557,107.6,7e-05,-0.00798
49.819,1788242779.276767,1788242778.37537,-901.397,97.375,7e-05,-0.00798
49.921,1788242779.379808,1788242778.477968,-901.841,102.597,7e-05,-0.00798
50.03,1788242779.482877,1788242778.586343,-896.535,108.375,7e-05,-0.00798
50.127,1788242779.586383,1788242778.684253,-902.131,97.91,7e-05,-0.00798
50.231,1788242779.689348,1788242778.788066,-901.282,103.814,7e-05,-0.00798
50.334,1788242779.792312,1788242778.890823,-901.489,102.757,7e-05,-0.00798
50.438,1788242779.895527,1788242778.994733,-900.795,103.91,7e-05,-0.00798
50.543,1788242779.998762,1788242779.099385,-899.377,104.652,7e-05,-0.00798
50.645,1788242780.101859,1788242779.201869,-899.99,102.485,7e-05,-0.00798
50.751,1788242780.205225,1788242779.308037,-897.188,106.168,7e-05,-0.00798
50.852,1788242780.309267,1788242779.40886,-900.407,100.823,7e-05,-0.00798
50.952,1788242780.411847,1788242779.509268,-902.579,100.408,7e-05,-0.00798
51.056,1788242780.514791,1788242779.613269,-901.522,104.002,7e-05,-0.00798
51.159,1788242780.617491,1788242779.715308,-902.184,102.039,7e-05,-0.00798
51.267,1788242780.721085,1788242779.823305,-897.78,107.997,7e-05,-0.00798
51.368,1788242780.824963,1788242779.92495,-900.013,101.645,7e-05,-0.00798
51.469,1788242780.927958,1788242780.026162,-901.797,101.212,7e-05,-0.00798
51.575,1788242781.031119,1788242780.131446,-899.673,105.284,7e-05,-0.00798
51.676,1788242781.13431,1788242780.23233,-901.981,100.884,7e-05,-0.00798
51.778,1788242781.237146,1788242780.334751,-902.395,102.421,7e-05,-0.00798
51.886,1788242781.340344,1788242780.442337,-898.007,107.586,7e-05,-0.00798
51.985,1788242781.443387,1788242780.541437,-901.95,99.1,7e-05,-0.00798
52.089,1788242781.546647,1788242780.645881,-900.766,104.444,7e-05,-0.00798
52.193,1788242781.651158,1788242780.749967,-901.191,104.086,7e-05,-0.00798
52.294,1788242781.752924,1788242780.850859,-902.065,100.892,7e-05,-0.00798
52.4,1788242781.856028,1788242780.956537,-899.491,105.678,7e-05,-0.00798
52.534,1788242781.959614,1788242781.090816,-868.798,134.28,7e-05,-0.00798
52.605,1788242782.062592,1788242781.161707,-900.886,70.89,7e-05,-0.00798
52.707,1788242782.166628,1788242781.264188,-902.44,102.481,7e-05,-0.00798
52.811,1788242782.269363,1788242781.368076,-901.287,103.889,7e-05,-0.00798
52.913,1788242782.372492,1788242781.470176,-902.315,102.1,7e-05,-0.00798
53.018,1788242782.475531,1788242781.574605,-900.926,104.429,7e-05,-0.00798
53.123,1788242782.578985,1788242781.679682,-899.304,105.076,7e-05,-0.00798
53.227,1788242782.682015,1788242781.784002,-898.014,104.32,7e-05,-0.00798
53.326,1788242782.785494,1788242781.882494,-903.0,98.492,7e-05,-0.00798
53.428,1788242782.888715,1788242781.985142,-903.573,102.648,7e-05,-0.00798
53.532,1788242782.991644,1788242782.089178,-902.466,104.035,7e-05,-0.00798
53.637,1788242783.094907,1788242782.193628,-901.279,104.45,7e-05,-0.00798
53.741,1788242783.198111,1788242782.298212,-899.899,104.584,7e-05,-0.00798
53.844,1788242783.301158,1788242782.40072,-900.438,102.508,7e-05,-0.00798
53.945,1788242783.404268,1788242782.502208,-902.06,101.488,7e-05,-0.00798
54.051,1788242783.50783,1788242782.607366,-900.465,105.158,7e-05,-0.00798
54.151,1788242783.611536,1788242782.707821,-903.715,100.455,7e-05,-0.00798
54.282,1788242783.714207,1788242782.838367,-875.84,130.546,7e-05,-0.00798
54.361,1788242783.817436,1788242782.917545,-899.89,79.178,7e-05,-0.00798
54.463,1788242783.920625,1788242783.019446,-901.179,101.901,7e-05,-0.00798
54.567,1788242784.023928,1788242783.124202,-899.726,104.756,7e-05,-0.00798
54.671,1788242784.128305,1788242783.227682,-900.623,103.479,7e-05,-0.00798
54.772,1788242784.230324,1788242783.329106,-901.218,101.424,7e-05,-0.00798
54.873,1788242784.333217,1788242783.429593,-903.624,100.487,7e-05,-0.00798
55.013,1788242784.436239,1788242783.570059,-866.179,140.466,7e-05,-0.00798
55.12,1788242784.541127,1788242783.676448,-864.679,106.389,7e-05,-0.00798
55.216,1788242784.642647,1788242783.772366,-870.281,95.918,7e-05,-0.00798
55.287,1788242784.746228,1788242783.843643,-902.585,71.277,7e-05,-0.00798
55.394,1788242784.849309,1788242783.950351,-898.958,106.708,7e-05,-0.00798
55.493,1788242784.952437,1788242784.049379,-903.057,99.028,7e-05,-0.00798
55.597,1788242785.055709,1788242784.153653,-902.056,104.274,7e-05,-0.00798
55.701,1788242785.158783,1788242784.257307,-901.476,103.654,7e-05,-0.00798
55.804,1788242785.261994,1788242784.360409,-901.585,103.102,7e-05,-0.00798
55.906,1788242785.365049,1788242784.462542,-902.507,102.133,7e-05,-0.00798
56.008,1788242785.468151,1788242784.564865,-903.286,102.323,7e-05,-0.00798
56.115,1788242785.571167,1788242784.671392,-899.775,106.527,7e-05,-0.00798
56.215,1788242785.674843,1788242784.77214,-902.703,100.748,7e-05,-0.00798
56.319,1788242785.777816,1788242784.876137,-901.679,103.997,7e-05,-0.00798
56.425,1788242785.880771,1788242784.981655,-899.115,105.519,7e-05,-0.00798
56.526,1788242785.984704,1788242785.082793,-901.91,101.138,7e-05,-0.00798
56.629,1788242786.087326,1788242785.185562,-901.765,102.768,7e-05,-0.00798
56.733,1788242786.190459,1788242785.289971,-900.489,104.409,7e-05,-0.00798
56.839,1788242786.29362,1788242785.395357,-898.263,105.386,7e-05,-0.00798
56.938,1788242786.396639,1788242785.494502,-902.137,99.144,7e-05,-0.00798
57.041,1788242786.499986,1788242785.597678,-902.309,103.176,7e-05,-0.00798
57.146,1788242786.603528,1788242785.703246,-900.282,105.568,7e-05,-0.00798
57.249,1788242786.706666,1788242785.805412,-901.255,102.166,7e-05,-0.00798
57.356,1788242786.810941,1788242785.912531,-898.41,107.119,7e-05,-0.00798
57.455,1788242786.912915,1788242786.012097,-900.818,99.566,7e-05,-0.00798
57.558,1788242787.016141,1788242786.114715,-901.426,102.618,7e-05,-0.00798
57.662,1788242787.120297,1788242786.218448,-901.849,103.733,7e-05,-0.00798
57.828,1788242787.22349,1788242786.384941,-838.549,166.493,7e-05,-0.00798
57.932,1788242787.32645,1788242786.489069,-837.382,104.128,7e-05,-0.00798
58.024,1788242787.429239,1788242786.58069,-848.548,91.622,7e-05,-0.00798
58.09,1788242787.532419,1788242786.646807,-885.613,66.116,7e-05,-0.00798
58.176,1788242787.6357,1788242786.732506,-903.194,85.699,7e-05,-0.00798
58.28,1788242787.739395,1788242786.837277,-902.117,104.771,7e-05,-0.00798
58.383,1788242787.842543,1788242786.939779,-902.764,102.502,7e-05,-0.00798
58.553,1788242787.946154,1788242787.109727,-836.427,169.948,7e-05,-0.00798
58.626,1788242788.049126,1788242787.183136,-865.99,73.41,7e-05,-0.00798
58.72,1788242788.153034,1788242787.276632,-876.402,93.496,7e-05,-0.00798
58.795,1788242788.255507,1788242787.352033,-903.474,75.401,7e-05,-0.00798
58.904,1788242788.359061,1788242787.4609,-898.161,108.867,7e-05,-0.00798
59.003,1788242788.462848,1788242787.559814,-903.034,98.914,7e-05,-0.00798
59.116,1788242788.565753,1788242787.672478,-893.275,112.664,7e-05,-0.00798
59.209,1788242788.668865,1788242787.765598,-903.267,93.12,7e-05,-0.00798
59.315,1788242788.772336,1788242787.871761,-900.575,106.163,7e-05,-0.00798
59.417,1788242788.875693,1788242787.974135,-901.559,102.373,7e-05,-0.00798
59.576,1788242788.978358,1788242788.132951,-845.407,158.816,7e-05,-0.00798
59.721,1788242789.081743,1788242788.27733,-804.413,144.38,7e-05,-0.00798
59.859,1788242789.184818,1788242788.415928,-768.89,138.597,7e-05,-0.00798
59.884,1788242789.287953,1788242788.441204,-846.749,25.276,7e-05,-0.00798
59.954,1788242789.391461,1788242788.511237,-880.225,70.032,7e-05,-0.00798
60.036,1788242789.494584,1788242788.592914,-901.67,81.678,7e-05,-0.00798
60.141,1788242789.598082,1788242788.698063,-900.02,105.148,7e-05,-0.00798
60.242,1788242789.701836,1788242788.798757,-903.079,100.694,7e-05,-0.00798
60.346,1788242789.805105,1788242788.902703,-902.402,103.946,7e-05,-0.00798
60.449,1788242789.908305,1788242789.005638,-902.667,102.935,7e-05,-0.00798
60.556,1788242790.011398,1788242789.112626,-898.772,106.988,7e-05,-0.00798
60.655,1788242790.114691,1788242789.211935,-902.756,99.309,7e-05,-0.00798
60.758,1788242790.218824,1788242789.315225,-903.599,103.29,7e-05,-0.00798
60.865,1788242790.321056,1788242789.421839,-899.217,106.614,7e-05,-0.00798
60.967,1788242790.424612,1788242789.523469,-901.143,101.63,7e-05,-0.00798
61.069,1788242790.528115,1788242789.626045,-902.069,102.577,7e-05,-0.00798
61.172,1788242790.631562,1788242789.728863,-902.699,102.818,7e-05,-0.00798
61.278,1788242790.734657,1788242789.835097,-899.559,106.234,7e-05,-0.00798
61.38,1788242790.838654,1788242789.937052,-901.602,101.955,7e-05,-0.00798
61.485,1788242790.941242,1788242790.041865,-899.377,104.812,7e-05,-0.00798
61.585,1788242791.044447,1788242790.14174,-902.707,99.875,7e-05,-0.00798
61.688,1788242791.147812,1788242790.244764,-903.048,103.024,7e-05,-0.00798
61.793,1788242791.250955,1788242790.34938,-901.575,104.616,7e-05,-0.00798
61.895,1788242791.354031,1788242790.451722,-902.309,102.342,7e-05,-0.00798
62.002,1788242791.45732,1788242790.558721,-898.599,107.0,7e-05,-0.00798
62.104,1788242791.560599,1788242790.660637,-899.962,101.915,7e-05,-0.00798
62.209,1788242791.663816,1788242790.76567,-898.146,105.034,7e-05,-0.00798
62.314,1788242791.767256,1788242790.871177,-896.079,105.507,7e-05,-0.00798
62.472,1788242791.870344,1788242791.028376,-841.968,157.199,7e-05,-0.00798
62.517,1788242791.97385,1788242791.074094,-899.756,45.717,7e-05,-0.00798
62.623,1788242792.077002,1788242791.180037,-896.964,105.944,7e-05,-0.00798
62.721,1788242792.180036,1788242791.278094,-901.942,98.057,7e-05,-0.00798
62.828,1788242792.283251,1788242791.38489,-898.362,106.796,7e-05,-0.00798
62.927,1788242792.386975,1788242791.483587,-903.388,98.698,7e-05,-0.00798
63.035,1788242792.49061,1788242791.592138,-898.472,108.551,7e-05,-0.00798
63.134,1788242792.593477,1788242791.690367,-903.109,98.229,7e-05,-0.00798
63.237,1788242792.69641,1788242791.793767,-902.643,103.4,7e-05,-0.00798
63.342,1788242792.799549,1788242791.89906,-900.488,105.294,7e-05,-0.00798
63.444,1788242792.902924,1788242792.000548,-902.376,101.487,7e-05,-0.00798
63.547,1788242793.005929,1788242792.103691,-902.238,103.143,7e-05,-0.00798
63.65,1788242793.109043,1788242792.206377,-902.665,102.686,7e-05,-0.00798
63.753,1788242793.212152,1788242792.30929,-902.863,102.912,7e-05,-0.00798
63.856,1788242793.315394,1788242792.412429,-902.965,103.139,7e-05,-0.00798
63.968,1788242793.418577,1788242792.524447,-894.13,112.018,7e-05,-0.00798
64.065,1788242793.521579,1788242792.622188,-899.391,97.741,7e-05,-0.00798
64.166,1788242793.625316,1788242792.722288,-903.028,100.1,7e-05,-0.00798
64.271,1788242793.728421,1788242792.828253,-900.169,105.964,7e-05,-0.00798
64.372,1788242793.832223,1788242792.929117,-903.106,100.864,7e-05,-0.00798
64.475,1788242793.934881,1788242793.031863,-903.019,102.746,7e-05,-0.00798
64.578,1788242794.037603,1788242793.135061,-902.543,103.198,7e-05,-0.00798
64.681,1788242794.14067,1788242793.237488,-903.182,102.427,7e-05,-0.00798
64.785,1788242794.243858,1788242793.341506,-902.352,104.018,7e-05,-0.00798
64.889,1788242794.347094,1788242793.446172,-900.922,104.666,7e-05,-0.00798
64.992,1788242794.451255,1788242793.548387,-902.868,102.215,7e-05,-0.00798
65.093,1788242794.553794,1788242793.650136,-903.658,101.748,7e-05,-0.00798
65.196,1788242794.656743,1788242793.753272,-903.47,103.137,7e-05,-0.00798
65.303,1788242794.759689,1788242793.860142,-899.548,106.869,7e-05,-0.00798
65.404,1788242794.862788,1788242793.961232,-901.556,101.091,7e-05,-0.00798
65.507,1788242794.966466,1788242794.064196,-902.27,102.964,7e-05,-0.00798
65.613,1788242795.069567,1788242794.169627,-899.941,105.43,7e-05,-0.00798
65.716,1788242795.172521,1788242794.272973,-899.549,103.346,7e-05,-0.00798
65.816,1788242795.275534,1788242794.373149,-902.385,100.177,7e-05,-0.00798
65.919,1788242795.378917,1788242794.476159,-902.758,103.009,7e-05,-0.00798
66.023,1788242795.482044,1788242794.579458,-902.586,103.299,7e-05,-0.00798
66.126,1788242795.585087,1788242794.683067,-902.02,103.61,7e-05,-0.00798
66.229,1788242795.688578,1788242794.785572,-903.006,102.505,7e-05,-0.00798
66.332,1788242795.792179,1788242794.888503,-903.676,102.931,7e-05,-0.00798
66.436,1788242795.894862,1788242794.992996,-901.866,104.493,7e-05,-0.00798
66.539,1788242795.997931,1788242795.096034,-901.897,103.038,7e-05,-0.00798
66.642,1788242796.100994,1788242795.19855,-902.444,102.516,7e-05,-0.00798
66.748,1788242796.204015,1788242795.304701,-899.315,106.151,7e-05,-0.00798
66.847,1788242796.307111,1788242795.404013,-903.098,99.313,7e-05,-0.00798
66.952,1788242796.41042,1788242795.509107,-901.314,105.094,7e-05,-0.00798
67.054,1788242796.515471,1788242795.610601,-904.871,101.494,7e-05,-0.00798
67.161,1788242796.617112,1788242795.718068,-899.044,107.468,7e-05,-0.00798
67.263,1788242796.720006,1788242795.820123,-899.883,102.055,7e-05,-0.00798
67.365,1788242796.823065,1788242795.921619,-901.447,101.495,7e-05,-0.00798
67.466,1788242796.926335,1788242796.022663,-903.672,101.044,7e-05,-0.00798
67.572,1788242797.029312,1788242796.128992,-900.32,106.329,7e-05,-0.00798
67.673,1788242797.132998,1788242796.230091,-902.907,101.099,7e-05,-0.00798
67.776,1788242797.23595,1788242796.333247,-902.703,103.156,7e-05,-0.00798
67.879,1788242797.338989,1788242796.436175,-902.814,102.928,7e-05,-0.00798
67.985,1788242797.44237,1788242796.541504,-900.866,105.329,7e-05,-0.00798
68.086,1788242797.545367,1788242796.642896,-902.471,101.393,7e-05,-0.00798
68.189,1788242797.648359,1788242796.745483,-902.876,102.587,7e-05,-0.00798
68.293,1788242797.751747,1788242796.849818,-901.93,104.334,7e-05,-0.00798
68.396,1788242797.854861,1788242796.952623,-902.239,102.805,7e-05,-0.00798
68.499,1788242797.957848,1788242797.056125,-901.724,103.502,7e-05,-0.00798
68.602,1788242798.060909,1788242797.158773,-902.136,102.648,7e-05,-0.00798
68.866,1788242798.164831,1788242797.422937,-741.894,264.164,7e-05,-0.00798
68.867,1788242798.267102,1788242797.423415,-843.687,0.479,7e-05,-0.00798
68.914,1788242798.370692,1788242797.470396,-900.296,46.981,7e-05,-0.00798
69.047,1788242798.47394,1788242797.603342,-870.599,132.946,7e-05,-0.00798
69.12,1788242798.576907,1788242797.676326,-900.582,72.984,7e-05,-0.00798
69.221,1788242798.680007,1788242797.777912,-902.094,101.587,7e-05,-0.00798
69.324,1788242798.783133,1788242797.880881,-902.252,102.969,7e-05,-0.00798
69.428,1788242798.886754,1788242797.984523,-902.23,103.642,7e-05,-0.00798
69.531,1788242798.989642,1788242798.087766,-901.876,103.242,7e-05,-0.00798
69.633,1788242799.092739,1788242798.189554,-903.185,101.788,7e-05,-0.00798
69.737,1788242799.195701,1788242798.293669,-902.031,104.115,7e-05,-0.00798
69.841,1788242799.299114,1788242798.397461,-901.653,103.792,7e-05,-0.00798
69.944,1788242799.40214,1788242798.501105,-901.035,103.644,7e-05,-0.00798
70.047,1788242799.505816,1788242798.603357,-902.46,102.252,7e-05,-0.00798
70.15,1788242799.608877,1788242798.706694,-902.183,103.338,7e-05,-0.00798
70.255,1788242799.712106,1788242798.811418,-900.688,104.724,7e-05,-0.00798
70.36,1788242799.816354,1788242798.916731,-899.624,105.313,7e-05,-0.00798
70.464,1788242799.918708,1788242799.020533,-898.175,103.802,7e-05,-0.00798
70.567,1788242800.021884,1788242799.124255,-897.629,103.722,7e-05,-0.00798
70.666,1788242800.124984,1788242799.223192,-901.792,98.937,7e-05,-0.00798
70.768,1788242800.228006,1788242799.325091,-902.915,101.899,7e-05,-0.00798
70.889,1788242800.330967,1788242799.4461,-884.867,121.009,7e-05,-0.00798
70.976,1788242800.433917,1788242799.533036,-900.881,86.936,7e-05,-0.00798
71.084,1788242800.537124,1788242799.641045,-896.079,108.009,7e-05,-0.00798
71.18,1788242800.640406,1788242799.736799,-903.607,95.754,7e-05,-0.00798
71.284,1788242800.743315,1788242799.841107,-902.207,104.308,7e-05,-0.00798
71.387,1788242800.846707,1788242799.94394,-902.767,102.833,7e-05,-0.00798
71.49,1788242800.949828,1788242800.046556,-903.273,102.616,7e-05,-0.00798
71.597,1788242801.052971,1788242800.15348,-899.491,106.925,7e-05,-0.00798
71.696,1788242801.156073,1788242800.253145,-902.928,99.664,7e-05,-0.00798
71.803,1788242801.259045,1788242800.360103,-898.942,106.958,7e-05,-0.00798
71.904,1788242801.36268,1788242800.461243,-901.438,101.14,7e-05,-0.00798
72.008,1788242801.466804,1788242800.564951,-901.853,103.708,7e-05,-0.00798
72.112,1788242801.56911,1788242800.668403,-900.707,103.452,7e-05,-0.00798
72.212,1788242801.672549,1788242800.768795,-903.754,100.392,7e-05,-0.00798
72.316,1788242801.775687,1788242800.872332,-903.355,103.537,7e-05,-0.00798
72.421,1788242801.879057,1788242800.97774,-901.317,105.408,7e-05,-0.00798
72.523,1788242801.982205,1788242801.080244,-901.961,102.504,7e-05,-0.00798
72.627,1788242802.085591,1788242801.183302,-902.29,103.058,7e-05,-0.00798
72.73,1788242802.188504,1788242801.286411,-902.092,103.11,7e-05,-0.00798
72.831,1788242802.291733,1788242801.388079,-903.654,101.668,7e-05,-0.00798
72.935,1788242802.39488,1788242801.491367,-903.513,103.287,7e-05,-0.00798
73.038,1788242802.498011,1788242801.595165,-902.846,103.799,7e-05,-0.00798
73.145,1788242802.601003,1788242801.701342,-899.661,106.177,7e-05,-0.00798
73.245,1788242802.704291,1788242801.801523,-902.768,100.181,7e-05,-0.00798
73.352,1788242802.807575,1788242801.908649,-898.926,107.126,7e-05,-0.00798
73.455,1788242802.910899,1788242802.011956,-898.943,103.307,7e-05,-0.00798
73.557,1788242803.013871,1788242802.113469,-900.402,101.513,7e-05,-0.00798
73.674,1788242803.116951,1788242802.230908,-886.044,117.439,7e-05,-0.00798
73.776,1788242803.220088,1788242802.33287,-887.218,101.962,7e-05,-0.00798
73.865,1788242803.323198,1788242802.421306,-901.892,88.436,7e-05,-0.00798
73.967,1788242803.426788,1788242802.523875,-902.913,102.569,7e-05,-0.00798
74.069,1788242803.529628,1788242802.626219,-903.409,102.344,7e-05,-0.00798
74.172,1788242803.632635,1788242802.728942,-903.693,102.723,7e-05,-0.00798
74.279,1788242803.735733,1788242802.835386,-900.347,106.443,7e-05,-0.00798
74.379,1788242803.838785,1788242802.935592,-903.193,100.207,7e-05,-0.00798
74.483,1788242803.94182,1788242803.039762,-902.058,104.17,7e-05,-0.00798
74.586,1788242804.044989,1788242803.143041,-901.948,103.279,7e-05,-0.00798
74.69,1788242804.148453,1788242803.246672,-901.782,103.631,7e-05,-0.00798
74.792,1788242804.251501,1788242803.349146,-902.355,102.474,7e-05,-0.00798
74.909,1788242804.354669,1788242803.46532,-889.349,116.174,7e-05,-0.00798
74.998,1788242804.457736,1788242803.554357,-903.379,89.037,7e-05,-0.00798
75.101,1788242804.560843,1788242803.658224,-902.619,103.867,7e-05,-0.00798
75.208,1788242804.663951,1788242803.76514,-898.81,106.916,7e-05,-0.00798
75.309,1788242804.767378,1788242803.866235,-901.143,101.095,7e-05,-0.00798
75.418,1788242804.870948,1788242803.974311,-896.637,108.076,7e-05,-0.00798
75.521,1788242804.974119,1788242804.07822,-895.899,103.91,7e-05,-0.00798
75.618,1788242805.077137,1788242804.175245,-901.892,97.025,7e-05,-0.00798
75.731,1788242805.180537,1788242804.288053,-892.484,112.808,7e-05,-0.00798
75.827,1788242805.283581,1788242804.38398,-899.601,95.927,7e-05,-0.00798
75.928,1788242805.386723,1788242804.484793,-901.93,100.813,7e-05,-0.00798
76.034,1788242805.489767,1788242804.590878,-898.889,106.085,7e-05,-0.00798
76.135,1788242805.592785,1788242804.691919,-900.867,101.04,7e-05,-0.00798
76.237,1788242805.695992,1788242804.793966,-902.026,102.047,7e-05,-0.00798
76.34,1788242805.799453,1788242804.896319,-903.134,102.353,7e-05,-0.00798
76.443,1788242805.902458,1788242805.000021,-902.437,103.702,7e-05,-0.00798
76.549,1788242806.005834,1788242805.105308,-900.527,105.287,7e-05,-0.00798
76.651,1788242806.109041,1788242805.207766,-901.275,102.458,7e-05,-0.00798
76.753,1788242806.213323,1788242805.310042,-903.28,102.276,7e-05,-0.00798
76.856,1788242806.315262,1788242805.413045,-902.217,103.003,7e-05,-0.00798
76.96,1788242806.418625,1788242805.516342,-902.283,103.297,7e-05,-0.00798
77.064,1788242806.521635,1788242805.621094,-900.54,104.753,7e-05,-0.00798
77.166,1788242806.625126,1788242805.723173,-901.953,102.078,7e-05,-0.00798
77.268,1788242806.728719,1788242805.824801,-903.918,101.628,7e-05,-0.00798
77.371,1788242806.831449,1788242805.927807,-903.642,103.006,7e-05,-0.00798
77.474,1788242806.934614,1788242806.030947,-903.666,103.141,7e-05,-0.00798
77.578,1788242807.037745,1788242806.135094,-902.651,104.147,7e-05,-0.00798
77.682,1788242807.141084,1788242806.238993,-902.091,103.899,7e-05,-0.00798
77.789,1788242807.244228,1788242806.346205,-898.023,107.211,7e-05,-0.00798
77.886,1788242807.349424,1788242806.442362,-907.062,96.157,7e-05,-0.00798
77.995,1788242807.449526,1788242806.552011,-897.516,109.649,7e-05,-0.00798
78.096,1788242807.554291,1788242806.652328,-901.963,100.317,7e-05,-0.00798
78.198,1788242807.656794,1788242806.7548,-901.994,102.472,7e-05,-0.00798
78.3,1788242807.760627,1788242806.85708,-903.547,102.281,7e-05,-0.00798
78.405,1788242807.863402,1788242806.962166,-901.236,105.086,7e-05,-0.00798
78.51,1788242807.967072,1788242807.066683,-900.389,104.517,7e-05,-0.00798
78.61,1788242808.070362,1788242807.166877,-903.485,100.194,7e-05,-0.00798
78.715,1788242808.173094,1788242807.271559,-901.534,104.683,7e-05,-0.00798
78.82,1788242808.277872,1788242807.376651,-901.221,105.092,7e-05,-0.00798
78.94,1788242808.379637,1788242807.497205,-882.432,120.553,7e-05,-0.00798
79.026,1788242808.483345,1788242807.582411,-900.933,85.207,7e-05,-0.00798
79.126,1788242808.586162,1788242807.683037,-903.125,100.626,7e-05,-0.00798
79.23,1788242808.689402,1788242807.786891,-902.512,103.853,7e-05,-0.00798
79.334,1788242808.792362,1788242807.890649,-901.713,103.759,7e-05,-0.00798
79.436,1788242808.895841,1788242807.992631,-903.21,101.982,7e-05,-0.00798
79.541,1788242808.998913,1788242808.097347,-901.566,104.715,7e-05,-0.00798
79.642,1788242809.102246,1788242808.198741,-903.505,101.395,7e-05,-0.00798
79.747,1788242809.205524,1788242808.304129,-901.394,105.388,7e-05,-0.00798
79.849,1788242809.309859,1788242808.405865,-903.995,101.735,7e-05,-0.00798
79.952,1788242809.412111,1788242808.508526,-903.585,102.661,7e-05,-0.00798
80.056,1788242809.514873,1788242808.613077,-901.795,104.551,7e-05,-0.00798
80.16,1788242809.618575,1788242808.716567,-902.008,103.49,7e-05,-0.00798
80.265,1788242809.72166,1788242808.821774,-899.886,105.207,7e-05,-0.00798
80.365,1788242809.825542,1788242808.922222,-903.321,100.448,7e-05,-0.00798
80.471,1788242809.928565,1788242809.028087,-900.478,105.865,7e-05,-0.00798
80.575,1788242810.032505,1788242809.131482,-901.023,103.395,7e-05,-0.00798
80.677,1788242810.134627,1788242809.234012,-900.615,102.53,7e-05,-0.00798
80.778,1788242810.237535,1788242809.334716,-902.819,100.704,7e-05,-0.00798
80.91,1788242810.340718,1788242809.4663,-874.418,131.585,7e-05,-0.00798
80.986,1788242810.44394,1788242809.542906,-901.034,76.606,7e-05,-0.00798
81.087,1788242810.54753,1788242809.644209,-903.321,101.303,7e-05,-0.00798
81.192,1788242810.650432,1788242809.748743,-901.69,104.534,7e-05,-0.00798
81.294,1788242810.754549,1788242809.851048,-903.502,102.305,7e-05,-0.00798
81.399,1788242810.857069,1788242809.955719,-901.351,104.671,7e-05,-0.00798
81.5,1788242810.960196,1788242810.056668,-903.528,100.949,7e-05,-0.00798
81.606,1788242811.063125,1788242810.162751,-900.374,106.083,7e-05,-0.00798
81.707,1788242811.167048,1788242810.263619,-903.429,100.868,7e-05,-0.00798
81.811,1788242811.269598,1788242810.368011,-901.586,104.392,7e-05,-0.00798
81.913,1788242811.372537,1788242810.469599,-902.938,101.588,7e-05,-0.00798
82.019,1788242811.475817,1788242810.5759,-899.917,106.301,7e-05,-0.00798
82.118,1788242811.578707,1788242810.67506,-903.646,99.16,7e-05,-0.00798
82.227,1788242811.68174,1788242810.784062,-897.678,109.002,7e-05,-0.00798
82.364,1788242811.785891,1788242810.920291,-865.6,136.229,7e-05,-0.00798
82.467,1788242811.888219,1788242811.023944,-864.275,103.653,7e-05,-0.00798
82.556,1788242811.991174,1788242811.112296,-878.878,88.352,7e-05,-0.00798
82.637,1788242812.0943,1788242811.193428,-900.872,81.131,7e-05,-0.00798
82.74,1788242812.197934,1788242811.296768,-901.166,103.34,7e-05,-0.00798
82.845,1788242812.301385,1788242811.402073,-899.312,105.305,7e-05,-0.00798
82.944,1788242812.40454,1788242811.501185,-903.355,99.112,7e-05,-0.00798
83.048,1788242812.507624,1788242811.604975,-902.648,103.79,7e-05,-0.00798
83.15,1788242812.610614,1788242811.707077,-903.538,102.101,7e-05,-0.00798
83.285,1788242812.713784,1788242811.842047,-871.736,134.971,7e-05,-0.00798
83.365,1788242812.817288,1788242811.92222,-895.068,80.173,7e-05,-0.00798
83.471,1788242812.920525,1788242812.02761,-892.915,105.39,7e-05,-0.00798
83.597,1788242813.02422,1788242812.153648,-870.571,126.039,7e-05,-0.00798
83.67,1788242813.128384,1788242812.226824,-901.56,73.176,7e-05,-0.00798
83.815,1788242813.230149,1788242812.371372,-858.777,144.547,7e-05,-0.00798
84.018,1788242813.333115,1788242812.575065,-758.049,203.694,7e-05,-0.00798
84.019,1788242813.436371,1788242812.575497,-860.873,0.432,7e-05,-0.00798
84.084,1788242813.539868,1788242812.641119,-898.749,65.622,7e-05,-0.00798
84.185,1788242813.642662,1788242812.741742,-900.919,100.623,7e-05,-0.00798
84.288,1788242813.745856,1788242812.844532,-901.324,102.79,7e-05,-0.00798
84.389,1788242813.849552,1788242812.946233,-903.318,101.701,7e-05,-0.00798
84.5,1788242813.951958,1788242813.056405,-895.553,110.172,7e-05,-0.00798
84.597,1788242814.055346,1788242813.153607,-901.739,97.202,7e-05,-0.00798
84.699,1788242814.159011,1788242813.255722,-903.289,102.115,7e-05,-0.00798
84.808,1788242814.261728,1788242813.364786,-896.941,109.064,7e-05,-0.00798
84.924,1788242814.364965,1788242813.48127,-883.695,116.483,7e-05,-0.00798
85.009,1788242814.467868,1788242813.565786,-902.081,84.517,7e-05,-0.00798
85.115,1788242814.571457,1788242813.671675,-899.782,105.888,7e-05,-0.00798
85.216,1788242814.674995,1788242813.773276,-901.72,101.601,7e-05,-0.00798
85.318,1788242814.778095,1788242813.875259,-902.836,101.983,7e-05,-0.00798
85.423,1788242814.881202,1788242813.979876,-901.327,104.617,7e-05,-0.00798
85.557,1788242814.984283,1788242814.113425,-870.857,133.55,7e-05,-0.00798
85.696,1788242815.087539,1788242814.253227,-834.312,139.801,7e-05,-0.00798
85.754,1788242815.190602,1788242814.310651,-879.951,57.424,7e-05,-0.00798
85.836,1788242815.293737,1788242814.392453,-901.284,81.802,7e-05,-0.00798
85.939,1788242815.39734,1788242814.495513,-901.826,103.06,7e-05,-0.00798
86.042,1788242815.500966,1788242814.598735,-902.232,103.221,7e-05,-0.00798
86.147,1788242815.603696,1788242814.703723,-899.973,104.989,7e-05,-0.00798
86.248,1788242815.707485,1788242814.805156,-902.328,101.433,7e-05,-0.00798
86.353,1788242815.810495,1788242814.910056,-900.439,104.899,7e-05,-0.00798
86.456,1788242815.913493,1788242815.012382,-901.111,102.326,7e-05,-0.00798
86.563,1788242816.016678,1788242815.120179,-896.498,107.797,7e-05,-0.00798
86.665,1788242816.120311,1788242815.221844,-898.468,101.665,7e-05,-0.00798
86.767,1788242816.223439,1788242815.323732,-899.707,101.889,7e-05,-0.00798
86.881,1788242816.328644,1788242815.438225,-890.419,114.492,7e-05,-0.00798
86.971,1788242816.42949,1788242815.527637,-901.853,89.413,7e-05,-0.00798
87.077,1788242816.532965,1788242815.633453,-899.513,105.815,7e-05,-0.00798
87.178,1788242816.635934,1788242815.734879,-901.055,101.427,7e-05,-0.00798
87.285,1788242816.738912,1788242815.842153,-896.759,107.274,7e-05,-0.00798
87.383,1788242816.842126,1788242815.939481,-902.645,97.328,7e-05,-0.00798
87.491,1788242816.945059,1788242816.047397,-897.662,107.915,7e-05,-0.00798
87.588,1788242817.048492,1788242816.144745,-903.747,97.348,7e-05,-0.00798
87.695,1788242817.151383,1788242816.252153,-899.23,107.408,7e-05,-0.00798
87.804,1788242817.255077,1788242816.360988,-894.089,108.835,7e-05,-0.00798
87.897,1788242817.358355,1788242816.453889,-904.467,92.9,7e-05,-0.00798
88.0,1788242817.46042,1788242816.556479,-903.941,102.59,7e-05,-0.00798
88.105,1788242817.563593,1788242816.661687,-901.906,105.208,7e-05,-0.00798
88.21,1788242817.667349,1788242816.766476,-900.873,104.789,7e-05,-0.00798
88.31,1788242817.770565,1788242816.86646,-904.105,99.984,7e-05,-0.00798
88.414,1788242817.873563,1788242816.970984,-902.579,104.524,7e-05,-0.00798
88.579,1788242817.976524,1788242817.135423,-841.101,164.439,7e-05,-0.00798
88.693,1788242818.079665,1788242817.249395,-830.27,113.972,7e-05,-0.00798
88.744,1788242818.183454,1788242817.300721,-882.733,51.325,7e-05,-0.00798
88.831,1788242818.285835,1788242817.388076,-897.759,87.355,7e-05,-0.00798
88.933,1788242818.389453,1788242817.489311,-900.142,101.235,7e-05,-0.00798
89.035,1788242818.492585,1788242817.591551,-901.034,102.24,7e-05,-0.00798
89.136,1788242818.596191,1788242817.692525,-903.666,100.974,7e-05,-0.00798
89.244,1788242818.699096,1788242817.800751,-898.345,108.227,7e-05,-0.00798
89.348,1788242818.80213,1788242817.904539,-897.592,103.787,7e-05,-0.00798
89.451,1788242818.905244,1788242818.008189,-897.055,103.65,7e-05,-0.00798
89.551,1788242819.008679,1788242818.107401,-901.278,99.212,7e-05,-0.00798
89.656,1788242819.111737,1788242818.213144,-898.593,105.743,7e-05,-0.00798
89.755,1788242819.21486,1788242818.312139,-902.721,98.995,7e-05,-0.00798
89.858,1788242819.318099,1788242818.414479,-903.621,102.34,7e-05,-0.00798
89.965,1788242819.421128,1788242818.522218,-898.91,107.74,7e-05,-0.00798
90.066,1788242819.526745,1788242818.623255,-903.49,101.037,7e-05,-0.00798
90.168,1788242819.629543,1788242818.725114,-904.429,101.859,7e-05,-0.00798
90.271,1788242819.732195,1788242818.827968,-904.228,102.854,7e-05,-0.00798
90.375,1788242819.835257,1788242818.931708,-903.549,103.741,7e-05,-0.00798
90.478,1788242819.938151,1788242819.034571,-903.579,102.863,7e-05,-0.00798
90.581,1788242820.041426,1788242819.137611,-903.816,103.04,7e-05,-0.00798
90.685,1788242820.144419,1788242819.241615,-902.804,104.004,7e-05,-0.00798
90.795,1788242820.247757,1788242819.351955,-895.802,110.34,7e-05,-0.00798
90.906,1788242820.350693,1788242819.462534,-888.159,110.58,7e-05,-0.00798
90.996,1788242820.453891,1788242819.553178,-900.713,90.643,7e-05,-0.00798
91.096,1788242820.556857,1788242819.652453,-904.404,99.275,7e-05,-0.00798
91.204,1788242820.659995,1788242819.760876,-899.12,108.423,7e-05,-0.00798
91.305,1788242820.763236,1788242819.861532,-901.704,100.656,7e-05,-0.00798
91.408,1788242820.866509,1788242819.965114,-901.395,103.582,7e-05,-0.00798
91.512,1788242820.969499,1788242820.06859,-900.909,103.476,7e-05,-0.00798
91.616,1788242821.073281,1788242820.172438,-900.843,103.848,7e-05,-0.00798
91.716,1788242821.175906,1788242820.272355,-903.551,99.917,7e-05,-0.00798
91.819,1788242821.278831,1788242820.37538,-903.451,103.025,7e-05,-0.00798
91.924,1788242821.381995,1788242820.480908,-901.087,105.529,7e-05,-0.00798
92.027,1788242821.485454,1788242820.583775,-901.679,102.866,7e-05,-0.00798
92.129,1788242821.588483,1788242820.685514,-902.969,101.74,7e-05,-0.00798
92.233,1788242821.691656,1788242820.789294,-902.362,103.779,7e-05,-0.00798
92.334,1788242821.794763,1788242820.891014,-903.749,101.721,7e-05,-0.00798
92.438,1788242821.897868,1788242820.994775,-903.094,103.76,7e-05,-0.00798
92.542,1788242822.000733,1788242821.098553,-902.18,103.778,7e-05,-0.00798
92.644,1788242822.103797,1788242821.200969,-902.828,102.417,7e-05,-0.00798
92.75,1788242822.206912,1788242821.30684,-900.071,105.871,7e-05,-0.00798
92.85,1788242822.310086,1788242821.406343,-903.743,99.503,7e-05,-0.00798
92.954,1788242822.413088,1788242821.51103,-902.057,104.687,7e-05,-0.00798
93.058,1788242822.516634,1788242821.614419,-902.215,103.388,7e-05,-0.00798
93.161,1788242822.619575,1788242821.71802,-901.556,103.601,7e-05,-0.00798
93.266,1788242822.722582,1788242821.823124,-899.458,105.104,7e-05,-0.00798
93.366,1788242822.826458,1788242821.923071,-903.387,99.947,7e-05,-0.00798
93.471,1788242822.929261,1788242822.028209,-901.053,105.138,7e-05,-0.00798
93.572,1788242823.032212,1788242822.129216,-902.996,101.007,7e-05,-0.00798
93.675,1788242823.135237,1788242822.231907,-903.331,102.691,7e-05,-0.00798
93.777,1788242823.238162,1788242822.334041,-904.121,102.134,7e-05,-0.00798
93.895,1788242823.341186,1788242822.451934,-889.251,117.893,7e-05,-0.00798
94.154,1788242823.444447,1788242822.710927,-733.52,258.993,7e-05,-0.00798
94.155,1788242823.547767,1788242822.71175,-836.017,0.823,7e-05,-0.00798
94.192,1788242823.652041,1788242822.748899,-903.142,37.149,7e-05,-0.00798
94.293,1788242823.753832,1788242822.849696,-904.136,100.797,7e-05,-0.00798
94.401,1788242823.856756,1788242822.957654,-899.102,107.957,7e-05,-0.00798
94.503,1788242823.960707,1788242823.059519,-901.189,101.865,7e-05,-0.00798
94.604,1788242824.064148,1788242823.160709,-903.439,101.19,7e-05,-0.00798
94.708,1788242824.166838,1788242823.265136,-901.702,104.426,7e-05,-0.00798
94.81,1788242824.269748,1788242823.366716,-903.033,101.58,7e-05,-0.00798
94.914,1788242824.372773,1788242823.470786,-901.987,104.07,7e-05,-0.00798
95.016,1788242824.476327,1788242823.572412,-903.915,101.626,7e-05,-0.00798
95.12,1788242824.579436,1788242823.677096,-902.34,104.684,7e-05,-0.00798
95.224,1788242824.682411,1788242823.7811,-901.31,104.005,7e-05,-0.00798
95.327,1788242824.785578,1788242823.88375,-901.828,102.65,7e-05,-0.00798
95.429,1788242824.889066,1788242823.985286,-903.781,101.535,7e-05,-0.00798
95.533,1788242824.991676,1788242824.089833,-901.843,104.547,7e-05,-0.00798
95.634,1788242825.09474,1788242824.191197,-903.543,101.365,7e-05,-0.00798
95.739,1788242825.197931,1788242824.296166,-901.765,104.969,7e-05,-0.00798
95.845,1788242825.301105,1788242824.401861,-899.244,105.695,7e-05,-0.00798
95.947,1788242825.404486,1788242824.503935,-900.551,102.073,7e-05,-0.00798
96.047,1788242825.507618,1788242824.604155,-903.463,100.22,7e-05,-0.00798
96.152,1788242825.61065,1788242824.709209,-901.441,105.054,7e-05,-0.00798
96.253,1788242825.713749,1788242824.810116,-903.633,100.908,7e-05,-0.00798
96.363,1788242825.816864,1788242824.919749,-897.115,109.632,7e-05,-0.00798
96.462,1788242825.922507,1788242825.018832,-903.675,99.083,7e-05,-0.00798
96.572,1788242826.024004,1788242825.128434,-895.57,109.602,7e-05,-0.00798
96.667,1788242826.12705,1788242825.224006,-903.045,95.572,7e-05,-0.00798
96.771,1788242826.229867,1788242825.327622,-902.245,103.616,7e-05,-0.00798
96.921,1788242826.333001,1788242825.477574,-855.427,149.952,7e-05,-0.00798
96.976,1788242826.43605,1788242825.532511,-903.54,54.937,7e-05,-0.00798
97.078,1788242826.539016,1788242825.634801,-904.215,102.29,7e-05,-0.00798
97.183,1788242826.641985,1788242825.74017,-901.815,105.369,7e-05,-0.00798
97.286,1788242826.745373,1788242825.842691,-902.681,102.522,7e-05,-0.00798
97.388,1788242826.848521,1788242825.944316,-904.206,101.624,7e-05,-0.00798
97.491,1788242826.951476,1788242826.047889,-903.587,103.573,7e-05,-0.00798
97.595,1788242827.054522,1788242826.151773,-902.748,103.884,7e-05,-0.00798
97.701,1788242827.157547,1788242826.258099,-899.447,106.326,7e-05,-0.00798
97.804,1788242827.260855,1788242826.360909,-899.947,102.809,7e-05,-0.00798
97.904,1788242827.363989,1788242826.4612,-902.789,100.292,7e-05,-0.00798
98.009,1788242827.467392,1788242826.565447,-901.946,104.247,7e-05,-0.00798
98.11,1788242827.570347,1788242826.667124,-903.223,101.677,7e-05,-0.00798
98.213,1788242827.673503,1788242826.769419,-904.084,102.295,7e-05,-0.00798
98.32,1788242827.77672,1788242826.876564,-900.156,107.145,7e-05,-0.00798
98.421,1788242827.879959,1788242826.977962,-901.997,101.398,7e-05,-0.00798
98.525,1788242827.982898,1788242827.081639,-901.259,103.677,7e-05,-0.00798
98.628,1788242828.087131,1788242827.184552,-902.579,102.914,7e-05,-0.00798
98.736,1788242828.190079,1788242827.292624,-897.454,108.072,7e-05,-0.00798
98.835,1788242828.293053,1788242827.391994,-901.059,99.37,7e-05,-0.00798
98.935,1788242828.396088,1788242827.491922,-904.166,99.928,7e-05,-0.00798
99.043,1788242828.499268,1788242827.59942,-899.847,107.498,7e-05,-0.00798
99.142,1788242828.602382,1788242827.698362,-904.02,98.942,7e-05,-0.00798
99.247,1788242828.705303,1788242827.803774,-901.529,105.412,7e-05,-0.00798
99.348,1788242828.808348,1788242827.904954,-903.394,101.18,7e-05,-0.00798
99.451,1788242828.911321,1788242828.007492,-903.829,102.538,7e-05,-0.00798
99.555,1788242829.014479,1788242828.111395,-903.084,103.903,7e-05,-0.00798
99.658,1788242829.117874,1788242828.214297,-903.577,102.902,7e-05,-0.00798
99.767,1788242829.221067,1788242828.323792,-897.274,109.495,7e-05,-0.00798
99.865,1788242829.324101,1788242828.422013,-902.088,98.221,7e-05,-0.00798
99.967,1788242829.427968,1788242828.523895,-904.073,101.882,7e-05,-0.00798
100.071,1788242829.530274,1788242828.628232,-902.042,104.338,7e-05,-0.00798
100.177,1788242829.633462,1788242828.734249,-899.213,106.017,7e-05,-0.00798
100.277,1788242829.736723,1788242828.833418,-903.305,99.169,7e-05,-0.00798
100.379,1788242829.839826,1788242828.935619,-904.208,102.201,7e-05,-0.00798
100.484,1788242829.942718,1788242829.040317,-902.4,104.699,7e-05,-0.00798
100.588,1788242830.046059,1788242829.145014,-901.045,104.697,7e-05,-0.00798
100.69,1788242830.149455,1788242829.247044,-902.411,102.03,7e-05,-0.00798
100.792,1788242830.25214,1788242829.34832,-903.82,101.277,7e-05,-0.00798
100.895,1788242830.355105,1788242829.451951,-903.154,103.631,7e-05,-0.00798
101.0,1788242830.458532,1788242829.557102,-901.43,105.151,7e-05,-0.00798
101.103,1788242830.562391,1788242829.659919,-902.472,102.817,7e-05,-0.00798
101.205,1788242830.664926,1788242829.762003,-902.923,102.084,7e-05,-0.00798
101.309,1788242830.76796,1788242829.865627,-902.333,103.624,7e-05,-0.00798
101.414,1788242830.870934,1788242829.970608,-900.326,104.982,7e-05,-0.00798
101.516,1788242830.97447,1788242830.072795,-901.675,102.186,7e-05,-0.00798
101.616,1788242831.077446,1788242830.173168,-904.278,100.374,7e-05,-0.00798
101.722,1788242831.180459,1788242830.278462,-901.997,105.294,7e-05,-0.00798
101.824,1788242831.283585,1788242830.380749,-902.836,102.287,7e-05,-0.00798
101.927,1788242831.386836,1788242830.484072,-902.764,103.324,7e-05,-0.00798
102.032,1788242831.48993,1788242830.588852,-901.078,104.779,7e-05,-0.00798
102.133,1788242831.593391,1788242830.690164,-903.227,101.312,7e-05,-0.00798
102.236,1788242831.696493,1788242830.792833,-903.661,102.669,7e-05,-0.00798
102.34,1788242831.799437,1788242830.896908,-902.529,104.075,7e-05,-0.00798
102.443,1788242831.902722,1788242830.99965,-903.072,102.742,7e-05,-0.00798
102.546,1788242832.00565,1788242831.102542,-903.108,102.892,7e-05,-0.00798
102.648,1788242832.108984,1788242831.205033,-903.95,102.491,7e-05,-0.00798
102.757,1788242832.212068,1788242831.313543,-898.525,108.51,7e-05,-0.00798
102.856,1788242832.315268,1788242831.413184,-902.085,99.641,7e-05,-0.00798
102.968,1788242832.418456,1788242831.525024,-893.431,111.841,7e-05,-0.00798
103.067,1788242832.523624,1788242831.62423,-899.393,99.206,7e-05,-0.00798
103.169,1788242832.627411,1788242831.725339,-902.071,101.109,7e-05,-0.00798
103.269,1788242832.729356,1788242831.825876,-903.48,100.537,7e-05,-0.00798
103.374,1788242832.831845,1788242831.93067,-901.175,104.794,7e-05,-0.00798
103.476,1788242832.93508,1788242832.032502,-902.579,101.831,7e-05,-0.00798
103.578,1788242833.0381,1788242832.134327,-903.773,101.826,7e-05,-0.00798
103.789,1788242833.141048,1788242832.345518,-795.53,211.19,7e-05,-0.00798
103.799,1788242833.244066,1788242832.35621,-887.856,10.693,7e-05,-0.00798
103.891,1788242833.347131,1788242832.447413,-899.718,91.202,7e-05,-0.00798
103.993,1788242833.450418,1788242832.549449,-900.969,102.036,7e-05,-0.00798
104.095,1788242833.553435,1788242832.651621,-901.814,102.172,7e-05,-0.00798
104.197,1788242833.656412,1788242832.753841,-902.57,102.221,7e-05,-0.00798
104.3,1788242833.759777,1788242832.857119,-902.658,103.278,7e-05,-0.00798
104.404,1788242833.86329,1788242832.960941,-902.349,103.822,7e-05,-0.00798
104.508,1788242833.966864,1788242833.064769,-902.095,103.827,7e-05,-0.00798
104.611,1788242834.069475,1788242833.167673,-901.802,102.905,7e-05,-0.00798
104.714,1788242834.172504,1788242833.27045,-902.054,102.776,7e-05,-0.00798
104.814,1788242834.275742,1788242833.371274,-904.468,100.825,7e-05,-0.00798
104.92,1788242834.378674,1788242833.476649,-902.025,105.375,7e-05,-0.00798
105.022,1788242834.481657,1788242833.578737,-902.92,102.088,7e-05,-0.00798
105.125,1788242834.584747,1788242833.682252,-902.495,103.515,7e-05,-0.00798
105.23,1788242834.688459,1788242833.786878,-901.581,104.626,7e-05,-0.00798
105.332,1788242834.791332,1788242833.888644,-902.688,101.766,7e-05,-0.00798
105.433,1788242834.89441,1788242833.989648,-904.763,101.003,7e-05,-0.00798
105.54,1788242834.997365,1788242834.096745,-900.62,107.097,7e-05,-0.00798
105.64,1788242835.100354,1788242834.197091,-903.263,100.346,7e-05,-0.00798
105.747,1788242835.203618,1788242834.303311,-900.307,106.22,7e-05,-0.00798
105.851,1788242835.306452,1788242834.407718,-898.733,104.407,7e-05,-0.00798
105.949,1788242835.409737,1788242834.505677,-904.06,97.959,7e-05,-0.00798
106.054,1788242835.512704,1788242834.610878,-901.826,105.201,7e-05,-0.00798
106.157,1788242835.616216,1788242834.713783,-902.433,102.905,7e-05,-0.00798
106.262,1788242835.71916,1788242834.819077,-900.084,105.294,7e-05,-0.00798
106.366,1788242835.824588,1788242834.923164,-901.423,104.088,7e-05,-0.00798
106.468,1788242835.927233,1788242835.024585,-902.648,101.421,7e-05,-0.00798
106.569,1788242836.0286,1788242835.126106,-902.494,101.521,7e-05,-0.00798
106.671,1788242836.131668,1788242835.228194,-903.474,102.089,7e-05,-0.00798
106.774,1788242836.235152,1788242835.330974,-904.178,102.78,7e-05,-0.00798
106.878,1788242836.33808,1788242835.434775,-903.304,103.801,7e-05,-0.00798
106.981,1788242836.44105,1788242835.537736,-903.314,102.961,7e-05,-0.00798
107.084,1788242836.544026,1788242835.640307,-903.719,102.571,7e-05,-0.00798
107.189,1788242836.647248,1788242835.745422,-901.825,105.115,7e-05,-0.00798
107.291,1788242836.750657,1788242835.847284,-903.373,101.862,7e-05,-0.00798
107.393,1788242836.853928,1788242835.950072,-903.856,102.787,7e-05,-0.00798
107.497,1788242836.956983,1788242836.054158,-902.825,104.086,7e-05,-0.00798
107.6,1788242837.060067,1788242836.156487,-903.58,102.329,7e-05,-0.00798
107.707,1788242837.163294,1788242836.264076,-899.219,107.589,7e-05,-0.00798
107.807,1788242837.26697,1788242836.363496,-903.474,99.421,7e-05,-0.00798
107.914,1788242837.369991,1788242836.470332,-899.659,106.836,7e-05,-0.00798
108.014,1788242837.473994,1788242836.570698,-903.296,100.365,7e-05,-0.00798
108.117,1788242837.576607,1788242836.674244,-902.363,103.546,7e-05,-0.00798
108.219,1788242837.679678,1788242836.776254,-903.424,102.01,7e-05,-0.00798
108.324,1788242837.782843,1788242836.880502,-902.341,104.248,7e-05,-0.00798
108.43,1788242837.885889,1788242836.986435,-899.455,105.933,7e-05,-0.00798
108.53,1788242837.989518,1788242837.08678,-902.738,100.346,7e-05,-0.00798
108.634,1788242838.092452,1788242837.190527,-901.924,103.747,7e-05,-0.00798
108.737,1788242838.195468,1788242837.294233,-901.235,103.705,7e-05,-0.00798
108.839,1788242838.298791,1788242837.395588,-903.202,101.356,7e-05,-0.00798
108.944,1788242838.401737,1788242837.500345,-901.392,104.757,7e-05,-0.00798
109.045,1788242838.504914,1788242837.601655,-903.259,101.31,7e-05,-0.00798
109.3,1788242838.608252,1788242837.857278,-750.973,255.623,7e-05,-0.00798
109.301,1788242838.711391,1788242837.857749,-853.642,0.471,7e-05,-0.00798
109.389,1788242838.814724,1788242837.945986,-868.738,88.237,7e-05,-0.00798
109.461,1788242838.918015,1788242838.017546,-900.469,71.56,7e-05,-0.00798
109.562,1788242839.020978,1788242838.118359,-902.619,100.813,7e-05,-0.00798
109.666,1788242839.12426,1788242838.223092,-901.169,104.733,7e-05,-0.00798
109.766,1788242839.228057,1788242838.323062,-904.994,99.971,7e-05,-0.00798
109.873,1788242839.330758,1788242838.430082,-900.676,107.02,7e-05,-0.00798
109.973,1788242839.434018,1788242838.52951,-904.508,99.428,7e-05,-0.00798
110.076,1788242839.536935,1788242838.63299,-903.944,103.48,7e-05,-0.00798
110.18,1788242839.640041,1788242838.7363,-903.741,103.31,7e-05,-0.00798
110.286,1788242839.742997,1788242838.842365,-900.632,106.065,7e-05,-0.00798
110.387,1788242839.846294,1788242838.944125,-902.169,101.761,7e-05,-0.00798
110.49,1788242839.94964,1788242839.046771,-902.869,102.646,7e-05,-0.00798
110.592,1788242840.052577,1788242839.148948,-903.629,102.177,7e-05,-0.00798
110.696,1788242840.155867,1788242839.253036,-902.831,104.088,7e-05,-0.00798
110.8,1788242840.258853,1788242839.356452,-902.401,103.416,7e-05,-0.00798
110.952,1788242840.362446,1788242839.5088,-853.646,152.348,7e-05,-0.00798
111.006,1788242840.46571,1788242839.562434,-903.276,53.634,7e-05,-0.00798
111.109,1788242840.56904,1788242839.665756,-903.284,103.322,7e-05,-0.00798
111.212,1788242840.672045,1788242839.768539,-903.506,102.783,7e-05,-0.00798
111.317,1788242840.775081,1788242839.873401,-901.681,104.861,7e-05,-0.00798
111.419,1788242840.878127,1788242839.975886,-902.241,102.486,7e-05,-0.00798
111.521,1788242840.981274,1788242840.078169,-903.106,102.282,7e-05,-0.00798
111.626,1788242841.084382,1788242840.182678,-901.704,104.509,7e-05,-0.00798
111.728,1788242841.187791,1788242840.284717,-903.074,102.039,7e-05,-0.00798
111.83,1788242841.290883,1788242840.386746,-904.137,102.028,7e-05,-0.00798
111.935,1788242841.393964,1788242840.491347,-902.617,104.601,7e-05,-0.00798
112.04,1788242841.497297,1788242840.597117,-900.18,105.77,7e-05,-0.00798
112.14,1788242841.600444,1788242840.697068,-903.375,99.951,7e-05,-0.00798
112.245,1788242841.704016,1788242840.801818,-902.198,104.75,7e-05,-0.00798
112.348,1788242841.807084,1788242840.904597,-902.487,102.779,7e-05,-0.00798
112.45,1788242841.910238,1788242841.007197,-903.041,102.6,7e-05,-0.00798
112.555,1788242842.013469,1788242841.111973,-901.496,104.776,7e-05,-0.00798
112.657,1788242842.116472,1788242841.213336,-903.135,101.363,7e-05,-0.00798
112.762,1788242842.219554,1788242841.318587,-900.967,105.251,7e-05,-0.00798
112.892,1788242842.322667,1788242841.448698,-873.969,130.111,7e-05,-0.00798
112.971,1788242842.426157,1788242841.527483,-898.674,78.786,7e-05,-0.00798
113.072,1788242842.529161,1788242841.628601,-900.56,101.118,7e-05,-0.00798
113.174,1788242842.632121,1788242841.731086,-901.035,102.485,7e-05,-0.00798
113.276,1788242842.735562,1788242841.833187,-902.375,102.101,7e-05,-0.00798
113.379,1788242842.838623,1788242841.935532,-903.091,102.345,7e-05,-0.00798
113.483,1788242842.94179,1788242842.039591,-902.199,104.059,7e-05,-0.00798
113.587,1788242843.044928,1788242842.143293,-901.634,103.703,7e-05,-0.00798
113.688,1788242843.14794,1788242842.244969,-902.971,101.676,7e-05,-0.00798
113.791,1788242843.251095,1788242842.347517,-903.578,102.548,7e-05,-0.00798
113.894,1788242843.354172,1788242842.45066,-903.512,103.142,7e-05,-0.00798
113.999,1788242843.457506,1788242842.555887,-901.62,105.227,7e-05,-0.00798
114.102,1788242843.56069,1788242842.658931,-901.76,103.044,7e-05,-0.00798
114.204,1788242843.664007,1788242842.760623,-903.385,101.692,7e-05,-0.00798
114.307,1788242843.767207,1788242842.864268,-902.939,103.645,7e-05,-0.00798
114.412,1788242843.870484,1788242842.968813,-901.67,104.546,7e-05,-0.00798
114.514,1788242843.973629,1788242843.071272,-902.357,102.459,7e-05,-0.00798
114.617,1788242844.076608,1788242843.174079,-902.529,102.806,7e-05,-0.00798
114.719,1788242844.179787,1788242843.275558,-904.229,101.479,7e-05,-0.00798
114.825,1788242844.282806,1788242843.38136,-901.446,105.802,7e-05,-0.00798
114.928,1788242844.386001,1788242843.484688,-901.313,103.328,7e-05,-0.00798
115.033,1788242844.489475,1788242843.590243,-899.231,105.556,7e-05,-0.00798
115.132,1788242844.593098,1788242843.689232,-903.866,98.989,7e-05,-0.00798
115.236,1788242844.695858,1788242843.793191,-902.666,103.959,7e-05,-0.00798
115.338,1788242844.798819,1788242843.894408,-904.411,101.216,7e-05,-0.00798
115.442,1788242844.902067,1788242843.998448,-903.619,104.04,7e-05,-0.00798
115.546,1788242845.005103,1788242844.102408,-902.695,103.96,7e-05,-0.00798
115.647,1788242845.108469,1788242844.204054,-904.415,101.646,7e-05,-0.00798
115.752,1788242845.21146,1788242844.308976,-902.484,104.922,7e-05,-0.00798
115.856,1788242845.314912,1788242844.412339,-902.573,103.364,7e-05,-0.00798
115.96,1788242845.41802,1788242844.517203,-900.817,104.863,7e-05,-0.00798
116.064,1788242845.521236,1788242844.621023,-900.213,103.82,7e-05,-0.00798
116.165,1788242845.624282,1788242844.721699,-902.583,100.676,7e-05,-0.00798
116.268,1788242845.727647,1788242844.824476,-903.17,102.778,7e-05,-0.00798
116.374,1788242845.830745,1788242844.93102,-899.724,106.544,7e-05,-0.00798
116.476,1788242845.934148,1788242845.032629,-901.518,101.609,7e-05,-0.00798
116.578,1788242846.03706,1788242845.134498,-902.562,101.868,7e-05,-0.00798
116.686,1788242846.14005,1788242845.242388,-897.662,107.89,7e-05,-0.00798
116.784,1788242846.243276,1788242845.34052,-902.757,98.132,7e-05,-0.00798
116.911,1788242846.346238,1788242845.46792,-878.318,127.4,7e-05,-0.00798
116.998,1788242846.449784,1788242845.554673,-895.11,86.754,7e-05,-0.00798
117.147,1788242846.553092,1788242845.703707,-849.384,149.034,7e-05,-0.00798
117.266,1788242846.655992,1788242845.823041,-832.951,119.334,7e-05,-0.00798
117.319,1788242846.759133,1788242845.875592,-883.54,52.552,7e-05,-0.00798
117.404,1788242846.861865,1788242845.960859,-901.006,85.266,7e-05,-0.00798
117.51,1788242846.965519,1788242846.067118,-898.401,106.26,7e-05,-0.00798
117.611,1788242847.068534,1788242846.167758,-900.776,100.64,7e-05,-0.00798
117.712,1788242847.171742,1788242846.268775,-902.968,101.017,7e-05,-0.00798
117.83,1788242847.274946,1788242846.386426,-888.52,117.652,7e-05,-0.00798
117.955,1788242847.378292,1788242846.511721,-866.571,125.295,7e-05,-0.00798
118.021,1788242847.481273,1788242846.577927,-903.346,66.206,7e-05,-0.00798
118.124,1788242847.584501,1788242846.680808,-903.693,102.881,7e-05,-0.00798
118.228,1788242847.687689,1788242846.784627,-903.062,103.819,7e-05,-0.00798
118.33,1788242847.791748,1788242846.886741,-905.007,102.113,7e-05,-0.00798
118.433,1788242847.894115,1788242846.990154,-903.961,103.413,7e-05,-0.00798
118.538,1788242847.997098,1788242847.094485,-902.613,104.331,7e-05,-0.00798
118.64,1788242848.10073,1788242847.196975,-903.755,102.49,7e-05,-0.00798
118.744,1788242848.203664,1788242847.301107,-902.557,104.132,7e-05,-0.00798
118.846,1788242848.306639,1788242847.40316,-903.479,102.053,7e-05,-0.00798
118.951,1788242848.409795,1788242847.508228,-901.567,105.068,7e-05,-0.00798
119.054,1788242848.513265,1788242847.610692,-902.574,102.463,7e-05,-0.00798
119.156,1788242848.616311,1788242847.713004,-903.307,102.313,7e-05,-0.00798
119.263,1788242848.719497,1788242847.819433,-900.064,106.429,7e-05,-0.00798
119.364,1788242848.822488,1788242847.92099,-901.498,101.557,7e-05,-0.00798
119.466,1788242848.926657,1788242848.022662,-903.995,101.672,7e-05,-0.00798
119.569,1788242849.029113,1788242848.125684,-903.429,103.022,7e-05,-0.00798
119.673,1788242849.132698,1788242848.229731,-902.967,104.047,7e-05,-0.00798
119.776,1788242849.235015,1788242848.332802,-902.214,103.071,7e-05,-0.00798
119.878,1788242849.33837,1788242848.434803,-903.566,102.002,7e-05,-0.00798
119.987,1788242849.441724,1788242848.543581,-898.144,108.778,7e-05,-0.00798
120.085,1788242849.545506,1788242848.641419,-904.088,97.838,7e-05,-0.00798
120.188,1788242849.648101,1788242848.744661,-903.44,103.242,7e-05,-0.00798
120.29,1788242849.75182,1788242848.846976,-904.844,102.315,7e-05,-0.00798
120.395,1788242849.854293,1788242848.951947,-902.346,104.971,7e-05,-0.00798
120.496,1788242849.95726,1788242849.052931,-904.329,100.984,7e-05,-0.00798
120.599,1788242850.060425,1788242849.156243,-904.182,103.312,7e-05,-0.00798
120.704,1788242850.16373,1788242849.260659,-903.071,104.416,7e-05,-0.00798
120.807,1788242850.266946,1788242849.364058,-902.888,103.399,7e-05,-0.00798
120.909,1788242850.370237,1788242849.466214,-904.024,102.156,7e-05,-0.00798
121.137,1788242850.473207,1788242849.693388,-779.818,227.175,7e-05,-0.00798
121.137,1788242850.576643,1788242849.693819,-882.824,0.431,7e-05,-0.00798
121.219,1788242850.679574,1788242849.776072,-903.502,82.253,7e-05,-0.00798
121.325,1788242850.782622,1788242849.88149,-901.132,105.418,7e-05,-0.00798
121.432,1788242850.886197,1788242849.988311,-897.887,106.82,7e-05,-0.00798
121.528,1788242850.98918,1788242850.084816,-904.364,96.506,7e-05,-0.00798
121.633,1788242851.092095,1788242850.189568,-902.527,104.752,7e-05,-0.00798
121.734,1788242851.195657,1788242850.290575,-905.083,101.007,7e-05,-0.00798
121.84,1788242851.298616,1788242850.396403,-902.213,105.828,7e-05,-0.00798
121.943,1788242851.401815,1788242850.49966,-902.156,103.257,7e-05,-0.00798
122.044,1788242851.50499,1788242850.601149,-903.841,101.489,7e-05,-0.00798
122.149,1788242851.608261,1788242850.705333,-902.928,104.184,7e-05,-0.00798
122.253,1788242851.711162,1788242850.809392,-901.77,104.059,7e-05,-0.00798
122.354,1788242851.814785,1788242850.911154,-903.63,101.762,7e-05,-0.00798
122.46,1788242851.917711,1788242851.016407,-901.304,105.253,7e-05,-0.00798
122.564,1788242852.020913,1788242851.121066,-899.847,104.659,7e-05,-0.00798
122.665,1788242852.123932,1788242851.222195,-901.738,101.128,7e-05,-0.00798
122.766,1788242852.227229,1788242851.322569,-904.66,100.374,7e-05,-0.00798
122.869,1788242852.330116,1788242851.425785,-904.331,103.216,7e-05,-0.00798
122.972,1788242852.433117,1788242851.528974,-904.143,103.189,7e-05,-0.00798
123.076,1788242852.536577,1788242851.632907,-903.67,103.933,7e-05,-0.00798
123.179,1788242852.639522,1788242851.736177,-903.344,103.27,7e-05,-0.00798
123.285,1788242852.742549,1788242851.84142,-901.129,105.243,7e-05,-0.00798
123.388,1788242852.845762,1788242851.945259,-900.503,103.839,7e-05,-0.00798
123.495,1788242852.949098,1788242852.051958,-897.14,106.699,7e-05,-0.00798
123.591,1788242853.05257,1788242852.148179,-904.392,96.22,7e-05,-0.00798
123.747,1788242853.155571,1788242852.304045,-851.526,155.866,7e-05,-0.00798
123.803,1788242853.258763,1788242852.359831,-898.932,55.786,7e-05,-0.00798
123.957,1788242853.361874,1788242852.513345,-848.529,153.514,7e-05,-0.00798
124.006,1788242853.46546,1788242852.563081,-902.379,49.736,7e-05,-0.00798
124.108,1788242853.568862,1788242852.665053,-903.809,101.972,7e-05,-0.00798
124.213,1788242853.671484,1788242852.770194,-901.289,105.141,7e-05,-0.00798
124.314,1788242853.776542,1788242852.871088,-905.454,100.893,7e-05,-0.00798
124.419,1788242853.878066,1788242852.97567,-902.396,104.582,7e-05,-0.00798
124.52,1788242853.980421,1788242853.077163,-903.257,101.494,7e-05,-0.00798
124.638,1788242854.083687,1788242853.195046,-888.641,117.883,7e-05,-0.00798
124.729,1788242854.187314,1788242853.285614,-901.7,90.568,7e-05,-0.00798
124.83,1788242854.29025,1788242853.386583,-903.667,100.969,7e-05,-0.00798
124.934,1788242854.393318,1788242853.4904,-902.918,103.817,7e-05,-0.00798
125.037,1788242854.496642,1788242853.594101,-902.54,103.702,7e-05,-0.00798
125.14,1788242854.599819,1788242853.69681,-903.009,102.708,7e-05,-0.00798
125.247,1788242854.702885,1788242853.803281,-899.604,106.472,7e-05,-0.00798
125.348,1788242854.805746,1788242853.904575,-901.171,101.294,7e-05,-0.00798
125.451,1788242854.90894,1788242854.007392,-901.548,102.817,7e-05,-0.00798
125.553,1788242855.011934,1788242854.109441,-902.493,102.049,7e-05,-0.00798
125.656,1788242855.114981,1788242854.212553,-902.428,103.112,7e-05,-0.00798
125.759,1788242855.218133,1788242854.315459,-902.674,102.906,7e-05,-0.00798
125.865,1788242855.321492,1788242854.422092,-899.4,106.633,7e-05,-0.00798
125.968,1788242855.424585,1788242854.524573,-900.012,102.481,7e-05,-0.00798
126.068,1788242855.527922,1788242854.624994,-902.928,100.42,7e-05,-0.00798
126.177,1788242855.630848,1788242854.73422,-896.629,109.226,7e-05,-0.00798
126.279,1788242855.734086,1788242854.835855,-898.231,101.636,7e-05,-0.00798
126.381,1788242855.836984,1788242854.93786,-899.123,102.005,7e-05,-0.00798
126.487,1788242855.94,1788242855.043532,-896.468,105.671,7e-05,-0.00798
126.583,1788242856.043352,1788242855.139528,-903.825,95.996,7e-05,-0.00798
126.688,1788242856.146493,1788242855.244289,-902.204,104.762,7e-05,-0.00798
126.789,1788242856.249913,1788242855.346162,-903.751,101.873,7e-05,-0.00798
126.909,1788242856.352911,1788242855.46628,-886.631,120.118,7e-05,-0.00798
126.998,1788242856.456803,1788242855.554984,-901.819,88.703,7e-05,-0.00798
127.102,1788242856.559125,1788242855.658453,-900.672,103.469,7e-05,-0.00798
127.203,1788242856.662488,1788242855.759887,-902.601,101.434,7e-05,-0.00798
127.305,1788242856.765467,1788242855.861676,-903.791,101.789,7e-05,-0.00798
127.409,1788242856.868503,1788242855.966197,-902.306,104.521,7e-05,-0.00798
127.512,1788242856.971919,1788242856.068919,-903.0,102.721,7e-05,-0.00798
127.623,1788242857.075194,1788242856.179948,-895.246,111.029,7e-05,-0.00798
127.723,1788242857.178777,1788242856.279516,-899.261,99.568,7e-05,-0.00798
127.824,1788242857.281452,1788242856.380569,-900.883,101.053,7e-05,-0.00798
127.925,1788242857.384426,1788242856.481404,-903.022,100.835,7e-05,-0.00798
128.034,1788242857.487706,1788242856.590951,-896.755,109.547,7e-05,-0.00798
128.131,1788242857.590641,1788242856.687855,-902.786,96.903,7e-05,-0.00798
128.234,1788242857.693879,1788242856.790962,-902.917,103.107,7e-05,-0.00798
128.337,1788242857.797223,1788242856.893707,-903.516,102.745,7e-05,-0.00798
128.444,1788242857.900167,1788242857.000575,-899.593,106.868,7e-05,-0.00798
128.543,1788242858.003503,1788242857.10016,-903.343,99.585,7e-05,-0.00798
128.646,1788242858.106934,1788242857.203072,-903.862,102.912,7e-05,-0.00798
128.749,1788242858.210104,1788242857.305697,-904.407,102.626,7e-05,-0.00798
128.852,1788242858.313064,1788242857.408382,-904.682,102.685,7e-05,-0.00798
129.085,1788242858.416102,1788242857.641438,-774.664,233.056,7e-05,-0.00798
129.085,1788242858.519157,1788242857.641802,-877.355,0.364,7e-05,-0.00798
129.164,1788242858.62214,1788242857.721002,-901.138,79.2,7e-05,-0.00798
129.27,1788242858.725925,1788242857.827148,-898.777,106.146,7e-05,-0.00798
129.367,1788242858.828697,1788242857.923631,-905.066,96.483,7e-05,-0.00798
129.472,1788242858.931523,1788242858.029028,-902.495,105.397,7e-05,-0.00798
129.58,1788242859.034894,1788242858.136283,-898.611,107.255,7e-05,-0.00798
129.677,1788242859.13782,1788242858.234175,-903.645,97.892,7e-05,-0.00798
129.782,1788242859.240984,1788242858.338697,-902.287,104.522,7e-05,-0.00798
129.884,1788242859.344254,1788242858.440387,-903.866,101.691,7e-05,-0.00798
129.988,1788242859.446903,1788242858.54454,-902.363,104.153,7e-05,-0.00798
130.09,1788242859.550268,1788242858.647195,-903.073,102.655,7e-05,-0.00798
130.193,1788242859.653326,1788242858.750044,-903.282,102.849,7e-05,-0.00798
130.295,1788242859.756301,1788242858.852184,-904.116,102.14,7e-05,-0.00798
130.406,1788242859.859531,1788242858.962671,-896.86,110.487,7e-05,-0.00798
130.504,1788242859.962578,1788242859.061196,-901.382,98.525,7e-05,-0.00798
130.608,1788242860.066045,1788242859.164475,-901.57,103.28,7e-05,-0.00798
130.713,1788242860.169701,1788242859.269393,-900.308,104.918,7e-05,-0.00798
130.815,1788242860.272582,1788242859.371733,-900.849,102.34,7e-05,-0.00798
130.915,1788242860.37595,1788242859.471308,-904.642,99.575,7e-05,-0.00798
131.017,1788242860.478444,1788242859.574003,-904.441,102.695,7e-05,-0.00798
131.126,1788242860.581667,1788242859.682771,-898.896,108.768,7e-05,-0.00798
131.228,1788242860.685016,1788242859.784602,-900.414,101.831,7e-05,-0.00798
131.331,1788242860.788133,1788242859.887353,-900.78,102.751,7e-05,-0.00798
131.432,1788242860.891315,1788242859.989203,-902.112,101.85,7e-05,-0.00798
131.535,1788242860.994792,1788242860.091288,-903.504,102.084,7e-05,-0.00798
131.637,1788242861.098427,1788242860.194067,-904.361,102.779,7e-05,-0.00798
131.743,1788242861.200875,1788242860.299889,-900.987,105.822,7e-05,-0.00798
131.844,1788242861.303999,1788242860.400833,-903.166,100.945,7e-05,-0.00798
131.947,1788242861.407066,1788242860.503712,-903.354,102.879,7e-05,-0.00798
132.05,1788242861.510614,1788242860.606643,-903.971,102.931,7e-05,-0.00798
132.153,1788242861.613602,1788242860.710253,-903.349,103.61,7e-05,-0.00798
132.256,1788242861.716515,1788242860.813222,-903.293,102.969,7e-05,-0.00798
132.362,1788242861.819949,1788242860.918703,-901.246,105.48,7e-05,-0.00798
132.464,1788242861.92296,1788242861.02034,-902.62,101.637,7e-05,-0.00798
132.568,1788242862.026908,1788242861.124326,-902.582,103.987,7e-05,-0.00798
132.669,1788242862.129276,1788242861.226174,-903.101,101.848,7e-05,-0.00798
132.773,1788242862.232236,1788242861.329421,-902.815,103.247,7e-05,-0.00798
132.875,1788242862.335755,1788242861.431569,-904.186,102.148,7e-05,-0.00798
132.979,1788242862.438669,1788242861.535875,-902.794,104.306,7e-05,-0.00798
133.086,1788242862.541942,1788242861.642638,-899.304,106.763,7e-05,-0.00798
133.186,1788242862.645014,1788242861.743147,-901.867,100.509,7e-05,-0.00798
133.287,1788242862.748409,1788242861.844111,-904.297,100.965,7e-05,-0.00798
133.392,1788242862.851527,1788242861.949007,-902.52,104.895,7e-05,-0.00798
133.494,1788242862.955032,1788242862.051168,-903.864,102.161,7e-05,-0.00798
133.604,1788242863.058046,1788242862.160973,-897.073,109.805,7e-05,-0.00798
133.786,1788242863.160611,1788242862.343029,-817.582,182.056,7e-05,-0.00798
133.804,1788242863.264076,1788242862.3611,-902.976,18.071,7e-05,-0.00798
133.913,1788242863.367458,1788242862.46996,-897.498,108.86,7e-05,-0.00798
134.012,1788242863.470387,1788242862.569028,-901.358,99.068,7e-05,-0.00798
134.113,1788242863.573409,1788242862.669959,-903.45,100.93,7e-05,-0.00798
134.219,1788242863.676778,1788242862.775676,-901.101,105.718,7e-05,-0.00798
134.322,1788242863.780124,1788242862.878945,-901.178,103.269,7e-05,-0.00798
134.424,1788242863.883022,1788242862.980898,-902.124,101.953,7e-05,-0.00798
134.528,1788242863.986452,1788242863.084382,-902.071,103.484,7e-05,-0.00798
134.629,1788242864.089606,1788242863.185862,-903.744,101.48,7e-05,-0.00798
134.734,1788242864.192919,1788242863.290294,-902.625,104.432,7e-05,-0.00798
134.836,1788242864.296067,1788242863.393267,-902.8,102.973,7e-05,-0.00798
134.939,1788242864.399054,1788242863.496002,-903.052,102.735,7e-05,-0.00798
135.043,1788242864.502301,1788242863.599983,-902.317,103.981,7e-05,-0.00798
135.147,1788242864.605255,1788242863.704137,-901.118,104.154,7e-05,-0.00798
135.248,1788242864.708272,1788242863.804393,-903.879,100.256,7e-05,-0.00798
135.353,1788242864.811292,1788242863.909366,-901.926,104.973,7e-05,-0.00798
135.455,1788242864.914751,1788242864.01184,-902.912,102.473,7e-05,-0.00798
135.559,1788242865.017732,1788242864.115467,-902.265,103.628,7e-05,-0.00798
135.661,1788242865.120875,1788242864.217878,-902.997,102.411,7e-05,-0.00798
135.766,1788242865.22398,1788242864.322303,-901.678,104.424,7e-05,-0.00798
135.866,1788242865.328533,1788242864.423236,-905.298,100.933,7e-05,-0.00798
135.973,1788242865.430226,1788242864.529801,-900.425,106.565,7e-05,-0.00798
136.071,1788242865.53317,1788242864.627966,-905.204,98.165,7e-05,-0.00798
136.177,1788242865.636196,1788242864.734002,-902.194,106.036,7e-05,-0.00798
136.279,1788242865.73934,1788242864.835744,-903.596,101.743,7e-05,-0.00798
136.382,1788242865.84269,1788242864.938535,-904.155,102.791,7e-05,-0.00798
136.486,1788242865.945596,1788242865.04265,-902.946,104.114,7e-05,-0.00798
136.588,1788242866.049253,1788242865.145164,-904.09,102.514,7e-05,-0.00798
136.691,1788242866.15224,1788242865.24754,-904.7,102.376,7e-05,-0.00798
136.793,1788242866.255232,1788242865.350264,-904.968,102.724,7e-05,-0.00798
136.898,1788242866.358284,1788242865.454748,-903.536,104.484,7e-05,-0.00798
137.002,1788242866.461285,1788242865.558745,-902.54,103.997,7e-05,-0.00798
137.104,1788242866.564276,1788242865.661037,-903.238,102.292,7e-05,-0.00798
137.208,1788242866.667811,1788242865.764576,-903.235,103.539,7e-05,-0.00798
137.312,1788242866.77071,1788242865.868891,-901.818,104.315,7e-05,-0.00798
137.414,1788242866.873974,1788242865.971242,-902.732,102.351,7e-05,-0.00798
137.518,1788242866.977161,1788242866.074687,-902.474,103.445,7e-05,-0.00798
137.62,1788242867.080255,1788242866.176956,-903.299,102.269,7e-05,-0.00798
137.725,1788242867.183212,1788242866.28169,-901.522,104.734,7e-05,-0.00798
137.827,1788242867.286404,1788242866.383838,-902.566,102.148,7e-05,-0.00798
137.928,1788242867.389542,1788242866.485104,-904.438,101.266,7e-05,-0.00798
138.036,1788242867.492599,1788242866.592574,-900.025,107.47,7e-05,-0.00798
138.136,1788242867.595938,1788242866.692866,-903.072,100.292,7e-05,-0.00798
138.241,1788242867.699019,1788242866.797703,-901.316,104.837,7e-05,-0.00798
138.396,1788242867.802371,1788242866.952403,-849.967,154.7,7e-05,-0.00798
138.447,1788242867.90589,1788242867.003991,-901.899,51.588,7e-05,-0.00798
138.549,1788242868.008877,1788242867.10581,-903.067,101.819,7e-05,-0.00798
138.655,1788242868.111827,1788242867.211323,-900.504,105.513,7e-05,-0.00798
138.754,1788242868.215213,1788242867.311186,-904.027,99.863,7e-05,-0.00798
138.858,1788242868.318215,1788242867.414858,-903.357,103.671,7e-05,-0.00798
138.963,1788242868.421351,1788242867.519949,-901.402,105.091,7e-05,-0.00798
139.065,1788242868.52454,1788242867.621367,-903.173,101.418,7e-05,-0.00798
139.167,1788242868.627596,1788242867.723896,-903.7,102.529,7e-05,-0.00798
139.272,1788242868.730973,1788242867.829184,-901.788,105.289,7e-05,-0.00798
139.372,1788242868.835128,1788242867.928825,-906.303,99.641,7e-05,-0.00798
139.476,1788242868.93691,1788242868.032418,-904.492,103.593,7e-05,-0.00798
139.583,1788242869.04008,1788242868.139852,-900.227,107.434,7e-05,-0.00798
139.688,1788242869.14328,1788242868.244622,-898.658,104.77,7e-05,-0.00798
139.789,1788242869.24684,1788242868.345537,-901.303,100.915,7e-05,-0.00798
139.892,1788242869.350047,1788242868.449017,-901.03,103.48,7e-05,-0.00798
139.997,1788242869.452807,1788242868.554152,-898.655,105.135,7e-05,-0.00798
140.096,1788242869.556142,1788242868.652756,-903.386,98.604,7e-05,-0.00798
140.202,1788242869.65907,1788242868.758493,-900.577,105.737,7e-05,-0.00798
140.304,1788242869.762037,1788242868.861014,-901.023,102.521,7e-05,-0.00798
140.407,1788242869.865355,1788242868.964145,-901.21,103.131,7e-05,-0.00798
140.508,1788242869.968504,1788242869.06482,-903.685,100.675,7e-05,-0.00798
140.615,1788242870.071586,1788242869.171645,-899.94,106.826,7e-05,-0.00798
140.715,1788242870.175035,1788242869.272035,-903.0,100.389,7e-05,-0.00798
140.817,1788242870.278096,1788242869.373776,-904.32,101.742,7e-05,-0.00798
140.924,1788242870.38121,1788242869.480626,-900.584,106.85,7e-05,-0.00798
141.027,1788242870.484488,1788242869.583312,-901.175,102.686,7e-05,-0.00798
141.13,1788242870.58832,1788242869.686659,-901.661,103.347,7e-05,-0.00798
141.232,1788242870.69185,1788242869.789145,-902.705,102.486,7e-05,-0.00798
141.334,1788242870.794604,1788242869.891002,-903.602,101.857,7e-05,-0.00798
141.437,1788242870.897622,1788242869.994271,-903.352,103.269,7e-05,-0.00798
141.541,1788242871.000571,1788242870.097337,-903.234,103.066,7e-05,-0.00798
141.643,1788242871.103572,1788242870.200154,-903.418,102.817,7e-05,-0.00798
141.746,1788242871.206786,1788242870.30304,-903.746,102.886,7e-05,-0.00798
141.85,1788242871.31029,1788242870.406472,-903.818,103.432,7e-05,-0.00798
141.954,1788242871.413388,1788242870.510384,-903.003,103.912,7e-05,-0.00798
142.056,1788242871.516536,1788242870.612709,-903.827,102.324,7e-05,-0.00798
142.162,1788242871.619977,1788242870.719187,-900.79,106.478,7e-05,-0.00798
142.263,1788242871.722964,1788242870.819923,-903.041,100.736,7e-05,-0.00798
142.368,1788242871.82737,1788242870.92437,-903.0,104.447,7e-05,-0.00798
142.469,1788242871.931239,1788242871.025377,-905.862,101.007,7e-05,-0.00798
142.572,1788242872.032175,1788242871.128476,-903.699,103.099,7e-05,-0.00798
142.692,1788242872.136003,1788242871.248404,-887.599,119.928,7e-05,-0.00798
142.778,1788242872.238997,1788242871.334945,-904.053,86.541,7e-05,-0.00798
142.894,1788242872.342087,1788242871.451017,-891.07,116.072,7e-05,-0.00798
142.986,1788242872.445206,1788242871.542433,-902.773,91.416,7e-05,-0.00798
143.088,1788242872.548666,1788242871.644289,-904.377,101.855,7e-05,-0.00798
143.192,1788242872.651551,1788242871.748434,-903.117,104.146,7e-05,-0.00798
143.298,1788242872.75468,1788242871.854591,-900.088,106.157,7e-05,-0.00798
143.399,1788242872.857636,1788242871.955546,-902.091,100.955,7e-05,-0.00798
143.503,1788242872.960849,1788242872.059898,-900.951,104.352,7e-05,-0.00798
143.605,1788242873.064033,1788242872.161371,-902.663,101.473,7e-05,-0.00798
143.711,1788242873.16752,1788242872.267318,-900.202,105.947,7e-05,-0.00798
143.809,1788242873.270381,1788242872.365692,-904.689,98.374,7e-05,-0.00798
143.914,1788242873.373362,1788242872.470364,-902.998,104.672,7e-05,-0.00798
144.023,1788242873.476503,1788242872.579716,-896.787,109.352,7e-05,-0.00798
144.12,1788242873.579749,1788242872.676525,-903.224,96.81,7e-05,-0.00798
144.231,1788242873.682953,1788242872.787626,-895.327,111.1,7e-05,-0.00798
144.327,1788242873.786394,1788242872.883937,-902.457,96.311,7e-05,-0.00798
144.435,1788242873.88975,1788242872.991375,-898.375,107.438,7e-05,-0.00798
144.534,1788242873.992672,1788242873.091041,-901.631,99.666,7e-05,-0.00798
144.636,1788242874.096093,1788242873.193213,-902.88,102.171,7e-05,-0.00798
144.742,1788242874.199398,1788242873.298683,-900.715,105.471,7e-05,-0.00798
144.95,1788242874.302428,1788242873.5066,-795.828,207.917,7e-05,-0.00798
144.951,1788242874.405785,1788242873.508134,-897.65,1.534,7e-05,-0.00798
145.049,1788242874.508461,1788242873.605525,-902.936,97.39,7e-05,-0.00798
145.155,1788242874.611494,1788242873.712256,-899.238,106.731,7e-05,-0.00798
145.257,1788242874.714458,1788242873.814159,-900.299,101.903,7e-05,-0.00798
145.358,1788242874.817603,1788242873.915116,-902.488,100.957,7e-05,-0.00798
145.462,1788242874.921045,1788242874.018839,-902.206,103.723,7e-05,-0.00798
145.564,1788242875.024229,1788242874.121227,-903.001,102.388,7e-05,-0.00798
145.666,1788242875.128307,1788242874.222904,-905.403,101.677,7e-05,-0.00798
145.775,1788242875.23062,1788242874.331652,-898.968,108.748,7e-05,-0.00798
145.875,1788242875.333465,1788242874.431677,-901.788,100.024,7e-05,-0.00798
145.977,1788242875.437331,1788242874.533882,-903.449,102.206,7e-05,-0.00798
146.079,1788242875.53995,1788242874.636163,-903.787,102.281,7e-05,-0.00798
146.184,1788242875.643392,1788242874.741021,-902.371,104.858,7e-05,-0.00798
146.285,1788242875.746301,1788242874.841857,-904.444,100.836,7e-05,-0.00798
146.39,1788242875.849426,1788242874.946895,-902.531,105.038,7e-05,-0.00798
146.492,1788242875.952353,1788242875.048956,-903.398,102.06,7e-05,-0.00798
146.597,1788242876.056022,1788242875.153714,-902.308,104.759,7e-05,-0.00798
146.699,1788242876.159009,1788242875.255696,-903.313,101.981,7e-05,-0.00798
146.803,1788242876.262321,1788242875.359653,-902.669,103.957,7e-05,-0.00798
146.905,1788242876.365271,1788242875.461792,-903.48,102.139,7e-05,-0.00798
147.009,1788242876.468324,1788242875.565507,-902.817,103.716,7e-05,-0.00798
147.112,1788242876.571373,1788242875.668923,-902.45,103.415,7e-05,-0.00798
147.214,1788242876.674732,1788242875.770564,-904.168,101.641,7e-05,-0.00798
147.319,1788242876.777651,1788242875.875329,-902.322,104.766,7e-05,-0.00798
147.423,1788242876.881782,1788242875.980264,-901.517,104.935,7e-05,-0.00798
147.525,1788242876.983995,1788242876.081496,-902.498,101.232,7e-05,-0.00798
147.63,1788242877.088213,1788242876.186292,-901.92,104.796,7e-05,-0.00798
147.73,1788242877.190907,1788242876.286739,-904.168,100.447,7e-05,-0.00798
147.834,1788242877.293855,1788242876.390927,-902.929,104.187,7e-05,-0.00798
147.936,1788242877.396917,1788242876.49288,-904.037,101.954,7e-05,-0.00798
148.04,1788242877.499908,1788242876.596699,-903.209,103.818,7e-05,-0.00798
148.144,1788242877.602878,1788242876.700819,-902.059,104.12,7e-05,-0.00798
148.246,1788242877.705903,1788242876.803154,-902.75,102.335,7e-05,-0.00798
148.348,1788242877.809142,1788242876.904886,-904.256,101.732,7e-05,-0.00798
148.453,1788242877.912114,1788242877.010056,-902.058,105.17,7e-05,-0.00798
148.556,1788242878.015303,1788242877.112698,-902.606,102.642,7e-05,-0.00798
148.659,1788242878.118448,1788242877.215743,-902.705,103.045,7e-05,-0.00798
148.765,1788242878.221418,1788242877.321665,-899.753,105.922,7e-05,-0.00798
148.867,1788242878.324765,1788242877.423717,-901.048,102.052,7e-05,-0.00798
148.967,1788242878.429247,1788242877.523899,-905.348,100.182,7e-05,-0.00798
149.072,1788242878.531008,1788242877.62914,-901.868,105.241,7e-05,-0.00798
149.174,1788242878.634445,1788242877.731049,-903.396,101.909,7e-05,-0.00798
149.281,1788242878.737849,1788242877.837444,-900.405,106.395,7e-05,-0.00798
149.383,1788242878.840357,1788242877.940008,-900.349,102.564,7e-05,-0.00798
149.487,1788242878.945311,1788242878.043772,-901.54,103.763,7e-05,-0.00798
149.586,1788242879.047242,1788242878.142954,-904.288,99.182,7e-05,-0.00798
149.688,1788242879.150097,1788242878.244557,-905.54,101.603,7e-05,-0.00798
149.792,1788242879.252599,1788242878.348903,-903.696,104.346,7e-05,-0.00798
149.896,1788242879.355769,1788242878.452322,-903.448,103.419,7e-05,-0.00798
150.0,1788242879.459954,1788242878.557073,-902.881,104.751,7e-05,-0.00798
150.109,1788242879.562115,1788242878.66532,-896.795,108.247,7e-05,-0.00798
150.206,1788242879.665824,1788242878.762735,-903.089,97.415,7e-05,-0.00798
150.308,1788242879.768774,1788242878.864468,-904.306,101.732,7e-05,-0.00798
150.412,1788242879.871938,1788242878.968395,-903.544,103.927,7e-05,-0.00798
150.515,1788242879.975405,1788242879.071907,-903.498,103.513,7e-05,-0.00798
150.617,1788242880.078354,1788242879.17384,-904.514,101.933,7e-05,-0.00798
150.721,1788242880.181365,1788242879.277648,-903.717,103.808,7e-05,-0.00798
150.826,1788242880.284647,1788242879.383026,-901.621,105.378,7e-05,-0.00798
150.929,1788242880.387858,1788242879.485681,-902.177,102.655,7e-05,-0.00798
151.031,1788242880.490805,1788242879.587769,-903.036,102.088,7e-05,-0.00798
151.136,1788242880.593784,1788242879.692444,-901.34,104.675,7e-05,-0.00798
151.237,1788242880.697462,1788242879.794063,-903.399,101.619,7e-05,-0.00798
151.341,1788242880.800761,1788242879.897707,-903.054,103.644,7e-05,-0.00798
151.446,1788242880.903724,1788242880.002496,-901.228,104.789,7e-05,-0.00798
151.548,1788242881.006988,1788242880.104411,-902.576,101.915,7e-05,-0.00798
151.649,1788242881.109987,1788242880.206125,-903.862,101.713,7e-05,-0.00798
151.753,1788242881.21298,1788242880.309947,-903.033,103.822,7e-05,-0.00798
151.858,1788242881.31614,1788242880.414735,-901.405,104.789,7e-05,-0.00798
151.957,1788242881.419139,1788242880.514262,-904.876,99.527,7e-05,-0.00798
152.063,1788242881.521976,1788242880.620178,-901.798,105.916,7e-05,-0.00798
152.167,1788242881.62582,1788242880.72376,-902.06,103.582,7e-05,-0.00798
152.269,1788242881.728819,1788242880.825342,-903.477,101.583,7e-05,-0.00798
152.373,1788242881.831938,1788242880.929866,-902.071,104.524,7e-05,-0.00798
152.478,1788242881.934997,1788242881.034574,-900.423,104.708,7e-05,-0.00798
152.583,1788242882.037951,1788242881.139714,-898.237,105.139,7e-05,-0.00798
152.722,1788242882.141324,1788242881.278576,-862.749,138.862,7e-05,-0.00798
152.785,1788242882.244213,1788242881.341888,-902.324,63.313,7e-05,-0.00798
152.888,1788242882.347257,1788242881.444327,-902.931,102.438,7e-05,-0.00798
152.989,1788242882.450722,1788242881.546196,-904.526,101.869,7e-05,-0.00798
153.092,1788242882.553582,1788242881.648378,-905.204,102.182,7e-05,-0.00798
153.198,1788242882.656555,1788242881.754811,-901.744,106.433,7e-05,-0.00798
153.299,1788242882.759715,1788242881.855866,-903.849,101.055,7e-05,-0.00798
153.408,1788242882.862794,1788242881.964944,-897.85,109.078,7e-05,-0.00798
153.506,1788242882.966018,1788242882.062676,-903.342,97.733,7e-05,-0.00798
153.611,1788242883.069332,1788242882.167434,-901.898,104.757,7e-05,-0.00798
153.711,1788242883.172055,1788242882.267555,-904.5,100.122,7e-05,-0.00798
153.817,1788242883.275516,1788242882.373942,-901.574,106.386,7e-05,-0.00798
153.92,1788242883.37847,1788242882.476556,-901.913,102.614,7e-05,-0.00798
154.021,1788242883.481512,1788242882.577849,-903.663,101.293,7e-05,-0.00798
154.126,1788242883.584716,1788242882.682535,-902.18,104.686,7e-05,-0.00798
154.227,1788242883.688056,1788242882.783445,-904.611,100.909,7e-05,-0.00798
154.332,1788242883.790759,1788242882.888289,-902.47,104.845,7e-05,-0.00798
154.433,1788242883.8942,1788242882.98964,-904.56,101.35,7e-05,-0.00798
154.537,1788242883.997088,1788242883.093331,-903.757,103.691,7e-05,-0.00798
154.64,1788242884.100195,1788242883.196798,-903.397,103.467,7e-05,-0.00798
154.748,1788242884.203448,1788242883.305044,-898.404,108.246,7e-05,-0.00798
154.848,1788242884.308089,1788242883.404464,-903.624,99.42,7e-05,-0.00798
154.949,1788242884.410119,1788242883.505315,-904.804,100.85,7e-05,-0.00798
155.052,1788242884.51307,1788242883.60882,-904.25,103.505,7e-05,-0.00798
155.155,1788242884.616097,1788242883.711313,-904.784,102.494,7e-05,-0.00798
155.26,1788242884.719142,1788242883.816639,-902.503,105.326,7e-05,-0.00798
155.366,1788242884.822127,1788242883.922387,-899.74,105.747,7e-05,-0.00798
155.466,1788242884.926549,1788242884.022373,-904.176,99.987,7e-05,-0.00798
155.566,1788242885.028446,1788242884.12319,-905.256,100.817,7e-05,-0.00798
155.67,1788242885.131387,1788242884.226825,-904.562,103.635,7e-05,-0.00798
155.774,1788242885.234432,1788242884.331067,-903.365,104.242,7e-05,-0.00798
155.878,1788242885.337391,1788242884.434805,-902.587,103.738,7e-05,-0.00798
155.98,1788242885.440469,1788242884.536808,-903.66,102.004,7e-05,-0.00798
156.086,1788242885.543699,1788242884.643123,-900.577,106.314,7e-05,-0.00798
156.188,1788242885.647483,1788242884.74508,-902.403,101.958,7e-05,-0.00798
156.291,1788242885.75046,1788242884.847313,-903.147,102.233,7e-05,-0.00798
156.393,1788242885.853571,1788242884.949524,-904.047,102.211,7e-05,-0.00798
156.497,1788242885.956672,1788242885.053408,-903.264,103.884,7e-05,-0.00798
156.598,1788242886.060268,1788242885.155065,-905.203,101.657,7e-05,-0.00798
156.704,1788242886.162956,1788242885.260564,-902.392,105.499,7e-05,-0.00798
156.807,1788242886.266242,1788242885.363304,-902.937,102.74,7e-05,-0.00798
156.914,1788242886.369364,1788242885.470709,-898.654,107.405,7e-05,-0.00798
157.012,1788242886.472651,1788242885.5692,-903.451,98.49,7e-05,-0.00798
157.117,1788242886.576154,1788242885.673985,-902.169,104.785,7e-05,-0.00798
157.218,1788242886.679405,1788242885.774953,-904.452,100.968,7e-05,-0.00798
157.327,1788242886.782297,1788242885.884181,-898.116,109.228,7e-05,-0.00798
157.426,1788242886.8853,1788242885.982383,-902.917,98.202,7e-05,-0.00798
157.532,1788242886.988958,1788242886.088884,-900.074,106.501,7e-05,-0.00798
157.632,1788242887.091965,1788242886.189279,-902.686,100.395,7e-05,-0.00798
157.733,1788242887.195112,1788242886.290254,-904.858,100.975,7e-05,-0.00798
157.838,1788242887.298069,1788242886.394446,-903.623,104.192,7e-05,-0.00798
157.942,1788242887.401357,1788242886.498566,-902.791,104.12,7e-05,-0.00798
158.044,1788242887.504335,1788242886.600416,-903.919,101.85,7e-05,-0.00798
158.147,1788242887.607438,1788242886.703448,-903.99,103.032,7e-05,-0.00798
158.249,1788242887.710084,1788242886.805825,-904.259,102.377,7e-05,-0.00798
158.354,1788242887.813427,1788242886.910408,-903.018,104.583,7e-05,-0.00798
158.456,1788242887.916733,1788242887.012755,-903.978,102.347,7e-05,-0.00798
158.561,1788242888.019761,1788242887.117705,-902.056,104.95,7e-05,-0.00798
158.664,1788242888.12339,1788242887.221013,-902.377,103.308,7e-05,-0.00798
158.767,1788242888.227495,1788242887.323944,-903.551,102.931,7e-05,-0.00798
158.874,1788242888.329463,1788242887.430881,-898.582,106.937,7e-05,-0.00798
158.981,1788242888.432217,1788242887.537627,-894.59,106.746,7e-05,-0.00798
159.079,1788242888.53564,1788242887.635608,-900.032,97.98,7e-05,-0.00798
159.177,1788242888.638556,1788242887.733466,-905.09,97.858,7e-05,-0.00798
159.284,1788242888.741579,1788242887.840459,-901.119,106.993,7e-05,-0.00798
159.388,1788242888.845195,1788242887.944658,-900.538,104.198,7e-05,-0.00798
159.493,1788242888.948193,1788242888.049895,-898.298,105.237,7e-05,-0.00798
159.594,1788242889.051111,1788242888.150353,-900.758,100.458,7e-05,-0.00798
159.694,1788242889.154384,1788242888.250506,-903.878,100.153,7e-05,-0.00798
159.797,1788242889.257731,1788242888.353372,-904.359,102.865,7e-05,-0.00798
159.902,1788242889.360706,1788242888.458415,-902.292,105.043,7e-05,-0.00798
160.005,1788242889.463957,1788242888.561996,-901.961,103.582,7e-05,-0.00798
160.111,1788242889.567262,1788242888.667343,-899.919,105.347,7e-05,-0.00798
160.21,1788242889.670186,1788242888.766452,-903.734,99.109,7e-05,-0.00798
160.316,1788242889.773482,1788242888.872439,-901.043,105.987,7e-05,-0.00798
160.415,1788242889.876551,1788242888.971365,-905.186,98.927,7e-05,-0.00798
160.518,1788242889.979391,1788242889.074692,-904.698,103.327,7e-05,-0.00798
160.624,1788242890.082333,1788242889.180474,-901.859,105.782,7e-05,-0.00798
160.728,1788242890.185368,1788242889.284746,-900.622,104.273,7e-05,-0.00798
160.83,1788242890.289005,1788242889.386363,-902.642,101.617,7e-05,-0.00798
160.933,1788242890.391831,1788242889.489691,-902.14,103.328,7e-05,-0.00798
161.035,1788242890.495247,1788242889.592166,-903.081,102.475,7e-05,-0.00798
161.139,1788242890.598244,1788242889.695833,-902.411,103.667,7e-05,-0.00798
161.242,1788242890.701219,1788242889.798656,-902.563,102.822,7e-05,-0.00798
161.344,1788242890.804389,1788242889.901177,-903.212,102.522,7e-05,-0.00798
161.45,1788242890.907082,1788242890.006329,-900.753,105.152,7e-05,-0.00798
161.55,1788242891.010894,1788242890.107182,-903.711,100.853,7e-05,-0.00798
161.653,1788242891.1139,1788242890.210061,-903.84,102.879,7e-05,-0.00798
161.757,1788242891.217032,1788242890.31358,-903.452,103.519,7e-05,-0.00798
161.862,1788242891.320132,1788242890.418397,-901.735,104.817,7e-05,-0.00798
161.967,1788242891.423314,1788242890.52371,-899.604,105.313,7e-05,-0.00798
162.065,1788242891.526983,1788242890.621716,-905.268,98.006,7e-05,-0.00798
162.17,1788242891.629861,1788242890.727253,-902.608,105.537,7e-05,-0.00798
162.272,1788242891.733132,1788242890.828862,-904.27,101.609,7e-05,-0.00798
162.375,1788242891.836065,1788242890.931543,-904.522,102.681,7e-05,-0.00798
162.478,1788242891.939005,1788242891.034653,-904.351,103.11,7e-05,-0.00798
162.581,1788242892.04208,1788242891.138049,-904.031,103.396,7e-05,-0.00798
162.685,1788242892.145329,1788242891.242162,-903.167,104.113,7e-05,-0.00798
162.787,1788242892.248722,1788242891.344237,-904.485,102.075,7e-05,-0.00798
162.892,1788242892.35169,1788242891.448853,-902.837,104.616,7e-05,-0.00798
162.996,1788242892.455234,1788242891.552883,-902.35,104.03,7e-05,-0.00798
163.097,1788242892.557991,1788242891.654158,-903.833,101.275,7e-05,-0.00798
163.201,1788242892.66101,1788242891.757806,-903.204,103.648,7e-05,-0.00798
163.307,1788242892.764564,1788242891.863297,-901.266,105.491,7e-05,-0.00798
163.408,1788242892.867673,1788242891.964999,-902.673,101.702,7e-05,-0.00798
163.51,1788242892.970788,1788242892.066712,-904.077,101.713,7e-05,-0.00798
163.613,1788242893.073509,1788242892.169772,-903.738,103.06,7e-05,-0.00798
163.716,1788242893.176836,1788242892.272805,-904.031,103.034,7e-05,-0.00798
163.819,1788242893.279753,1788242892.375954,-903.8,103.149,7e-05,-0.00798
163.922,1788242893.382865,1788242892.478748,-904.117,102.794,7e-05,-0.00798
164.093,1788242893.486048,1788242892.650194,-835.854,171.447,7e-05,-0.00798
164.131,1788242893.589522,1788242892.687759,-901.763,37.565,7e-05,-0.00798
164.237,1788242893.692434,1788242892.793842,-898.592,106.082,7e-05,-0.00798
164.336,1788242893.796343,1788242892.892844,-903.499,99.003,7e-05,-0.00798
164.438,1788242893.899031,1788242892.994667,-904.365,101.822,7e-05,-0.00798
164.541,1788242894.002145,1788242893.098035,-904.11,103.368,7e-05,-0.00798
164.644,1788242894.105086,1788242893.201101,-903.986,103.066,7e-05,-0.00798
164.747,1788242894.208401,1788242893.303815,-904.586,102.714,7e-05,-0.00798
164.85,1788242894.311337,1788242893.406487,-904.849,102.673,7e-05,-0.00798
165.011,1788242894.414334,1788242893.56732,-847.013,160.833,7e-05,-0.00798
167.081,1788242895.548285,1788242895.638197,89.911,2070.876,7e-05,-0.00798
167.082,1788242895.651663,1788242895.638341,-13.322,0.145,7e-05,-0.00798
167.082,1788242895.754753,1788242895.638454,-116.298,0.113,7e-05,-0.00798
167.082,1788242895.857902,1788242895.63857,-219.331,0.116,7e-05,-0.00798
167.082,1788242895.961631,1788242895.638669,-322.962,0.099,7e-05,-0.00798
167.082,1788242896.064661,1788242895.638762,-425.899,0.092,7e-05,-0.00798
167.082,1788242896.167934,1788242895.638954,-528.98,0.192,7e-05,-0.00798
167.082,1788242896.270944,1788242895.639064,-631.881,0.11,7e-05,-0.00798
167.082,1788242896.374141,1788242895.639147,-734.994,0.083,7e-05,-0.00798
167.082,1788242896.477298,1788242895.639247,-838.051,0.1,7e-05,-0.00798
167.119,1788242896.580368,1788242895.676126,-904.242,36.879,7e-05,-0.00798
167.225,1788242896.68377,1788242895.78155,-902.22,105.424,7e-05,-0.00798
167.329,1788242896.787114,1788242895.885404,-901.71,103.853,7e-05,-0.00798
167.43,1788242896.890131,1788242895.986322,-903.81,100.918,7e-05,-0.00798
167.533,1788242896.993402,1788242896.089673,-903.729,103.351,7e-05,-0.00798
167.635,1788242897.096388,1788242896.192221,-904.167,102.548,7e-05,-0.00798
167.738,1788242897.199342,1788242896.295111,-904.231,102.89,7e-05,-0.00798
167.841,1788242897.302476,1788242896.397438,-905.038,102.327,7e-05,-0.00798
167.945,1788242897.405644,1788242896.501581,-904.063,104.143,7e-05,-0.00798
168.048,1788242897.509122,1788242896.604605,-904.518,103.024,7e-05,-0.00798
168.155,1788242897.612311,1788242896.711492,-900.82,106.887,7e-05,-0.00798
168.255,1788242897.71554,1788242896.811859,-903.681,100.367,7e-05,-0.00798
168.362,1788242897.818671,1788242896.919059,-899.612,107.2,7e-05,-0.00798
168.464,1788242897.921896,1788242897.020876,-901.02,101.817,7e-05,-0.00798
168.571,1788242898.025019,1788242897.127365,-897.654,106.489,7e-05,-0.00798
168.666,1788242898.12839,1788242897.223119,-905.27,95.754,7e-05,-0.00798
168.778,1788242898.231707,1788242897.334442,-897.266,111.322,7e-05,-0.00798
168.976,1788242898.334736,1788242897.532341,-802.396,197.899,7e-05,-0.00798
168.979,1788242898.437762,1788242897.535285,-902.477,2.945,7e-05,-0.00798
169.084,1788242898.540934,1788242897.640547,-900.387,105.262,7e-05,-0.00798
169.189,1788242898.64399,1788242897.745335,-898.655,104.788,7e-05,-0.00798
169.288,1788242898.746949,1788242897.844653,-902.297,99.318,7e-05,-0.00798
169.391,1788242898.8504,1788242897.948194,-902.206,103.541,7e-05,-0.00798
169.495,1788242898.95327,1788242898.051813,-901.456,103.62,7e-05,-0.00798
169.628,1788242899.056653,1788242898.18449,-872.163,132.677,-0.00439,-0.01269
169.699,1788242899.159721,1788242898.255954,-903.767,71.464,-0.00439,-0.01269
169.802,1788242899.262797,1788242898.358881,-903.916,102.927,-0.00439,-0.01269
169.904,1788242899.366047,1788242898.461034,-905.013,102.153,-0.00439,-0.01269
170.008,1788242899.46909,1788242898.565235,-903.855,104.201,-0.00439,-0.01269
170.113,1788242899.57212,1788242898.669838,-902.282,104.603,-0.00439,-0.01269
170.219,1788242899.677245,1788242898.77622,-901.024,106.383,-0.00439,-0.01269
170.318,1788242899.778987,1788242898.875217,-903.77,98.996,-0.00439,-0.01269
170.445,1788242899.881569,1788242899.002228,-879.341,127.012,-0.00439,-0.01269
170.525,1788242899.984624,1788242899.081542,-903.081,79.314,-0.00439,-0.01269
170.65,1788242900.087862,1788242899.206369,-881.493,124.827,-0.00439,-0.01269
170.731,1788242900.19111,1788242899.288048,-903.062,81.679,-0.00439,-0.01269
170.832,1788242900.293903,1788242899.388946,-904.958,100.898,-0.00439,-0.01269
170.936,1788242900.396714,1788242899.493217,-903.498,104.271,-0.00439,-0.01269
171.039,1788242900.500047,1788242899.595423,-904.624,102.206,-0.00439,-0.01269
171.143,1788242900.60309,1788242899.699821,-903.269,104.398,-0.00439,-0.01269
171.247,1788242900.706801,1788242899.804248,-902.553,104.427,-0.00439,-0.01269
171.351,1788242900.809775,1788242899.907865,-901.91,103.617,-0.00439,-0.01269
171.47,1788242900.913271,1788242900.026781,-886.49,118.916,-0.00439,-0.01269
171.556,1788242901.016234,1788242900.112642,-903.592,85.861,-0.00439,-0.01269
171.661,1788242901.119663,1788242900.217386,-902.277,104.745,-0.00439,-0.01269
171.764,1788242901.222696,1788242900.32032,-902.376,102.933,-0.00439,-0.01269
171.868,1788242901.32655,1788242900.425065,-901.485,104.745,-0.01025,0.00163
171.968,1788242901.429434,1788242900.524798,-904.636,99.733,-0.01025,0.00163
172.073,1788242901.532267,1788242900.629281,-902.985,104.484,-0.01025,0.00163
172.178,1788242901.635553,1788242900.735,-900.554,105.718,-0.01025,0.00163
172.284,1788242901.738635,1788242900.840907,-897.728,105.907,-0.01025,0.00163
172.381,1788242901.842289,1788242900.937472,-904.817,96.565,-0.01025,0.00163
172.489,1788242901.945266,1788242901.046214,-899.052,108.742,-0.01025,0.00163
172.587,1788242902.048788,1788242901.144026,-904.763,97.811,-0.01025,0.00163
172.692,1788242902.15207,1788242901.248809,-903.261,104.783,-0.01025,0.00163
172.794,1788242902.25521,1788242901.350853,-904.357,102.045,-0.01025,0.00163
172.906,1788242902.358482,1788242901.462386,-896.096,111.533,-0.01025,0.00163
173.001,1788242902.46175,1788242901.558046,-903.704,95.66,-0.01025,0.00163
173.109,1788242902.565254,1788242901.665411,-899.843,107.365,-0.01025,0.00163
173.213,1788242902.669036,1788242901.769425,-899.611,104.014,-0.01025,0.00163
173.321,1788242902.772217,1788242901.877596,-894.621,108.171,-0.01025,0.00163
173.417,1788242902.875794,1788242901.973527,-902.267,95.93,-0.01025,0.00163
173.518,1788242902.979071,1788242902.074713,-904.358,101.187,-0.01025,0.00163
173.626,1788242903.082112,1788242902.183004,-899.108,108.291,-0.02592,-0.0029
173.727,1788242903.185839,1788242902.283818,-902.021,100.814,-0.02592,-0.0029
173.827,1788242903.289106,1788242902.38409,-905.016,100.272,-0.02592,-0.0029
173.93,1788242903.392218,1788242902.487041,-905.177,102.951,-0.02592,-0.0029
174.037,1788242903.495402,1788242902.593839,-901.563,106.798,-0.02592,-0.0029
174.137,1788242903.60061,1788242902.693858,-906.753,100.019,-0.02592,-0.0029
174.243,1788242903.702246,1788242902.799338,-902.908,105.48,-0.02592,-0.0029
174.345,1788242903.806336,1788242902.901779,-904.558,102.441,-0.02592,-0.0029
174.448,1788242903.908655,1788242903.004344,-904.311,102.565,-0.02592,-0.0029
174.551,1788242904.01178,1788242903.107861,-903.919,103.518,-0.02592,-0.0029
174.655,1788242904.115246,1788242903.212122,-903.123,104.261,-0.02592,-0.0029
174.759,1788242904.218706,1788242903.315879,-902.827,103.757,-0.02592,-0.0029
174.866,1788242904.322072,1788242903.423171,-898.901,107.292,-0.02592,-0.0029
174.967,1788242904.426082,1788242903.523302,-902.78,100.131,-0.02592,-0.0029
175.072,1788242904.529064,1788242903.628947,-900.117,105.645,-0.02592,-0.0029
175.171,1788242904.633641,1788242903.727451,-906.19,98.504,-0.02592,-0.0029
175.278,1788242904.735631,1788242903.834362,-901.269,106.911,-0.04962,-0.02356
175.379,1788242904.839015,1788242903.935753,-903.262,101.391,-0.04962,-0.02356
175.506,1788242904.9424,1788242904.062789,-879.611,127.036,-0.04962,-0.02356
175.596,1788242905.046072,1788242904.153142,-892.929,90.353,-0.04962,-0.02356
175.688,1788242905.150074,1788242904.244332,-905.743,91.189,-0.04962,-0.02356
175.792,1788242905.252726,1788242904.348616,-904.11,104.284,-0.04962,-0.02356
175.895,1788242905.356901,1788242904.45171,-905.191,103.094,-0.04962,-0.02356
175.998,1788242905.459461,1788242904.555035,-904.426,103.326,-0.04962,-0.02356
176.102,1788242905.562712,1788242904.658338,-904.374,103.302,-0.04962,-0.02356
176.206,1788242905.66587,1788242904.76258,-903.29,104.243,-0.04962,-0.02356
176.309,1788242905.769095,1788242904.865556,-903.54,102.975,-0.04962,-0.02356
176.411,1788242905.872235,1788242904.967379,-904.856,101.823,-0.04962,-0.02356
176.515,1788242905.975556,1788242905.071301,-904.254,103.923,-0.04962,-0.02356
176.618,1788242906.078837,1788242905.174283,-904.555,102.981,-0.04962,-0.02356
176.721,1788242906.181991,1788242905.277562,-904.429,103.279,-0.04962,-0.02356
176.825,1788242906.284899,1788242905.381617,-903.282,104.055,-0.04962,-0.02356
176.93,1788242906.388223,1788242905.486799,-901.424,105.182,-0.06991,-0.02707
177.032,1788242906.491447,1788242905.589017,-902.429,102.219,-0.06991,-0.02707
177.136,1788242906.595032,1788242905.692301,-902.732,103.283,-0.06991,-0.02707
177.238,1788242906.69844,1788242905.794988,-903.451,102.688,-0.06991,-0.02707
177.341,1788242906.801565,1788242905.897476,-904.089,102.488,-0.06991,-0.02707
177.444,1788242906.905039,1788242906.000309,-904.73,102.833,-0.06991,-0.02707
177.547,1788242907.008496,1788242906.103939,-904.557,103.63,-0.06991,-0.02707
177.651,1788242907.111591,1788242906.207505,-904.086,103.566,-0.06991,-0.02707
177.756,1788242907.215042,1788242906.312386,-902.656,104.881,-0.06991,-0.02707
177.858,1788242907.318449,1788242906.41446,-903.988,102.075,-0.06991,-0.02707
177.963,1788242907.421541,1788242906.520115,-901.427,105.654,-0.06991,-0.02707
178.067,1788242907.524964,1788242906.624067,-900.897,103.952,-0.06991,-0.02707
178.166,1788242907.629339,1788242906.723129,-906.21,99.062,-0.06991,-0.02707
178.27,1788242907.731651,1788242906.826908,-904.743,103.78,-0.06991,-0.02707
178.375,1788242907.8347,1788242906.931391,-903.309,104.483,-0.06991,-0.02707
178.481,1788242907.937913,1788242907.037388,-900.525,105.997,-0.06991,-0.02707
178.585,1788242908.040998,1788242907.141903,-899.095,104.515,-0.11739,-0.0451
178.684,1788242908.14443,1788242907.240514,-903.917,98.611,-0.11739,-0.0451
178.79,1788242908.248067,1788242907.346651,-901.415,106.138,-0.11739,-0.0451
178.901,1788242908.35146,1788242907.458009,-893.451,111.357,-0.11739,-0.0451
178.995,1788242908.454562,1788242907.552053,-902.509,94.044,-0.11739,-0.0451
179.099,1788242908.557792,1788242907.655869,-901.922,103.817,-0.11739,-0.0451
179.202,1788242908.660994,1788242907.759243,-901.751,103.374,-0.11739,-0.0451
179.303,1788242908.764786,1788242907.859695,-905.091,100.452,-0.11739,-0.0451
179.408,1788242908.867797,1788242907.964912,-902.884,105.217,-0.11739,-0.0451
179.51,1788242908.971495,1788242908.066543,-904.953,101.63,-0.11739,-0.0451
179.614,1788242909.074372,1788242908.171146,-903.227,104.603,-0.11739,-0.0451
179.717,1788242909.177619,1788242908.273302,-904.317,102.156,-0.11739,-0.0451
179.82,1788242909.280927,1788242908.377201,-903.726,103.899,-0.11739,-0.0451
179.924,1788242909.384283,1788242908.481278,-903.006,104.077,-0.11739,-0.0451
180.031,1788242909.487883,1788242908.588021,-899.862,106.743,-0.11739,-0.0451
180.133,1788242909.591434,1788242908.690001,-901.433,101.979,-0.11739,-0.0451
180.24,1788242909.694548,1788242908.796576,-897.972,106.575,-0.13245,-0.06355
180.344,1788242909.797801,1788242908.900529,-897.271,103.954,-0.13245,-0.06355
180.441,1788242909.900873,1788242908.997312,-903.561,96.783,-0.13245,-0.06355
180.544,1788242910.004121,1788242909.100297,-903.824,102.985,-0.13245,-0.06355
180.651,1788242910.107701,1788242909.20757,-900.131,107.273,-0.13245,-0.06355
180.75,1788242910.211148,1788242909.306552,-904.596,98.982,-0.13245,-0.06355
180.882,1788242910.314404,1788242909.439058,-875.346,132.506,-0.13245,-0.06355
180.957,1788242910.417521,1788242909.513282,-904.239,74.224,-0.13245,-0.06355
181.064,1788242910.520826,1788242909.62103,-899.796,107.748,-0.13245,-0.06355
181.171,1788242910.624035,1788242909.72782,-896.215,106.79,-0.13245,-0.06355
181.27,1788242910.728291,1788242909.826291,-902.001,98.471,-0.13245,-0.06355
181.375,1788242910.830646,1788242909.93154,-899.105,105.25,-0.13245,-0.06355
181.475,1788242910.934577,1788242910.031834,-902.744,100.293,-0.13245,-0.06355
181.583,1788242911.037397,1788242910.13948,-897.917,107.646,-0.13245,-0.06355
181.684,1788242911.14074,1788242910.240944,-899.797,101.464,-0.13245,-0.06355
181.785,1788242911.244605,1788242910.341419,-903.185,100.476,-0.13245,-0.06355
181.891,1788242911.347939,1788242910.448273,-899.666,106.854,-0.14465,-0.0861
181.992,1788242911.451557,1788242910.548664,-902.894,100.391,-0.14465,-0.0861
182.094,1788242911.554617,1788242910.650504,-904.112,101.84,-0.14465,-0.0861
182.199,1788242911.658102,1788242910.756191,-901.911,105.687,-0.14465,-0.0861
182.301,1788242911.761597,1788242910.857508,-904.089,101.317,-0.14465,-0.0861
182.404,1788242911.86504,1788242910.961231,-903.809,103.723,-0.14465,-0.0861
182.507,1788242911.968258,1788242911.063839,-904.419,102.608,-0.14465,-0.0861
182.612,1788242912.071463,1788242911.168533,-902.93,104.695,-0.14465,-0.0861
182.713,1788242912.17507,1788242911.269353,-905.717,100.82,-0.14465,-0.0861
182.817,1788242912.277638,1788242911.373931,-903.708,104.577,-0.14465,-0.0861
182.92,1788242912.381042,1788242911.476787,-904.255,102.856,-0.14465,-0.0861
183.03,1788242912.484209,1788242911.586808,-897.401,110.021,-0.14465,-0.0861
185.083,1788242913.620536,1788242913.640261,19.725,2053.453,-0.17085,-0.09963
185.084,1788242913.723703,1788242913.640407,-83.295,0.146,-0.17085,-0.09963
185.084,1788242913.828412,1788242913.640514,-187.898,0.107,-0.17085,-0.09963
185.084,1788242913.930382,1788242913.640612,-289.77,0.098,-0.17085,-0.09963
185.084,1788242914.033615,1788242913.640706,-392.909,0.094,-0.17085,-0.09963
185.084,1788242914.136886,1788242913.6408,-496.086,0.094,-0.17085,-0.09963
185.084,1788242914.240011,1788242913.640884,-599.127,0.084,-0.17085,-0.09963
185.084,1788242914.34332,1788242913.640982,-702.338,0.098,-0.17085,-0.09963
185.084,1788242914.446483,1788242913.641139,-805.344,0.157,-0.17085,-0.09963
185.09,1788242914.550502,1788242913.646456,-904.046,5.317,-0.17085,-0.09963
185.196,1788242914.653455,1788242913.752334,-901.121,105.878,-0.17085,-0.09963
185.296,1788242914.756547,1788242913.852862,-903.684,100.529,-0.17085,-0.09963
185.399,1788242914.860359,1788242913.955891,-904.468,103.029,-0.17085,-0.09963
185.567,1788242914.962751,1788242914.124245,-838.506,168.355,-0.17085,-0.09963
185.672,1788242915.065691,1788242914.228967,-836.723,104.722,-0.17085,-0.09963
185.749,1788242915.168878,1788242914.305956,-862.921,76.989,-0.17085,-0.09963
185.813,1788242915.272341,1788242914.369677,-902.663,63.721,-0.17085,-0.09963
185.914,1788242915.37551,1788242914.471184,-904.325,101.507,-0.17085,-0.09963
186.019,1788242915.479274,1788242914.575329,-903.945,104.144,-0.17085,-0.09963
186.122,1788242915.582535,1788242914.678425,-904.11,103.096,-0.17085,-0.09963
186.226,1788242915.685639,1788242914.782336,-903.303,103.911,-0.17085,-0.09963
186.328,1788242915.789248,1788242914.88507,-904.178,102.734,-0.17085,-0.09963
186.431,1788242915.892203,1788242914.987671,-904.532,102.602,-0.17085,-0.09963
186.534,1788242915.995288,1788242915.090436,-904.852,102.765,-0.17085,-0.09963
186.708,1788242916.098599,1788242915.264527,-834.072,174.091,-0.17085,-0.09963
186.807,1788242916.202096,1788242915.363667,-838.428,99.14,-0.17085,-0.09963
186.912,1788242916.305588,1788242915.468542,-837.046,104.875,-0.17085,-0.09963
187.056,1788242916.408722,1788242915.612752,-795.97,144.21,-0.17085,-0.09963
187.082,1788242916.511868,1788242915.639095,-872.773,26.343,-0.17085,-0.09963
187.158,1788242916.615128,1788242915.715177,-899.951,76.082,-0.18265,-0.11189
187.258,1788242916.718745,1788242915.814516,-904.229,99.339,-0.18265,-0.11189
187.419,1788242916.822105,1788242915.97531,-846.796,160.793,-0.18265,-0.11189
187.468,1788242916.925961,1788242916.02429,-901.672,48.98,-0.18265,-0.11189
187.571,1788242917.029112,1788242916.128022,-901.09,103.733,-0.18265,-0.11189
187.671,1788242917.132325,1788242916.227893,-904.432,99.87,-0.18265,-0.11189
187.774,1788242917.235493,1788242916.330581,-904.912,102.689,-0.18265,-0.11189
187.879,1788242917.338881,1788242916.435518,-903.362,104.937,-0.18265,-0.11189
187.984,1788242917.442746,1788242916.541045,-901.701,105.526,-0.18265,-0.11189
188.085,1788242917.545918,1788242916.642245,-903.673,101.2,-0.18265,-0.11189
188.189,1788242917.649169,1788242916.746221,-902.948,103.977,-0.18265,-0.11189
188.292,1788242917.752422,1788242916.848869,-903.553,102.648,-0.18265,-0.11189
188.394,1788242917.855695,1788242916.951204,-904.491,102.335,-0.18265,-0.11189
188.497,1788242917.959119,1788242917.054204,-904.915,103.0,-0.18265,-0.11189
188.604,1788242918.06272,1788242917.161238,-901.482,107.034,-0.18265,-0.11189
188.71,1788242918.167818,1788242917.266905,-900.913,105.666,-0.20462,-0.11283
188.81,1788242918.269877,1788242917.366901,-902.976,99.997,-0.20462,-0.11283
188.915,1788242918.373077,1788242917.471917,-901.16,105.016,-0.20462,-0.11283
189.015,1788242918.476176,1788242917.571758,-904.418,99.841,-0.20462,-0.11283
189.119,1788242918.579456,1788242917.675336,-904.119,103.578,-0.20462,-0.11283
189.225,1788242918.682698,1788242917.781616,-901.081,106.28,-0.20462,-0.11283
189.329,1788242918.786884,1788242917.885501,-901.383,103.885,-0.20462,-0.11283
189.434,1788242918.889856,1788242917.99054,-899.317,105.038,-0.20462,-0.11283
189.531,1788242918.993076,1788242918.087774,-905.302,97.235,-0.20462,-0.11283
189.635,1788242919.096255,1788242918.191338,-904.917,103.563,-0.20462,-0.11283
189.739,1788242919.199625,1788242918.296121,-903.504,104.783,-0.20462,-0.11283
189.842,1788242919.302827,1788242918.399181,-903.646,103.06,-0.20462,-0.11283
189.946,1788242919.406409,1788242918.502656,-903.753,103.475,-0.20462,-0.11283
190.049,1788242919.509861,1788242918.606197,-903.664,103.541,-0.20462,-0.11283
190.154,1788242919.613334,1788242918.710456,-902.878,104.259,-0.20462,-0.11283
190.26,1788242919.71648,1788242918.81715,-899.331,106.693,-0.21953,-0.08506
190.361,1788242919.819715,1788242918.917685,-902.03,100.535,-0.21953,-0.08506
190.464,1788242919.923116,1788242919.020461,-902.655,102.776,-0.21953,-0.08506
190.565,1788242920.027107,1788242919.122225,-904.882,101.764,-0.21953,-0.08506
190.67,1788242920.129534,1788242919.226319,-903.215,104.094,-0.21953,-0.08506
190.774,1788242920.233443,1788242919.330709,-902.734,104.39,-0.21953,-0.08506
190.905,1788242920.336436,1788242919.461721,-874.715,131.012,-0.21953,-0.08506
190.98,1788242920.439615,1788242919.536505,-903.111,74.783,-0.21953,-0.08506
191.082,1788242920.542796,1788242919.638871,-903.925,102.367,-0.21953,-0.08506
191.188,1788242920.646009,1788242919.744483,-901.527,105.611,-0.21953,-0.08506
191.291,1788242920.74976,1788242919.847344,-902.416,102.861,-0.21953,-0.08506
191.391,1788242920.853041,1788242919.948236,-904.806,100.892,-0.21953,-0.08506
191.496,1788242920.956312,1788242920.052736,-903.576,104.501,-0.21953,-0.08506
191.602,1788242921.059921,1788242920.158703,-901.218,105.966,-0.21953,-0.08506
191.703,1788242921.163102,1788242920.259458,-903.644,100.755,-0.21953,-0.08506
191.812,1788242921.266562,1788242920.368418,-898.143,108.96,-0.24893,-0.05383
191.909,1788242921.369739,1788242920.466126,-903.613,97.707,-0.24893,-0.05383
192.079,1788242921.47298,1788242920.635583,-837.398,169.457,-0.24893,-0.05383
192.115,1788242921.576519,1788242920.671748,-904.771,36.165,-0.24893,-0.05383
192.22,1788242921.679727,1788242920.776508,-903.219,104.76,-0.24893,-0.05383
192.324,1788242921.7833,1788242920.880813,-902.487,104.306,-0.24893,-0.05383
192.426,1788242921.886733,1788242920.982368,-904.366,101.554,-0.24893,-0.05383
192.532,1788242921.990285,1788242921.089184,-901.101,106.817,-0.24893,-0.05383
192.633,1788242922.09339,1788242921.189556,-903.834,100.372,-0.24893,-0.05383
192.736,1788242922.19691,1788242921.292638,-904.272,103.082,-0.24893,-0.05383
192.84,1788242922.300071,1788242921.396674,-903.397,104.036,-0.24893,-0.05383
192.943,1788242922.40331,1788242921.499716,-903.594,103.042,-0.24893,-0.05383
193.046,1788242922.50683,1788242921.602888,-903.942,103.173,-0.24893,-0.05383
193.154,1788242922.610417,1788242921.710472,-899.945,107.583,-0.24893,-0.05383
193.252,1788242922.713111,1788242921.808706,-904.405,98.234,-0.24893,-0.05383
193.357,1788242922.816474,1788242921.913493,-902.981,104.787,-0.24893,-0.05383
193.463,1788242922.919636,1788242922.019288,-900.348,105.795,-0.27121,-0.00491
193.562,1788242923.023196,1788242922.118443,-904.753,99.154,-0.27121,-0.00491
193.667,1788242923.126721,1788242922.223924,-902.796,105.482,-0.27121,-0.00491
193.768,1788242923.229831,1788242922.324579,-905.251,100.655,-0.27121,-0.00491
193.873,1788242923.333229,1788242922.429437,-903.792,104.858,-0.27121,-0.00491
193.975,1788242923.437014,1788242922.532068,-904.946,102.631,-0.27121,-0.00491
194.079,1788242923.540103,1788242922.635687,-904.416,103.619,-0.27121,-0.00491
194.186,1788242923.643583,1788242922.743186,-900.397,107.498,-0.27121,-0.00491
194.288,1788242923.747148,1788242922.844876,-902.272,101.69,-0.27121,-0.00491
194.39,1788242923.850496,1788242922.946918,-903.578,102.042,-0.27121,-0.00491
194.494,1788242923.953776,1788242923.050657,-903.119,103.739,-0.27121,-0.00491
194.595,1788242924.058089,1788242923.151685,-906.404,101.028,-0.27121,-0.00491
194.698,1788242924.160234,1788242923.255254,-904.98,103.57,-0.27121,-0.00491
194.803,1788242924.263269,1788242923.35948,-903.79,104.226,-0.27121,-0.00491
194.907,1788242924.366582,1788242923.463712,-902.87,104.232,-0.27121,-0.00491
195.017,1788242924.469686,1788242923.573711,-895.975,110.0,-0.31015,-0.03696
195.116,1788242924.573397,1788242923.67254,-900.857,98.829,-0.31015,-0.03696
195.217,1788242924.676589,1788242923.774128,-902.461,101.588,-0.31015,-0.03696
195.343,1788242924.779896,1788242923.899719,-880.176,125.591,-0.31015,-0.03696
195.424,1788242924.883461,1788242923.980341,-903.12,80.621,-0.31015,-0.03696
195.529,1788242924.98697,1788242924.085418,-901.551,105.078,-0.31015,-0.03696
195.63,1788242925.090246,1788242924.186489,-903.757,101.07,-0.31015,-0.03696
195.732,1788242925.193369,1788242924.289178,-904.191,102.69,-0.31015,-0.03696
195.841,1788242925.296776,1788242924.397575,-899.201,108.397,-0.31015,-0.03696
195.945,1788242925.400116,1788242924.501446,-898.67,103.871,-0.31015,-0.03696
196.05,1788242925.503477,1788242924.606642,-896.835,105.196,-0.31015,-0.03696
196.15,1788242925.607017,1788242924.707031,-899.987,100.389,-0.31015,-0.03696
196.252,1788242925.710392,1788242924.80838,-902.012,101.349,-0.31015,-0.03696
196.354,1788242925.81391,1788242924.911151,-902.759,102.772,-0.31015,-0.03696
196.458,1788242925.917299,1788242925.014579,-902.72,103.428,-0.31015,-0.03696
196.564,1788242926.020832,1788242925.120619,-900.213,106.04,-0.31015,-0.03696
196.665,1788242926.124997,1788242925.221602,-903.395,100.982,-0.31015,-0.03696
196.765,1788242926.228861,1788242925.32217,-906.691,100.568,-0.31015,-0.03696
196.872,1788242926.331224,1788242925.428324,-902.901,106.154,-0.31015,-0.03696
196.976,1788242926.434841,1788242925.532867,-901.974,104.543,-0.31015,-0.03696
197.096,1788242926.537938,1788242925.653182,-884.756,120.315,-0.31015,-0.03696
197.185,1788242926.641018,1788242925.741289,-899.73,88.107,-0.3387,-0.06823
197.284,1788242926.744651,1788242925.841026,-903.626,99.737,-0.3387,-0.06823
197.387,1788242926.847887,1788242925.94347,-904.417,102.444,-0.3387,-0.06823
197.489,1788242926.951608,1788242926.045703,-905.905,102.233,-0.3387,-0.06823
197.593,1788242927.054599,1788242926.149565,-905.033,103.862,-0.3387,-0.06823
197.701,1788242927.157675,1788242926.257401,-900.274,107.836,-0.3387,-0.06823
197.8,1788242927.260705,1788242926.356565,-904.14,99.164,-0.3387,-0.06823
197.904,1788242927.363966,1788242926.460715,-903.251,104.15,-0.3387,-0.06823
198.007,1788242927.467225,1788242926.564006,-903.219,103.292,-0.3387,-0.06823
198.109,1788242927.570131,1788242926.665969,-904.161,101.963,-0.3387,-0.06823
198.215,1788242927.67318,1788242926.771303,-901.877,105.334,-0.3387,-0.06823
198.32,1788242927.776844,1788242926.87652,-900.323,105.217,-0.3387,-0.06823
198.42,1788242927.880756,1788242926.976779,-903.978,100.258,-0.3387,-0.06823
198.526,1788242927.98475,1788242927.082768,-901.982,105.989,-0.3387,-0.06823
198.628,1788242928.088876,1788242927.184847,-904.029,102.079,-0.3387,-0.06823
198.732,1788242928.192261,1788242927.288483,-903.778,103.636,-0.3387,-0.06823
198.834,1788242928.295847,1788242927.391151,-904.696,102.669,-0.3387,-0.06823
198.939,1788242928.399633,1788242927.495721,-903.912,104.569,-0.3387,-0.06823
199.046,1788242928.503302,1788242927.603149,-900.153,107.429,-0.3387,-0.06823
199.148,1788242928.607498,1788242927.704972,-902.527,101.822,-0.3387,-0.06823
199.254,1788242928.711168,1788242927.810646,-900.522,105.674,-0.37547,-0.11026
199.357,1788242928.814948,1788242927.913333,-901.615,102.688,-0.37547,-0.11026
199.457,1788242928.918568,1788242928.013782,-904.786,100.448,-0.37547,-0.11026
199.562,1788242929.02199,1788242928.118852,-903.139,105.07,-0.37547,-0.11026
199.666,1788242929.126006,1788242928.222565,-903.441,103.713,-0.37547,-0.11026
199.769,1788242929.229784,1788242928.325507,-904.277,102.942,-0.37547,-0.11026
199.875,1788242929.333353,1788242928.43167,-901.683,106.162,-0.37547,-0.11026
199.976,1788242929.436741,1788242928.532764,-903.977,101.094,-0.37547,-0.11026
200.08,1788242929.540154,1788242928.636953,-903.2,104.189,-0.37547,-0.11026
200.184,1788242929.643739,1788242928.740893,-902.846,103.94,-0.37547,-0.11026
200.286,1788242929.747477,1788242928.842886,-904.591,101.993,-0.37547,-0.11026
200.416,1788242929.851063,1788242928.972752,-878.312,129.866,-0.37547,-0.11026
200.493,1788242929.9545,1788242929.049765,-904.736,77.013,-0.37547,-0.11026
200.597,1788242930.058003,1788242929.154013,-903.99,104.248,-0.37547,-0.11026
200.7,1788242930.161592,1788242929.25701,-904.582,102.996,-0.37547,-0.11026
200.807,1788242930.265153,1788242929.363671,-901.482,106.662,-0.37547,-0.11026
200.913,1788242930.369047,1788242929.469896,-899.151,106.225,-0.40303,-0.13086
201.011,1788242930.472568,1788242929.56749,-905.077,97.594,-0.40303,-0.13086
201.116,1788242930.576192,1788242929.673005,-903.187,105.515,-0.40303,-0.13086
201.22,1788242930.679929,1788242929.776482,-903.447,103.477,-0.40303,-0.13086
201.324,1788242930.783677,1788242929.880829,-902.848,104.346,-0.40303,-0.13086
201.429,1788242930.887652,1788242929.985877,-901.775,105.048,-0.40303,-0.13086
201.53,1788242930.991272,1788242930.087114,-904.158,101.237,-0.40303,-0.13086
201.634,1788242931.094949,1788242930.191134,-903.814,104.021,-0.40303,-0.13086
201.737,1788242931.198594,1788242930.293905,-904.689,102.771,-0.40303,-0.13086
201.844,1788242931.302087,1788242930.40116,-900.927,107.255,-0.40303,-0.13086
201.95,1788242931.40567,1788242930.506852,-898.818,105.692,-0.40303,-0.13086
202.05,1788242931.509377,1788242930.60682,-902.557,99.968,-0.40303,-0.13086
202.153,1788242931.613235,1788242930.710064,-903.171,103.244,-0.40303,-0.13086
202.256,1788242931.716751,1788242930.812692,-904.058,102.628,-0.40303,-0.13086
202.361,1788242931.820342,1788242930.917989,-902.353,105.296,-0.40303,-0.13086
202.468,1788242931.925257,1788242931.024447,-900.81,106.459,-0.43469,-0.14644
202.57,1788242932.028111,1788242931.126824,-901.287,102.377,-0.43469,-0.14644
202.671,1788242932.131428,1788242931.228259,-903.17,101.434,-0.43469,-0.14644
202.774,1788242932.235263,1788242931.330855,-904.408,102.596,-0.43469,-0.14644
202.879,1788242932.338818,1788242931.435394,-903.424,104.539,-0.43469,-0.14644
202.985,1788242932.442541,1788242931.542155,-900.386,106.761,-0.43469,-0.14644
203.086,1788242932.546397,1788242931.642849,-903.548,100.694,-0.43469,-0.14644
203.189,1788242932.649987,1788242931.745427,-904.559,102.578,-0.43469,-0.14644
203.293,1788242932.753739,1788242931.849291,-904.448,103.864,-0.43469,-0.14644
203.398,1788242932.857377,1788242931.955258,-902.119,105.966,-0.43469,-0.14644
203.504,1788242932.960847,1788242932.060287,-900.56,105.03,-0.43469,-0.14644
203.606,1788242933.064577,1788242932.162776,-901.801,102.489,-0.43469,-0.14644
203.708,1788242933.168447,1788242932.265166,-903.28,102.39,-0.43469,-0.14644
203.81,1788242933.272076,1788242932.366948,-905.128,101.782,-0.43469,-0.14644
203.917,1788242933.375465,1788242932.473369,-902.096,106.421,-0.43469,-0.14644
204.021,1788242933.479036,1788242932.577466,-901.57,104.097,-0.4787,-0.19005
204.127,1788242933.582881,1788242932.683862,-899.019,106.396,-0.4787,-0.19005
204.226,1788242933.686783,1788242932.782319,-904.463,98.457,-0.4787,-0.19005
204.329,1788242933.790431,1788242932.886005,-904.426,103.686,-0.4787,-0.19005
204.433,1788242933.893943,1788242932.989347,-904.596,103.342,-0.4787,-0.19005
204.539,1788242933.997599,1788242933.096218,-901.381,106.871,-0.4787,-0.19005
204.641,1788242934.101099,1788242933.197834,-903.265,101.616,-0.4787,-0.19005
204.752,1788242934.204684,1788242933.309225,-895.459,111.392,-0.4787,-0.19005
204.854,1788242934.308294,1788242933.410815,-897.479,101.589,-0.4787,-0.19005
204.956,1788242934.412299,1788242933.513255,-899.044,102.44,-0.4787,-0.19005
205.065,1788242934.515898,1788242933.622071,-893.826,108.816,-0.4787,-0.19005
205.161,1788242934.619508,1788242933.717499,-902.009,95.427,-0.4787,-0.19005
205.268,1788242934.723017,1788242933.825073,-897.943,107.575,-0.4787,-0.19005
205.37,1788242934.826852,1788242933.926702,-900.15,101.629,-0.4787,-0.19005
205.472,1788242934.930332,1788242934.028843,-901.489,102.141,-0.4787,-0.19005
205.577,1788242935.033719,1788242934.134224,-899.495,105.381,-0.51493,-0.2636
205.676,1788242935.137744,1788242934.233108,-904.636,98.884,-0.51493,-0.2636
205.784,1788242935.241283,1788242934.340838,-900.445,107.73,-0.51493,-0.2636
205.886,1788242935.345047,1788242934.442603,-902.444,101.765,-0.51493,-0.2636
205.988,1788242935.450104,1788242934.545152,-904.952,102.549,-0.51493,-0.2636
206.093,1788242935.55371,1788242934.650093,-903.617,104.941,-0.51493,-0.2636
206.195,1788242935.657262,1788242934.752023,-905.239,101.93,-0.51493,-0.2636
206.3,1788242935.761003,1788242934.856856,-904.146,104.834,-0.51493,-0.2636
206.405,1788242935.864449,1788242934.962126,-902.322,105.27,-0.51493,-0.2636
206.507,1788242935.968154,1788242935.064071,-904.083,101.944,-0.51493,-0.2636
206.611,1788242936.071582,1788242935.167831,-903.75,103.76,-0.51493,-0.2636
206.716,1788242936.175076,1788242935.272367,-902.709,104.536,-0.51493,-0.2636
206.823,1788242936.27872,1788242935.379781,-898.94,107.414,-0.51493,-0.2636
206.922,1788242936.382616,1788242935.479269,-903.347,99.488,-0.51493,-0.2636
207.031,1788242936.485885,1788242935.587292,-898.593,108.024,-0.51493,-0.2636
207.134,1788242936.589999,1788242935.690487,-899.512,103.195,-0.55104,-0.25222
207.232,1788242936.693501,1788242935.789016,-904.484,98.529,-0.55104,-0.25222
207.335,1788242936.797021,1788242935.892163,-904.858,103.147,-0.55104,-0.25222
207.44,1788242936.900486,1788242935.996305,-904.181,104.142,-0.55104,-0.25222
207.546,1788242937.004318,1788242936.102532,-901.786,106.228,-0.55104,-0.25222
207.647,1788242937.107675,1788242936.203799,-903.877,101.266,-0.55104,-0.25222
207.752,1788242937.211585,1788242936.309016,-902.569,105.217,-0.55104,-0.25222
207.856,1788242937.315135,1788242936.412683,-902.452,103.667,-0.55104,-0.25222
207.961,1788242937.419937,1788242936.51809,-901.847,105.407,-0.55104,-0.25222
208.065,1788242937.522599,1788242936.622181,-900.419,104.091,-0.55104,-0.25222
208.167,1788242937.626708,1788242936.723555,-903.153,101.374,-0.55104,-0.25222
208.273,1788242937.729749,1788242936.829597,-900.152,106.042,-0.55104,-0.25222
208.374,1788242937.833259,1788242936.930689,-902.57,101.092,-0.55104,-0.25222
208.475,1788242937.936661,1788242937.032189,-904.471,101.5,-0.55104,-0.25222
208.58,1788242938.040441,1788242937.137272,-903.169,105.082,-0.55104,-0.25222
208.686,1788242938.144443,1788242937.243205,-901.237,105.934,-0.61101,-0.34264
208.794,1788242938.247945,1788242937.350336,-897.609,107.131,-0.61101,-0.34264
208.909,1788242938.353373,1788242937.465766,-887.607,115.43,-0.61101,-0.34264
208.994,1788242938.455562,1788242937.551122,-904.44,85.356,-0.61101,-0.34264
209.097,1788242938.558778,1788242937.653927,-904.851,102.805,-0.61101,-0.34264
209.206,1788242938.662373,1788242937.762975,-899.398,109.048,-0.61101,-0.34264
209.306,1788242938.767116,1788242937.862508,-904.608,99.533,-0.61101,-0.34264
209.409,1788242938.870097,1788242937.966164,-903.933,103.657,-0.61101,-0.34264
209.513,1788242938.973685,1788242938.070238,-903.447,104.074,-0.61101,-0.34264
209.63,1788242939.077233,1788242938.186923,-890.31,116.685,-0.61101,-0.34264
209.72,1788242939.180894,1788242938.276481,-904.413,89.558,-0.61101,-0.34264
209.828,1788242939.284566,1788242938.38504,-899.526,108.559,-0.61101,-0.34264
209.928,1788242939.388025,1788242938.484507,-903.518,99.467,-0.61101,-0.34264
210.032,1788242939.491863,1788242938.58848,-903.383,103.973,-0.61101,-0.34264
210.134,1788242939.5958,1788242938.691172,-904.628,102.693,-0.61101,-0.34264
210.24,1788242939.699357,1788242938.797249,-902.107,106.077,-0.61101,-0.34264
210.348,1788242939.803875,1788242938.904805,-899.07,107.556,-0.67174,-0.36506
210.446,1788242939.906897,1788242939.003183,-903.715,98.377,-0.67174,-0.36506
210.552,1788242940.010808,1788242939.108495,-902.314,105.312,-0.67174,-0.36506
210.653,1788242940.114233,1788242939.210268,-903.965,101.773,-0.67174,-0.36506
210.758,1788242940.217988,1788242939.314573,-903.415,104.305,-0.67174,-0.36506
210.863,1788242940.321513,1788242939.420202,-901.312,105.629,-0.67174,-0.36506
210.968,1788242940.425641,1788242939.525079,-900.561,104.878,-0.67174,-0.36506
211.072,1788242940.529312,1788242939.629066,-900.246,103.987,-0.67174,-0.36506
211.173,1788242940.632759,1788242939.729616,-903.143,100.549,-0.67174,-0.36506
211.277,1788242940.73619,1788242939.834174,-902.015,104.559,-0.67174,-0.36506
211.383,1788242940.839791,1788242939.93956,-900.232,105.385,-0.67174,-0.36506
211.486,1788242940.943574,1788242940.04237,-901.205,102.81,-0.67174,-0.36506
211.589,1788242941.04809,1788242940.145346,-902.744,102.976,-0.67174,-0.36506
211.696,1788242941.151756,1788242940.252792,-898.964,107.447,-0.67174,-0.36506
211.8,1788242941.255495,1788242940.356749,-898.746,103.957,-0.67174,-0.36506
211.9,1788242941.359148,1788242940.457075,-902.073,100.326,-0.74052,-0.46726
212.006,1788242941.462675,1788242940.562287,-900.388,105.212,-0.74052,-0.46726
212.107,1788242941.566929,1788242940.66372,-903.21,101.433,-0.74052,-0.46726
212.21,1788242941.669859,1788242940.766915,-902.944,103.195,-0.74052,-0.46726
212.312,1788242941.773193,1788242940.868795,-904.398,101.88,-0.74052,-0.46726
212.416,1788242941.876819,1788242940.973119,-903.699,104.324,-0.74052,-0.46726
212.519,1788242941.980403,1788242941.07623,-904.174,103.111,-0.74052,-0.46726
212.625,1788242942.084018,1788242941.181513,-902.505,105.283,-0.74052,-0.46726
212.727,1788242942.187793,1788242941.284068,-903.725,102.555,-0.74052,-0.46726
212.83,1788242942.291424,1788242941.387088,-904.336,103.02,-0.74052,-0.46726
212.952,1788242942.394636,1788242941.508456,-886.18,121.368,-0.74052,-0.46726
213.039,1788242942.498274,1788242941.595367,-902.907,86.912,-0.74052,-0.46726
213.143,1788242942.601989,1788242941.699439,-902.55,104.072,-0.74052,-0.46726
213.256,1788242942.705581,1788242941.812861,-892.721,113.422,-0.74052,-0.46726
213.353,1788242942.809593,1788242941.909732,-899.861,96.871,-0.79209,-0.42513
213.453,1788242942.912902,1788242942.009578,-903.324,99.847,-0.79209,-0.42513
213.558,1788242943.016475,1788242942.114749,-901.726,105.171,-0.79209,-0.42513
213.662,1788242943.120057,1788242942.218855,-901.201,104.106,-0.79209,-0.42513
213.764,1788242943.223862,1788242942.320472,-903.391,101.616,-0.79209,-0.42513
213.866,1788242943.327648,1788242942.423083,-904.565,102.611,-0.79209,-0.42513
213.972,1788242943.431102,1788242942.52869,-902.412,105.607,-0.79209,-0.42513
214.074,1788242943.535407,1788242942.630798,-904.609,102.108,-0.79209,-0.42513
214.184,1788242943.638994,1788242942.740301,-898.692,109.504,-0.79209,-0.42513
214.285,1788242943.742782,1788242942.841722,-901.06,101.42,-0.79209,-0.42513
214.39,1788242943.846662,1788242942.946888,-899.774,105.166,-0.79209,-0.42513
214.489,1788242943.950224,1788242943.045555,-904.669,98.667,-0.79209,-0.42513
214.596,1788242944.053724,1788242943.153168,-900.556,107.612,-0.79209,-0.42513
214.696,1788242944.157525,1788242943.252518,-905.007,99.35,-0.79209,-0.42513
214.805,1788242944.26107,1788242943.362018,-899.052,109.5,-0.83385,-0.50624
214.905,1788242944.364703,1788242943.462063,-902.64,100.046,-0.83385,-0.50624
215.009,1788242944.4683,1788242943.56535,-902.95,103.287,-0.83385,-0.50624
215.113,1788242944.572022,1788242943.669514,-902.508,104.163,-0.83385,-0.50624
215.216,1788242944.675766,1788242943.772316,-903.45,102.803,-0.83385,-0.50624
215.319,1788242944.779336,1788242943.875888,-903.448,103.571,-0.83385,-0.50624
215.424,1788242944.882738,1788242943.980363,-902.375,104.476,-0.83385,-0.50624
215.589,1788242944.986835,1788242944.146036,-840.8,165.673,-0.83385,-0.50624
215.635,1788242945.090476,1788242944.191742,-898.734,45.707,-0.83385,-0.50624
215.734,1788242945.19483,1788242944.291242,-903.589,99.499,-0.83385,-0.50624
215.841,1788242945.297556,1788242944.397803,-899.754,106.561,-0.83385,-0.50624
215.942,1788242945.401309,1788242944.49846,-902.849,100.657,-0.83385,-0.50624
216.046,1788242945.504897,1788242944.6026,-902.298,104.14,-0.83385,-0.50624
216.159,1788242945.608941,1788242944.715897,-893.044,113.297,-0.83385,-0.50624
216.252,1788242945.712551,1788242944.808432,-904.119,92.535,-0.83385,-0.50624
216.355,1788242945.816035,1788242944.911378,-904.656,102.946,-0.83385,-0.50624
216.462,1788242945.91987,1788242945.018296,-901.574,106.918,-0.83385,-0.50624
216.564,1788242946.023695,1788242945.120497,-903.198,102.201,-0.83385,-0.50624
216.665,1788242946.127503,1788242945.221857,-905.647,101.36,-0.83385,-0.50624
216.769,1788242946.231082,1788242945.326109,-904.972,104.253,-0.83385,-0.50624
216.898,1788242946.334951,1788242945.454623,-880.327,128.514,-0.83385,-0.50624
216.98,1788242946.437928,1788242945.537172,-900.756,82.549,-0.87754,-0.66755
217.081,1788242946.54195,1788242945.637725,-904.224,100.553,-0.87754,-0.66755
217.184,1788242946.645416,1788242945.740663,-904.752,102.938,-0.87754,-0.66755
217.289,1788242946.749242,1788242945.845525,-903.717,104.861,-0.87754,-0.66755
217.393,1788242946.852852,1788242945.950192,-902.659,104.668,-0.87754,-0.66755
217.497,1788242946.95658,1788242946.053369,-903.211,103.177,-0.87754,-0.66755
217.601,1788242947.059969,1788242946.157756,-902.213,104.387,-0.87754,-0.66755
217.705,1788242947.16369,1788242946.261938,-901.752,104.182,-0.87754,-0.66755
217.808,1788242947.267712,1788242946.365121,-902.591,103.183,-0.87754,-0.66755
217.91,1788242947.371087,1788242946.466853,-904.234,101.732,-0.87754,-0.66755
218.015,1788242947.47453,1788242946.571668,-902.862,104.814,-0.87754,-0.66755
218.122,1788242947.578244,1788242946.678423,-899.821,106.756,-0.87754,-0.66755
218.223,1788242947.68198,1788242946.779989,-901.991,101.565,-0.87754,-0.66755
218.333,1788242947.786073,1788242946.88978,-896.293,109.791,-0.87754,-0.66755
218.429,1788242947.890758,1788242946.985494,-905.263,95.714,-0.87754,-0.66755
218.536,1788242947.994083,1788242947.092577,-901.506,107.083,-0.87754,-0.66755
218.638,1788242948.097831,1788242947.195124,-902.706,102.547,-0.87754,-0.66755
218.74,1788242948.201302,1788242947.296456,-904.846,101.331,-0.87754,-0.66755
218.848,1788242948.304803,1788242947.404411,-900.392,107.955,-0.87754,-0.66755
218.947,1788242948.408322,1788242947.504256,-904.067,99.845,-0.87754,-0.66755
219.051,1788242948.511861,1788242947.607842,-904.019,103.586,-0.87754,-0.66755
219.153,1788242948.615474,1788242947.709961,-905.514,102.119,-0.87754,-0.66755
219.261,1788242948.719103,1788242947.817299,-901.804,107.338,-0.87754,-0.66755
219.364,1788242948.822612,1788242947.921188,-901.424,103.889,-0.87754,-0.66755
219.472,1788242948.926432,1788242948.028772,-897.66,107.584,-0.87754,-0.66755
219.571,1788242949.029944,1788242948.127634,-902.309,98.863,-0.87754,-0.66755
219.674,1788242949.133369,1788242948.23031,-903.059,102.675,-0.87754,-0.66755
219.776,1788242949.237137,1788242948.332909,-904.228,102.599,-0.87754,-0.66755
219.882,1788242949.340727,1788242948.438615,-902.112,105.706,-0.87754,-0.66755
219.984,1788242949.445087,1788242948.540942,-904.145,102.327,-0.87754,-0.66755
220.088,1788242949.549197,1788242948.644781,-904.416,103.839,-0.87754,-0.66755
220.192,1788242949.652721,1788242948.748335,-904.386,103.554,-0.87754,-0.66755
220.299,1788242949.756576,1788242948.856166,-900.41,107.831,-0.93158,-0.68315
220.406,1788242949.860516,1788242948.96259,-897.926,106.424,-0.93158,-0.68315
220.512,1788242949.964108,1788242949.069092,-895.016,106.502,-0.93158,-0.68315
221.079,1788242950.068151,1788242949.635362,-432.789,566.27,-0.93158,-0.68315
221.081,1788242950.173514,1788242949.637775,-535.739,2.413,-0.96885,-0.67641
221.081,1788242950.275867,1788242949.637896,-637.971,0.122,-0.96885,-0.67641
221.081,1788242950.378849,1788242949.637989,-740.86,0.092,-0.96885,-0.67641
221.081,1788242950.483501,1788242949.638072,-845.428,0.084,-0.96885,-0.67641
221.13,1788242950.586395,1788242949.687023,-899.372,48.951,-0.96885,-0.67641
221.23,1788242950.690463,1788242949.787036,-903.427,100.013,-0.98296,-0.68628
221.332,1788242950.793407,1788242949.889019,-904.388,101.983,-0.98296,-0.68628
221.436,1788242950.896648,1788242949.993218,-903.43,104.199,-0.98296,-0.68628
221.538,1788242951.000172,1788242950.094297,-905.874,101.079,-0.98296,-0.68628
221.649,1788242951.103781,1788242950.205493,-898.288,111.196,-0.98296,-0.68628
221.75,1788242951.207258,1788242950.306903,-900.355,101.41,-0.98296,-0.68628
221.855,1788242951.310614,1788242950.411521,-899.094,104.618,-0.98296,-0.68628
221.956,1788242951.413868,1788242950.513278,-900.59,101.757,-0.98296,-0.68628
222.057,1788242951.517364,1788242950.613997,-903.366,100.72,-0.98296,-0.68628
222.161,1788242951.620866,1788242950.71737,-903.496,103.373,-0.98296,-0.68628
222.268,1788242951.724266,1788242950.824661,-899.605,107.291,-1.01822,-0.64168
222.369,1788242951.827915,1788242950.925514,-902.401,100.853,-1.01822,-0.64168
222.47,1788242951.931465,1788242951.027238,-904.227,101.724,-1.01822,-0.64168
222.576,1788242952.034868,1788242951.133264,-901.604,106.026,-1.01822,-0.64168
222.677,1788242952.13862,1788242951.233694,-904.926,100.431,-1.01822,-0.64168
222.781,1788242952.242033,1788242951.338069,-903.964,104.375,-1.01822,-0.64168
222.885,1788242952.345989,1788242951.44153,-904.458,103.461,-1.01822,-0.64168
222.988,1788242952.449359,1788242951.544877,-904.482,103.346,-1.01822,-0.64168
223.093,1788242952.552889,1788242951.65001,-902.88,105.133,-1.01822,-0.64168
223.197,1788242952.656669,1788242951.754039,-902.63,104.029,-1.01822,-0.64168
223.301,1788242952.76009,1788242951.857886,-902.204,103.848,-1.01822,-0.64168
223.405,1788242952.863487,1788242951.962023,-901.464,104.137,-1.01822,-0.64168
223.507,1788242952.967,1788242952.064117,-902.883,102.094,-1.01822,-0.64168
223.611,1788242953.070527,1788242952.16749,-903.037,103.373,-1.01822,-0.64168
223.712,1788242953.173654,1788242952.269092,-904.562,101.602,-1.01822,-0.64168
223.82,1788242953.277217,1788242952.376761,-900.456,107.669,-1.01822,-0.64168
223.926,1788242953.380738,1788242952.482563,-898.175,105.802,-1.01822,-0.64168
224.025,1788242953.484103,1788242952.581701,-902.402,99.138,-1.01822,-0.64168
224.132,1788242953.588,1788242952.688417,-899.583,106.716,-1.03868,-0.65108
224.231,1788242953.691406,1788242952.787655,-903.752,99.237,-1.03868,-0.65108
224.333,1788242953.795268,1788242952.889936,-905.332,102.282,-1.03868,-0.65108
224.439,1788242953.898963,1788242952.995735,-903.228,105.798,-1.03868,-0.65108
224.541,1788242954.002267,1788242953.097654,-904.613,101.919,-1.03868,-0.65108
224.647,1788242954.106029,1788242953.204096,-901.933,106.442,-1.03868,-0.65108
224.749,1788242954.210202,1788242953.305297,-904.906,101.201,-1.03868,-0.65108
224.9,1788242954.31409,1788242953.457142,-856.948,151.845,-1.03868,-0.65108
224.955,1788242954.416957,1788242953.512043,-904.914,54.901,-1.03868,-0.65108
225.063,1788242954.52062,1788242953.619727,-900.893,107.684,-1.03868,-0.65108
225.163,1788242954.624085,1788242953.720173,-903.912,100.446,-1.03868,-0.65108
225.271,1788242954.728239,1788242953.827689,-900.551,107.515,-1.03868,-0.65108
225.373,1788242954.83129,1788242953.929903,-901.387,102.214,-1.03418,-0.67683
225.474,1788242954.93481,1788242954.030539,-904.271,100.637,-1.03418,-0.67683
225.582,1788242955.038507,1788242954.139005,-899.501,108.466,-1.03418,-0.67683
225.681,1788242955.142148,1788242954.237755,-904.393,98.75,-1.03418,-0.67683
225.788,1788242955.245967,1788242954.344784,-901.184,107.028,-1.03418,-0.67683
225.891,1788242955.350499,1788242954.447798,-902.702,103.014,-1.03418,-0.67683
225.997,1788242955.45371,1788242954.553989,-899.721,106.191,-1.03418,-0.67683
226.096,1788242955.557331,1788242954.652534,-904.797,98.545,-1.03418,-0.67683
226.207,1788242955.66107,1788242954.764058,-897.012,111.525,-1.03418,-0.67683
226.304,1788242955.76492,1788242954.860558,-904.362,96.5,-1.03418,-0.67683
226.407,1788242955.868595,1788242954.963868,-904.728,103.31,-1.03418,-0.67683
226.513,1788242955.972483,1788242955.069432,-903.051,105.564,-1.03418,-0.67683
226.618,1788242956.076107,1788242955.174593,-901.514,105.162,-1.03418,-0.67683
226.723,1788242956.179834,1788242955.279792,-900.041,105.199,-1.03418,-0.67683
226.846,1788242956.283765,1788242955.402948,-880.818,123.155,-1.03418,-0.67683
226.931,1788242956.387152,1788242955.487437,-899.714,84.49,-1.05586,-0.73601
227.03,1788242956.490754,1788242955.586338,-904.416,98.901,-1.05586,-0.73601
227.136,1788242956.594292,1788242955.692484,-901.808,106.146,-1.05586,-0.73601
227.24,1788242956.698503,1788242955.796934,-901.569,104.45,-1.05586,-0.73601
227.344,1788242956.801205,1788242955.900596,-900.609,103.662,-1.05586,-0.73601
227.447,1788242956.904841,1788242956.003631,-901.211,103.034,-1.05586,-0.73601
227.548,1788242957.009213,1788242956.104617,-904.596,100.986,-1.05586,-0.73601
227.652,1788242957.112697,1788242956.208809,-903.888,104.192,-1.05586,-0.73601
227.755,1788242957.216174,1788242956.311995,-904.179,103.186,-1.05586,-0.73601
227.866,1788242957.319839,1788242956.422773,-897.067,110.778,-1.05586,-0.73601
227.962,1788242957.423712,1788242956.518775,-904.937,96.002,-1.05586,-0.73601
228.067,1788242957.527124,1788242956.624093,-903.031,105.318,-1.05586,-0.73601
228.17,1788242957.630712,1788242956.727182,-903.53,103.089,-1.05586,-0.73601
228.273,1788242957.734281,1788242956.829737,-904.544,102.555,-1.05586,-0.73601
228.377,1788242957.838019,1788242956.933941,-904.077,104.205,-1.05586,-0.73601
228.482,1788242957.941616,1788242957.039075,-902.541,105.133,-1.05983,-0.83055
228.584,1788242958.045828,1788242957.141219,-904.609,102.144,-1.05983,-0.83055
228.69,1788242958.149614,1788242957.246733,-902.881,105.514,-1.05983,-0.83055
228.796,1788242958.253229,1788242957.352674,-900.554,105.941,-1.05983,-0.83055
228.911,1788242958.35698,1788242957.467539,-889.441,114.865,-1.05983,-0.83055
228.999,1788242958.460522,1788242957.555524,-904.999,87.985,-1.05983,-0.83055
229.108,1788242958.564109,1788242957.664632,-899.477,109.109,-1.05983,-0.83055
229.211,1788242958.668117,1788242957.768095,-900.022,103.462,-1.05983,-0.83055
229.311,1788242958.771678,1788242957.868022,-903.656,99.927,-1.05983,-0.83055
229.414,1788242958.875242,1788242957.970402,-904.839,102.38,-1.05983,-0.83055
229.52,1788242958.978947,1788242958.076736,-902.211,106.333,-1.05983,-0.83055
229.625,1788242959.08369,1788242958.182218,-901.472,105.482,-1.05983,-0.83055
229.731,1788242959.186506,1788242958.287287,-899.22,105.068,-1.05983,-0.83055
229.831,1788242959.290561,1788242958.388191,-902.37,100.904,-1.05983,-0.83055
229.931,1788242959.394269,1788242958.488168,-906.101,99.977,-1.05983,-0.83055
230.036,1788242959.497808,1788242958.59314,-904.668,104.972,-1.08968,-0.56505
230.146,1788242959.601382,1788242958.703045,-898.338,109.905,-1.08968,-0.56505
230.25,1788242959.7049,1788242958.806771,-898.129,103.726,-1.08968,-0.56505
230.353,1788242959.808624,1788242958.909292,-899.332,102.521,-1.08968,-0.56505
230.458,1788242959.912075,1788242959.014855,-897.22,105.563,-1.08968,-0.56505
230.56,1788242960.016804,1788242959.117137,-899.667,102.282,-1.08968,-0.56505
230.662,1788242960.1192,1788242959.218897,-900.303,101.76,-1.08968,-0.56505
230.762,1788242960.222825,1788242959.318858,-903.967,99.961,-1.08968,-0.56505
231.067,1788242960.326465,1788242959.62425,-702.216,305.391,-1.08968,-0.56505
231.079,1788242960.430511,1788242959.635566,-794.945,11.316,-1.08968,-0.56505
233.08,1788242961.570477,1788242961.636646,66.169,2001.08,-1.12408,-0.7488
233.08,1788242961.673855,1788242961.63679,-37.065,0.144,-1.12408,-0.7488
233.08,1788242961.77758,1788242961.636935,-140.646,0.145,-1.12408,-0.7488
233.08,1788242961.881139,1788242961.637036,-244.103,0.101,-1.12408,-0.7488
233.08,1788242961.984842,1788242961.637137,-347.705,0.102,-1.12408,-0.7488
233.08,1788242962.08843,1788242961.637232,-451.199,0.094,-1.12408,-0.7488
233.081,1788242962.192102,1788242961.637328,-554.774,0.097,-1.12408,-0.7488
233.081,1788242962.295697,1788242961.63742,-658.277,0.092,-1.12408,-0.7488
233.081,1788242962.40046,1788242961.637509,-762.95,0.09,-1.12408,-0.7488
233.081,1788242962.502764,1788242961.637597,-865.167,0.087,-1.12408,-0.7488
233.151,1788242962.60629,1788242961.708148,-898.141,70.552,-1.12408,-0.7488
233.248,1788242962.710117,1788242961.805047,-905.07,96.899,-1.12408,-0.7488
233.354,1788242962.813592,1788242961.910924,-902.667,105.877,-1.12408,-0.7488
233.455,1788242962.917307,1788242962.011674,-905.633,100.749,-1.12408,-0.7488
233.562,1788242963.020741,1788242962.118324,-902.417,106.65,-1.12408,-0.7488
233.663,1788242963.124848,1788242962.220127,-904.721,101.803,-1.12408,-0.7488
233.767,1788242963.228395,1788242962.323995,-904.4,103.869,-1.12408,-0.7488
233.87,1788242963.331999,1788242962.426965,-905.034,102.97,-1.12408,-0.7488
233.974,1788242963.435658,1788242962.53076,-904.898,103.795,-1.12408,-0.7488
234.077,1788242963.538998,1788242962.63357,-905.427,102.81,-1.12408,-0.7488
234.182,1788242963.642472,1788242962.738396,-904.075,104.826,-1.12408,-0.7488
234.287,1788242963.746253,1788242962.843851,-902.402,105.455,-1.12408,-0.7488
234.39,1788242963.8497,1788242962.946513,-903.186,102.662,-1.12408,-0.7488
234.492,1788242963.953299,1788242963.048357,-904.941,101.844,-1.12408,-0.7488
234.598,1788242964.056748,1788242963.154437,-902.311,106.08,-1.12408,-0.7488
234.701,1788242964.160311,1788242963.258238,-902.073,103.801,-1.12408,-0.7488
234.805,1788242964.264229,1788242963.362274,-901.955,104.036,-1.12408,-0.7488
234.908,1788242964.367821,1788242963.465027,-902.794,102.753,-1.12408,-0.7488
235.012,1788242964.471589,1788242963.56921,-902.378,104.183,-1.12408,-0.7488
235.121,1788242964.575895,1788242963.677925,-897.97,108.715,-1.13052,-0.96679
235.219,1788242964.679016,1788242963.775309,-903.707,97.384,-1.13052,-0.96679
235.325,1788242964.782428,1788242963.882009,-900.419,106.699,-1.13052,-0.96679
235.425,1788242964.886426,1788242963.982131,-904.295,100.123,-1.13052,-0.96679
235.534,1788242964.989805,1788242964.090535,-899.27,108.404,-1.13052,-0.96679
235.632,1788242965.093239,1788242964.188401,-904.839,97.865,-1.13052,-0.96679
235.738,1788242965.196689,1788242964.294871,-901.818,106.47,-1.13052,-0.96679
235.841,1788242965.300291,1788242964.398196,-902.096,103.325,-1.13052,-0.96679
235.954,1788242965.404075,1788242964.510291,-893.784,112.095,-1.13052,-0.96679
236.045,1788242965.507993,1788242964.601926,-906.067,91.635,-1.13052,-0.96679
236.15,1788242965.611393,1788242964.706705,-904.687,104.779,-1.13052,-0.96679
236.253,1788242965.714988,1788242964.810098,-904.89,103.393,-1.13052,-0.96679
236.364,1788242965.818676,1788242964.920841,-897.834,110.743,-1.13052,-0.96679
236.468,1788242965.922025,1788242965.02471,-897.315,103.869,-1.13052,-0.96679
236.571,1788242966.026969,1788242965.127332,-899.637,102.622,-1.13052,-0.96679
236.679,1788242966.130318,1788242965.235538,-894.78,108.206,-1.1477,-1.07892
236.771,1788242966.233806,1788242965.327941,-905.865,92.403,-1.1477,-1.07892
236.875,1788242966.33728,1788242965.431526,-905.754,103.585,-1.1477,-1.07892
236.979,1788242966.441004,1788242965.535501,-905.502,103.975,-1.1477,-1.07892
237.083,1788242966.544595,1788242965.639777,-904.818,104.275,-1.1477,-1.07892
237.188,1788242966.648705,1788242965.744575,-904.13,104.798,-1.1477,-1.07892
237.289,1788242966.751862,1788242965.846175,-905.687,101.601,-1.1477,-1.07892
237.395,1788242966.855449,1788242965.951762,-903.686,105.587,-1.1477,-1.07892
237.498,1788242966.959,1788242966.055197,-903.802,103.435,-1.1477,-1.07892
237.603,1788242967.06439,1788242966.159331,-905.059,104.134,-1.1477,-1.07892
237.709,1788242967.166636,1788242966.265363,-901.272,106.032,-1.1477,-1.07892
237.81,1788242967.271698,1788242966.36659,-905.108,101.227,-1.1477,-1.07892
237.914,1788242967.373913,1788242966.470971,-902.942,104.381,-1.1477,-1.07892
238.016,1788242967.477256,1788242966.572967,-904.289,101.996,-1.1477,-1.07892
238.123,1788242967.580731,1788242966.68025,-900.481,107.283,-1.1477,-1.07892
238.227,1788242967.684298,1788242966.783728,-900.57,103.478,-1.16688,-1.04142
238.329,1788242967.788073,1788242966.886274,-901.798,102.546,-1.16688,-1.04142
238.433,1788242967.891524,1788242966.99023,-901.294,103.956,-1.16688,-1.04142
238.536,1788242967.995175,1788242967.093208,-901.967,102.978,-1.16688,-1.04142
238.64,1788242968.098572,1788242967.196595,-901.977,103.388,-1.16688,-1.04142
238.748,1788242968.202048,1788242967.304483,-897.565,107.888,-1.16688,-1.04142
238.846,1788242968.30591,1788242967.402312,-903.598,97.829,-1.16688,-1.04142
238.956,1788242968.410614,1788242967.512401,-898.213,110.088,-1.16688,-1.04142
239.058,1788242968.513703,1788242967.614335,-899.368,101.935,-1.16688,-1.04142
239.163,1788242968.617114,1788242967.719712,-897.403,105.376,-1.16688,-1.04142
239.263,1788242968.720602,1788242967.819792,-900.81,100.08,-1.16688,-1.04142
239.363,1788242968.824627,1788242967.920161,-904.465,100.369,-1.16688,-1.04142
239.473,1788242968.927771,1788242968.02949,-898.282,109.328,-1.16688,-1.04142
239.575,1788242969.031406,1788242968.1316,-899.806,102.11,-1.16688,-1.04142
239.673,1788242969.134914,1788242968.229729,-905.185,98.129,-1.16688,-1.04142
239.78,1788242969.238463,1788242968.336943,-901.52,107.215,-1.18932,-1.01377
239.881,1788242969.342119,1788242968.438101,-904.018,101.158,-1.18932,-1.01377
239.986,1788242969.445865,1788242968.543178,-902.687,105.077,-1.18932,-1.01377
240.092,1788242969.549403,1788242968.64915,-900.253,105.972,-1.18932,-1.01377
240.196,1788242969.653141,1788242968.752966,-900.174,103.816,-1.18932,-1.01377
240.298,1788242969.756585,1788242968.85438,-902.205,101.414,-1.18932,-1.01377
240.404,1788242969.860614,1788242968.960345,-900.269,105.965,-1.18932,-1.01377
240.508,1788242969.966384,1788242969.064522,-901.863,104.177,-1.18932,-1.01377
240.606,1788242970.068519,1788242969.163191,-905.328,98.67,-1.18932,-1.01377
240.709,1788242970.17152,1788242969.266045,-905.474,102.854,-1.18932,-1.01377
240.813,1788242970.274754,1788242969.370173,-904.582,104.127,-1.18932,-1.01377
240.918,1788242970.378723,1788242969.474672,-904.051,104.5,-1.18932,-1.01377
241.025,1788242970.482319,1788242969.581613,-900.706,106.941,-1.18932,-1.01377
241.127,1788242970.58606,1788242969.683782,-902.277,102.169,-1.18932,-1.01377
241.231,1788242970.689881,1788242969.788136,-901.745,104.354,-1.18932,-1.01377
241.334,1788242970.79372,1788242969.890433,-903.286,102.297,-1.1917,-0.95768
241.435,1788242970.896953,1788242969.991541,-905.412,101.108,-1.1917,-0.95768
241.541,1788242971.000577,1788242970.098205,-902.373,106.664,-1.1917,-0.95768
241.643,1788242971.104382,1788242970.19944,-904.942,101.235,-1.1917,-0.95768
241.747,1788242971.207937,1788242970.304179,-903.758,104.74,-1.1917,-0.95768
241.851,1788242971.31147,1788242970.407546,-903.924,103.366,-1.1917,-0.95768
241.957,1788242971.415434,1788242970.513342,-902.092,105.797,-1.1917,-0.95768
242.057,1788242971.518849,1788242970.61414,-904.709,100.798,-1.1917,-0.95768
242.166,1788242971.622583,1788242970.722735,-899.848,108.595,-1.1917,-0.95768
242.268,1788242971.726702,1788242970.824629,-902.074,101.894,-1.1917,-0.95768
242.372,1788242971.829999,1788242970.928492,-901.506,103.864,-1.1917,-0.95768
242.475,1788242971.933429,1788242971.032019,-901.41,103.527,-1.1917,-0.95768
242.576,1788242972.036911,1788242971.133232,-903.679,101.213,-1.1917,-0.95768
242.68,1788242972.140327,1788242971.236359,-903.968,103.127,-1.1917,-0.95768
242.782,1788242972.243957,1788242971.339126,-904.831,102.767,-1.1917,-0.95768
242.888,1788242972.347612,1788242971.444629,-902.983,105.503,-1.18904,-0.98552
242.991,1788242972.451158,1788242971.547408,-903.75,102.779,-1.18904,-0.98552
243.093,1788242972.554885,1788242971.649557,-905.329,102.149,-1.18904,-0.98552
243.201,1788242972.658457,1788242971.757659,-900.798,108.103,-1.18904,-0.98552
243.306,1788242972.762151,1788242971.862356,-899.794,104.697,-1.18904,-0.98552
243.407,1788242972.865797,1788242971.964076,-901.721,101.72,-1.18904,-0.98552
243.509,1788242972.969335,1788242972.065526,-903.809,101.45,-1.18904,-0.98552
243.624,1788242973.072807,1788242972.180603,-892.204,115.077,-1.18904,-0.98552
243.717,1788242973.176533,1788242972.27421,-902.323,93.607,-1.18904,-0.98552
243.82,1788242973.280254,1788242972.377204,-903.049,102.994,-1.18904,-0.98552
243.924,1788242973.384002,1788242972.481022,-902.98,103.818,-1.18904,-0.98552
244.031,1788242973.487764,1788242972.588194,-899.57,107.172,-1.18904,-0.98552
244.132,1788242973.591119,1788242972.688599,-902.52,100.405,-1.18904,-0.98552
244.232,1788242973.694553,1788242972.789124,-905.43,100.525,-1.18904,-0.98552
244.341,1788242973.79807,1788242972.898256,-899.814,109.133,-1.18904,-0.98552
244.445,1788242973.901739,1788242973.001753,-899.986,103.497,-1.18904,-0.98552
244.547,1788242974.00554,1788242973.104162,-901.378,102.41,-1.20041,-0.93254
244.653,1788242974.109526,1788242973.210167,-899.359,106.005,-1.20041,-0.93254
244.92,1788242974.213429,1788242973.47679,-736.639,266.623,-1.20041,-0.93254
245.091,1788242974.316835,1788242973.647838,-668.997,171.047,-1.20041,-0.93254
245.091,1788242974.420513,1788242973.647953,-772.56,0.115,-1.20041,-0.93254
245.091,1788242974.525142,1788242973.648076,-877.067,0.123,-1.20041,-0.93254
245.168,1788242974.628249,1788242973.72493,-903.319,76.854,-1.20041,-0.93254
245.276,1788242974.731809,1788242973.832689,-899.121,107.759,-1.20041,-0.93254
245.374,1788242974.835563,1788242973.930582,-904.981,97.894,-1.20041,-0.93254
245.478,1788242974.939255,1788242974.035261,-903.995,104.678,-1.20041,-0.93254
245.584,1788242975.043029,1788242974.140729,-902.3,105.468,-1.20041,-0.93254
245.689,1788242975.147559,1788242974.245836,-901.722,105.107,-1.20041,-0.93254
245.789,1788242975.251015,1788242974.346081,-904.934,100.245,-1.20041,-0.93254
245.893,1788242975.354638,1788242974.449469,-905.169,103.388,-1.20041,-0.93254
245.996,1788242975.458138,1788242974.552588,-905.55,103.118,-1.20041,-0.93254
246.108,1788242975.561628,1788242974.664502,-897.126,111.915,-1.21237,-0.98312
246.207,1788242975.665111,1788242974.76389,-901.221,99.387,-1.21237,-0.98312
246.311,1788242975.769055,1788242974.86806,-900.995,104.17,-1.21237,-0.98312
246.412,1788242975.872416,1788242974.968374,-904.042,100.314,-1.21237,-0.98312
246.518,1788242975.975848,1788242975.075212,-900.637,106.838,-1.21237,-0.98312
246.787,1788242976.18313,1788242975.343615,-839.515,268.403,-1.21237,-0.98312
246.828,1788242976.286742,1788242975.384849,-901.893,41.234,-1.21237,-0.98312
246.97,1788242976.390639,1788242975.527244,-863.395,142.395,-1.21237,-0.98312
247.033,1788242976.494598,1788242975.589951,-904.647,62.706,-1.21237,-0.98312
247.136,1788242976.598089,1788242975.692402,-905.687,102.451,-1.21237,-0.98312
247.24,1788242976.701442,1788242975.796818,-904.624,104.416,-1.21237,-0.98312
247.349,1788242976.805055,1788242975.906043,-899.012,109.225,-1.21237,-0.98312
247.45,1788242976.909263,1788242976.007204,-902.059,101.161,-1.21237,-0.98312
247.557,1788242977.012861,1788242976.113495,-899.366,106.291,-1.21237,-0.98312
247.664,1788242977.116375,1788242976.220592,-895.783,107.097,-1.21237,-0.98312
247.761,1788242977.22047,1788242976.318093,-902.378,97.501,-1.22941,-1.01563
247.906,1788242977.323809,1788242976.463238,-860.571,145.146,-1.22941,-1.01563
247.969,1788242977.427544,1788242976.525468,-902.076,62.229,-1.22941,-1.01563
248.074,1788242977.531285,1788242976.630574,-900.711,105.106,-1.22941,-1.01563
248.172,1788242977.634584,1788242976.728482,-906.102,97.908,-1.22941,-1.01563
248.279,1788242977.7382,1788242976.835395,-902.805,106.912,-1.22941,-1.01563
248.382,1788242977.842065,1788242976.938315,-903.75,102.92,-1.22941,-1.01563
248.485,1788242977.945578,1788242977.042004,-903.574,103.689,-1.22941,-1.01563
248.587,1788242978.049426,1788242977.143688,-905.738,101.684,-1.22941,-1.01563
248.691,1788242978.152939,1788242977.248129,-904.81,104.44,-1.22941,-1.01563
248.795,1788242978.25643,1788242977.352104,-904.326,103.976,-1.22941,-1.01563
248.898,1788242978.36027,1788242977.45487,-905.401,102.765,-1.22941,-1.01563
249.006,1788242978.463665,1788242977.563043,-900.622,108.173,-1.22941,-1.01563
249.111,1788242978.569581,1788242977.66788,-901.701,104.837,-1.22941,-1.01563
249.211,1788242978.67154,1788242977.76755,-903.99,99.67,-1.22941,-1.01563
249.316,1788242978.774547,1788242977.873251,-901.295,105.702,-1.22941,-1.01563
249.42,1788242978.87856,1788242977.977215,-901.344,103.964,-1.25454,-1.45248
249.524,1788242978.982152,1788242978.080861,-901.291,103.646,-1.25454,-1.45248
249.626,1788242979.085521,1788242978.182744,-902.777,101.883,-1.25454,-1.45248
249.729,1788242979.189939,1788242978.28576,-904.179,103.016,-1.25454,-1.45248
249.832,1788242979.293418,1788242978.388534,-904.884,102.774,-1.25454,-1.45248
249.937,1788242979.397496,1788242978.494138,-903.358,105.604,-1.25454,-1.45248
250.041,1788242979.500484,1788242978.597867,-902.616,103.729,-1.25454,-1.45248
250.145,1788242979.604113,1788242978.70144,-902.673,103.573,-1.25454,-1.45248
250.245,1788242979.707736,1788242978.802009,-905.727,100.569,-1.25454,-1.45248
250.353,1788242979.81125,1788242978.909988,-901.262,107.979,-1.25454,-1.45248
250.453,1788242979.914908,1788242979.009717,-905.191,99.729,-1.25454,-1.45248
250.563,1788242980.018771,1788242979.119507,-899.264,109.79,-1.25454,-1.45248
250.663,1788242980.122375,1788242979.219326,-903.049,99.819,-1.25454,-1.45248
250.767,1788242980.228084,1788242979.323411,-904.673,104.085,-1.25454,-1.45248
250.869,1788242980.329938,1788242979.425703,-904.235,102.292,-1.25454,-1.45248
250.973,1788242980.433682,1788242979.529618,-904.064,103.915,-1.25454,-1.45248
251.075,1788242980.537459,1788242979.631802,-905.657,102.185,-1.25454,-1.45248
251.18,1788242980.641136,1788242979.736953,-904.183,105.151,-1.25454,-1.45248
251.283,1788242980.745832,1788242979.83972,-906.112,102.767,-1.25454,-1.45248
251.389,1788242980.848741,1788242979.945372,-903.369,105.652,-1.25454,-1.45248
251.493,1788242980.952418,1788242980.049813,-902.605,104.441,-1.25454,-1.45248
251.596,1788242981.056067,1788242980.15277,-903.297,102.957,-1.25454,-1.45248
251.698,1788242981.159822,1788242980.25438,-905.443,101.609,-1.25454,-1.45248
251.802,1788242981.26352,1788242980.358871,-904.649,104.491,-1.25454,-1.45248
251.907,1788242981.367129,1788242980.463653,-903.476,104.782,-1.25454,-1.45248
252.016,1788242981.470956,1788242980.573148,-897.808,109.496,-1.25454,-1.45248
252.136,1788242981.574534,1788242980.692343,-882.191,119.195,-1.25454,-1.45248
252.218,1788242981.67858,1788242980.77493,-903.651,82.587,-1.25454,-1.45248
252.324,1788242981.782032,1788242980.880904,-901.128,105.974,-1.26788,-1.36356
252.427,1788242981.885944,1788242980.983751,-902.193,102.847,-1.26788,-1.36356
252.527,1788242981.990389,1788242981.083644,-906.745,99.893,-1.26788,-1.36356
252.634,1788242982.093793,1788242981.191223,-902.569,107.58,-1.26788,-1.36356
252.735,1788242982.197058,1788242981.291665,-905.393,100.441,-1.26788,-1.36356
252.844,1788242982.300917,1788242981.401095,-899.823,109.43,-1.26788,-1.36356
252.943,1788242982.404599,1788242981.500249,-904.35,99.154,-1.26788,-1.36356
253.05,1788242982.508091,1788242981.606957,-901.134,106.709,-1.26788,-1.36356
253.15,1788242982.611778,1788242981.706743,-905.035,99.786,-1.26788,-1.36356
253.259,1788242982.715349,1788242981.816097,-899.252,109.354,-1.26788,-1.36356
253.36,1788242982.81889,1788242981.917224,-901.666,101.127,-1.26788,-1.36356
253.464,1788242982.922826,1788242982.021043,-901.783,103.819,-1.26788,-1.36356
253.566,1788242983.026657,1788242982.122945,-903.712,101.902,-1.26788,-1.36356
253.672,1788242983.130471,1788242982.229214,-901.258,106.269,-1.26788,-1.36356
253.775,1788242983.234213,1788242982.331382,-902.83,102.169,-1.26788,-1.36356
253.876,1788242983.338439,1788242982.433269,-905.17,101.887,-1.26788,-1.36356
253.981,1788242983.442307,1788242982.538169,-904.139,104.9,-1.26788,-1.36356
254.086,1788242983.546261,1788242982.642825,-903.436,104.656,-1.26788,-1.36356
254.192,1788242983.650697,1788242982.749126,-901.571,106.301,-1.27884,-1.37959
254.293,1788242983.75426,1788242982.849433,-904.827,100.307,-1.27884,-1.37959
254.399,1788242983.857998,1788242982.955822,-902.176,106.389,-1.27884,-1.37959
254.506,1788242983.96192,1788242983.06318,-898.739,107.358,-1.27884,-1.37959
254.61,1788242984.065637,1788242983.166681,-898.956,103.5,-1.27884,-1.37959
254.715,1788242984.169137,1788242983.271973,-897.164,105.292,-1.28924,-1.33263
254.811,1788242984.27232,1788242983.368142,-904.178,96.169,-1.28924,-1.33263
254.914,1788242984.375328,1788242983.470654,-904.675,102.512,-1.28924,-1.33263
255.018,1788242984.478656,1788242983.574723,-903.934,104.069,-1.28924,-1.33263
255.121,1788242984.581997,1788242983.678149,-903.848,103.427,-1.28924,-1.33263
255.227,1788242984.685662,1788242983.783824,-901.838,105.675,-1.28924,-1.33263
255.335,1788242984.78924,1788242983.891346,-897.895,107.522,-1.28924,-1.33263
255.432,1788242984.892742,1788242983.988575,-904.166,97.229,-1.28924,-1.33263
255.535,1788242984.995697,1788242984.091408,-904.29,102.832,-1.28924,-1.33263
255.639,1788242985.099571,1788242984.195721,-903.85,104.313,-1.28924,-1.33263
255.745,1788242985.20302,1788242984.301805,-901.216,106.084,-1.28924,-1.33263
255.856,1788242985.30663,1788242984.412433,-894.196,110.629,-1.28924,-1.33263
255.956,1788242985.410737,1788242984.512589,-898.148,100.156,-1.28924,-1.33263
256.121,1788242985.514672,1788242984.677551,-837.121,164.961,-1.28924,-1.33263
256.157,1788242985.618292,1788242984.713705,-904.587,36.154,-1.28924,-1.33263
256.263,1788242985.721757,1788242984.819956,-901.802,106.251,-1.28924,-1.33263
256.372,1788242985.825746,1788242984.928493,-897.253,108.537,-1.28924,-1.33263
256.467,1788242985.929321,1788242985.023999,-905.321,95.506,-1.28924,-1.33263
256.576,1788242986.032773,1788242985.132938,-899.835,108.939,-1.28924,-1.33263
256.68,1788242986.136757,1788242985.236432,-900.325,103.494,-1.31007,-1.3256
256.78,1788242986.240096,1788242985.336745,-903.351,100.313,-1.31007,-1.3256
256.884,1788242986.343604,1788242985.440802,-902.802,104.057,-1.31007,-1.3256
256.988,1788242986.447125,1788242985.54456,-902.565,103.758,-1.31007,-1.3256
257.096,1788242986.550915,1788242985.652336,-898.58,107.775,-1.31007,-1.3256
257.196,1788242986.654709,1788242985.752403,-902.306,100.067,-1.31007,-1.3256
257.302,1788242986.758569,1788242985.858781,-899.788,106.378,-1.31007,-1.3256
257.404,1788242986.862049,1788242985.960636,-901.413,101.856,-1.31007,-1.3256
257.506,1788242986.965873,1788242986.062621,-903.252,101.985,-1.31007,-1.3256
257.607,1788242987.069864,1788242986.163956,-905.907,101.335,-1.31007,-1.3256
257.712,1788242987.173369,1788242986.269205,-904.164,105.249,-1.31007,-1.3256
257.815,1788242987.276858,1788242986.3715,-905.357,102.295,-1.31007,-1.3256
257.926,1788242987.380286,1788242986.482474,-897.813,110.973,-1.31007,-1.3256
258.023,1788242987.484094,1788242986.580111,-903.984,97.637,-1.31007,-1.3256
258.129,1788242987.58753,1788242986.685867,-901.663,105.756,-1.31007,-1.3256
258.232,1788242987.691076,1788242986.788984,-902.092,103.117,-1.30658,-1.47153
258.335,1788242987.794429,1788242986.892163,-902.266,103.179,-1.30658,-1.47153
258.437,1788242987.898357,1788242986.994278,-904.078,102.115,-1.30658,-1.47153
258.54,1788242988.001705,1788242987.0971,-904.605,102.822,-1.30658,-1.47153
258.648,1788242988.105159,1788242987.204785,-900.374,107.686,-1.30658,-1.47153
258.749,1788242988.208597,1788242987.305682,-902.914,100.897,-1.30658,-1.47153
258.85,1788242988.312602,1788242987.407033,-905.569,101.35,-1.30658,-1.47153
258.955,1788242988.416517,1788242987.511969,-904.547,104.937,-1.30658,-1.47153
259.061,1788242988.521062,1788242987.617921,-903.141,105.952,-1.30658,-1.47153
259.166,1788242988.62397,1788242987.72297,-901.0,105.049,-1.30658,-1.47153
259.266,1788242988.728252,1788242987.82316,-905.092,100.19,-1.30658,-1.47153
259.37,1788242988.83138,1788242987.926286,-905.094,103.126,-1.30658,-1.47153
259.474,1788242988.934712,1788242988.030443,-904.269,104.157,-1.30658,-1.47153
259.577,1788242989.038447,1788242988.134245,-904.202,103.802,-1.30658,-1.47153
259.681,1788242989.142028,1788242988.237679,-904.349,103.434,-1.30658,-1.47153
259.787,1788242989.246035,1788242988.344228,-901.807,106.549,-1.28405,-1.50687
259.887,1788242989.349848,1788242988.444222,-905.626,99.994,-1.28405,-1.50687
259.991,1788242989.453211,1788242988.548129,-905.082,103.907,-1.28405,-1.50687
260.094,1788242989.556697,1788242988.650628,-906.069,102.499,-1.28405,-1.50687
260.202,1788242989.660181,1788242988.758746,-901.435,108.118,-1.28405,-1.50687
260.304,1788242989.763842,1788242988.860905,-902.937,102.159,-1.28405,-1.50687
260.411,1788242989.867423,1788242988.967723,-899.7,106.818,-1.28405,-1.50687
260.512,1788242989.970884,1788242989.068804,-902.08,101.081,-1.28405,-1.50687
260.613,1788242990.074388,1788242989.169455,-904.933,100.651,-1.28405,-1.50687
260.721,1788242990.178033,1788242989.278176,-899.857,108.72,-1.28405,-1.50687
260.826,1788242990.281785,1788242989.382538,-899.247,104.362,-1.28405,-1.50687
260.924,1788242990.385247,1788242989.48029,-904.957,97.752,-1.28405,-1.50687
261.03,1788242990.488995,1788242989.586703,-902.292,106.414,-1.28405,-1.50687
261.139,1788242990.592953,1788242989.695502,-897.451,108.798,-1.28405,-1.50687
261.234,1788242990.696636,1788242989.791124,-905.512,95.622,-1.28405,-1.50687
261.34,1788242990.800122,1788242989.897173,-902.949,106.049,-1.28615,-1.51494
261.444,1788242990.903562,1788242990.000731,-902.831,103.558,-1.28615,-1.51494
261.552,1788242991.007461,1788242990.108519,-898.942,107.789,-1.28615,-1.51494
261.653,1788242991.110924,1788242990.210254,-900.67,101.735,-1.28615,-1.51494
261.751,1788242991.214595,1788242990.308047,-906.548,97.793,-1.28615,-1.51494
261.856,1788242991.317537,1788242990.412288,-905.249,104.241,-1.28615,-1.51494
261.962,1788242991.421531,1788242990.5189,-902.631,106.612,-1.28615,-1.51494
262.071,1788242991.525035,1788242990.627928,-897.107,109.028,-1.28615,-1.51494
262.174,1788242991.628808,1788242990.73038,-898.428,102.451,-1.28615,-1.51494
262.276,1788242991.732316,1788242990.832805,-899.511,102.426,-1.28615,-1.51494
262.376,1788242991.835802,1788242990.932361,-903.441,99.556,-1.28615,-1.51494
262.494,1788242991.939209,1788242991.050943,-888.266,118.582,-1.28615,-1.51494
262.582,1788242992.042777,1788242991.138285,-904.491,87.342,-1.28615,-1.51494
262.688,1788242992.146699,1788242991.244907,-901.791,106.622,-1.28615,-1.51494
262.794,1788242992.250083,1788242991.350975,-899.108,106.068,-1.28615,-1.51494
262.91,1788242992.353968,1788242991.466504,-887.465,115.529,-1.24759,-1.68591
263.002,1788242992.457396,1788242991.558542,-898.854,92.038,-1.24759,-1.68591
263.101,1788242992.561874,1788242991.657816,-904.058,99.274,-1.24759,-1.68591
263.211,1788242992.664566,1788242991.767351,-897.215,109.535,-1.24759,-1.68591
263.311,1788242992.768268,1788242991.868099,-900.169,100.748,-1.24759,-1.68591
263.413,1788242992.872125,1788242991.969815,-902.31,101.715,-1.24759,-1.68591
263.519,1788242992.975514,1788242992.076237,-899.277,106.423,-1.24759,-1.68591
263.624,1788242993.079155,1788242992.181118,-898.037,104.88,-1.24759,-1.68591
263.725,1788242993.183244,1788242992.281499,-901.744,100.382,-1.24759,-1.68591
263.824,1788242993.28662,1788242992.381159,-905.461,99.66,-1.24759,-1.68591
263.932,1788242993.390229,1788242992.489138,-901.09,107.979,-1.24759,-1.68591
264.031,1788242993.493933,1788242992.588092,-905.841,98.954,-1.24759,-1.68591
264.137,1788242993.59715,1788242992.693513,-903.637,105.421,-1.24759,-1.68591
264.247,1788242993.700747,1788242992.804166,-896.582,110.653,-1.24759,-1.68591
264.347,1788242993.80441,1788242992.903885,-900.525,99.719,-1.24759,-1.68591
264.455,1788242993.908776,1788242993.011887,-896.888,108.002,-1.21937,-1.54891
264.555,1788242994.012115,1788242993.111909,-900.206,100.022,-1.21937,-1.54891
264.658,1788242994.115966,1788242993.214915,-901.052,103.005,-1.21937,-1.54891
264.784,1788242994.219915,1788242993.340674,-879.24,125.76,-1.21937,-1.54891
264.906,1788242994.322991,1788242993.462466,-860.525,121.791,-1.21937,-1.54891
264.969,1788242994.426735,1788242993.526019,-900.716,63.553,-1.21937,-1.54891
265.067,1788242994.530054,1788242993.624141,-905.913,98.123,-1.21937,-1.54891
265.172,1788242994.633522,1788242993.728693,-904.829,104.552,-1.21937,-1.54891
265.28,1788242994.737238,1788242993.836826,-900.412,108.133,-1.21937,-1.54891
265.382,1788242994.840919,1788242993.93884,-902.079,102.014,-1.21937,-1.54891
265.487,1788242994.944279,1788242994.043657,-900.622,104.817,-1.21937,-1.54891
265.587,1788242995.04829,1788242994.144054,-904.236,100.397,-1.21937,-1.54891
265.692,1788242995.151747,1788242994.249015,-902.733,104.961,-1.21937,-1.54891
265.795,1788242995.255643,1788242994.351546,-904.097,102.531,-1.21937,-1.54891
265.903,1788242995.359338,1788242994.459416,-899.922,107.871,-1.21937,-1.54891
266.002,1788242995.462905,1788242994.558742,-904.163,99.325,-1.21937,-1.54891
266.111,1788242995.566646,1788242994.668163,-898.482,109.421,-1.17639,-1.96761
266.212,1788242995.671363,1788242994.768339,-903.024,100.176,-1.17639,-1.96761
266.313,1788242995.774185,1788242994.870221,-903.964,101.882,-1.17639,-1.96761
266.421,1788242995.877375,1788242994.977476,-899.899,107.255,-1.17639,-1.96761
266.523,1788242995.981615,1788242995.079653,-901.962,102.177,-1.17639,-1.96761
266.624,1788242996.085156,1788242995.181177,-903.979,101.524,-1.17639,-1.96761
266.73,1788242996.188651,1788242995.286284,-902.368,105.107,-1.17639,-1.96761
266.837,1788242996.292631,1788242995.393454,-899.177,107.17,-1.17639,-1.96761
266.934,1788242996.396072,1788242995.490403,-905.669,96.95,-1.17639,-1.96761
267.038,1788242996.499518,1788242995.595178,-904.34,104.774,-1.17639,-1.96761
267.144,1788242996.603498,1788242995.700999,-902.498,105.822,-1.17639,-1.96761
267.247,1788242996.707302,1788242995.803774,-903.528,102.775,-1.17639,-1.96761
267.349,1788242996.811238,1788242995.906112,-905.126,102.338,-1.17639,-1.96761
267.453,1788242996.914738,1788242996.009605,-905.133,103.493,-1.17639,-1.96761
267.56,1788242997.018507,1788242996.116493,-902.014,106.888,-1.17639,-1.96761
267.662,1788242997.122421,1788242996.21848,-903.941,101.987,-1.17639,-1.96761
267.77,1788242997.226158,1788242996.327236,-898.922,108.756,-1.15161,-2.11841
267.874,1788242997.330347,1788242996.430463,-899.884,103.226,-1.15161,-2.11841
267.978,1788242997.433824,1788242996.534798,-899.026,104.335,-1.15161,-2.11841
268.075,1788242997.537324,1788242996.631379,-905.945,96.581,-1.15161,-2.11841
268.181,1788242997.640937,1788242996.737598,-903.34,106.219,-1.15161,-2.11841
268.287,1788242997.744629,1788242996.843789,-900.84,106.191,-1.15161,-2.11841
268.389,1788242997.84853,1788242996.945404,-903.126,101.615,-1.15161,-2.11841
268.492,1788242997.952388,1788242997.048559,-903.829,103.155,-1.15161,-2.11841
268.597,1788242998.055606,1788242997.153586,-902.02,105.027,-1.15161,-2.11841
268.698,1788242998.159352,1788242997.254291,-905.061,100.705,-1.15161,-2.11841
268.802,1788242998.262983,1788242997.358706,-904.277,104.415,-1.15161,-2.11841
268.906,1788242998.366451,1788242997.463043,-903.408,104.337,-1.15161,-2.11841
269.009,1788242998.470429,1788242997.565313,-905.116,102.269,-1.15161,-2.11841
269.113,1788242998.573874,1788242997.669313,-904.56,104.001,-1.15161,-2.11841
269.223,1788242998.677829,1788242997.780171,-897.658,110.857,-1.15161,-2.11841
269.326,1788242998.781349,1788242997.883107,-898.242,102.936,-1.15161,-2.11841
269.426,1788242998.885411,1788242997.982609,-902.802,99.502,-1.1463,-2.36649
269.528,1788242998.988779,1788242998.084539,-904.24,101.93,-1.1463,-2.36649
269.635,1788242999.092112,1788242998.191749,-900.363,107.21,-1.1463,-2.36649
269.737,1788242999.1955,1788242998.293433,-902.066,101.684,-1.1463,-2.36649
269.84,1788242999.299244,1788242998.396562,-902.682,103.129,-1.1463,-2.36649
269.941,1788242999.402472,1788242998.497385,-905.087,100.822,-1.1463,-2.36649
270.044,1788242999.506058,1788242998.601237,-904.82,103.853,-1.1463,-2.36649
270.149,1788242999.609928,1788242998.705809,-904.119,104.572,-1.1463,-2.36649
270.254,1788242999.713414,1788242998.810881,-902.534,105.072,-1.1463,-2.36649
270.356,1788242999.817061,1788242998.912576,-904.485,101.696,-1.1463,-2.36649
270.462,1788242999.920727,1788242999.01886,-901.867,106.284,-1.1463,-2.36649
270.571,1788243000.024641,1788242999.12755,-897.091,108.689,-1.1463,-2.36649
270.667,1788243000.128154,1788242999.224081,-904.074,96.531,-1.1463,-2.36649
270.77,1788243000.231825,1788242999.326927,-904.898,102.847,-1.1463,-2.36649
270.876,1788243000.335186,1788242999.432358,-902.828,105.431,-1.1463,-2.36649
270.978,1788243000.439101,1788242999.535209,-903.892,102.851,-1.1463,-2.36649
271.082,1788243000.542649,1788242999.639163,-903.486,103.953,-1.18199,-2.06587
271.188,1788243000.64654,1788242999.744733,-901.807,105.57,-1.18199,-2.06587
271.288,1788243000.7513,1788242999.845124,-906.176,100.391,-1.18199,-2.06587
271.396,1788243000.853631,1788242999.952295,-901.336,107.171,-1.18199,-2.06587
271.498,1788243000.957404,1788243000.054378,-903.026,102.083,-1.18199,-2.06587
271.601,1788243001.060952,1788243000.158026,-902.926,103.647,-1.18199,-2.06587
271.721,1788243001.164793,1788243000.278137,-886.656,120.112,-1.18199,-2.06587
271.81,1788243001.268734,1788243000.366354,-902.38,88.217,-1.18199,-2.06587
271.911,1788243001.372189,1788243000.467606,-904.583,101.251,-1.18199,-2.06587
272.014,1788243001.475755,1788243000.571206,-904.549,103.6,-1.18199,-2.06587
272.118,1788243001.579271,1788243000.674532,-904.739,103.326,-1.18199,-2.06587
272.222,1788243001.682781,1788243000.778748,-904.033,104.216,-1.18199,-2.06587
272.326,1788243001.786348,1788243000.882965,-903.383,104.218,-1.18199,-2.06587
272.433,1788243001.890161,1788243000.989282,-900.878,106.317,-1.18199,-2.06587
272.535,1788243001.993935,1788243001.091563,-902.373,102.281,-1.18199,-2.06587
272.641,1788243002.097782,1788243001.197716,-900.067,106.153,-1.18199,-2.06587
272.745,1788243002.201325,1788243001.301991,-899.334,104.275,-1.16302,-2.16227
272.862,1788243002.304815,1788243001.418799,-886.016,116.808,-1.16302,-2.16227
272.952,1788243002.408886,1788243001.508603,-900.283,89.804,-1.16302,-2.16227
273.053,1788243002.512299,1788243001.610222,-902.077,101.619,-1.16302,-2.16227
273.159,1788243002.615841,1788243001.716168,-899.673,105.946,-1.16302,-2.16227
273.267,1788243002.719523,1788243001.824177,-895.346,108.009,-1.16302,-2.16227
273.365,1788243002.824201,1788243001.921986,-902.215,97.809,-1.16302,-2.16227
273.469,1788243002.927491,1788243002.025552,-901.939,103.565,-1.16302,-2.16227
273.575,1788243003.031961,1788243002.132167,-899.794,106.616,-1.16302,-2.16227
273.672,1788243003.13417,1788243002.228515,-905.655,96.348,-1.16302,-2.16227
273.777,1788243003.237862,1788243002.334,-903.862,105.485,-1.16302,-2.16227
273.88,1788243003.341604,1788243002.436765,-904.839,102.766,-1.16302,-2.16227
273.983,1788243003.444994,1788243002.539856,-905.138,103.09,-1.16302,-2.16227
274.093,1788243003.548546,1788243002.650059,-898.487,110.203,-1.16302,-2.16227
274.19,1788243003.652464,1788243002.74642,-906.044,96.361,-1.16302,-2.16227
274.297,1788243003.755949,1788243002.853343,-902.606,106.923,-1.16302,-2.16227
274.399,1788243003.859659,1788243002.956099,-903.56,102.756,-1.11098,-2.28583
274.501,1788243003.963127,1788243003.058152,-904.975,102.053,-1.11098,-2.28583
274.608,1788243004.066717,1788243003.165194,-901.523,107.042,-1.11098,-2.28583
274.715,1788243004.170642,1788243003.271587,-899.056,106.393,-1.11098,-2.28583
274.813,1788243004.274228,1788243003.369651,-904.577,98.064,-1.11098,-2.28583
274.922,1788243004.377808,1788243003.479281,-898.527,109.63,-1.11098,-2.28583
275.028,1788243004.48157,1788243003.585258,-896.311,105.978,-1.11098,-2.28583
275.125,1788243004.585418,1788243003.681311,-904.106,96.053,-1.11098,-2.28583
275.23,1788243004.689413,1788243003.786317,-903.096,105.006,-1.11098,-2.28583
275.337,1788243004.792997,1788243003.89416,-898.838,107.842,-1.11098,-2.28583
275.437,1788243004.896556,1788243003.993895,-902.661,99.735,-1.11098,-2.28583
275.542,1788243005.000371,1788243004.098395,-901.976,104.5,-1.11098,-2.28583
275.648,1788243005.103882,1788243004.205105,-898.777,106.71,-1.11098,-2.28583
275.748,1788243005.207676,1788243004.304984,-902.692,99.879,-1.11098,-2.28583
275.85,1788243005.311155,1788243004.407115,-904.04,102.131,-1.11098,-2.28583
275.955,1788243005.416029,1788243004.512222,-903.807,105.107,-1.11098,-2.28583
276.06,1788243005.518641,1788243004.616607,-902.034,104.385,-1.13016,-2.26408
276.162,1788243005.622481,1788243004.718491,-903.99,101.884,-1.13016,-2.26408
276.267,1788243005.726477,1788243004.823537,-902.94,105.046,-1.13016,-2.26408
276.371,1788243005.829636,1788243004.927676,-901.96,104.14,-1.13016,-2.26408
276.475,1788243005.933275,1788243005.032056,-901.22,104.379,-1.13016,-2.26408
276.575,1788243006.037295,1788243005.131726,-905.57,99.67,-1.13016,-2.26408
276.681,1788243006.140782,1788243005.238018,-902.765,106.292,-1.13016,-2.26408
276.789,1788243006.245396,1788243005.345875,-899.522,107.857,-1.13016,-2.26408
276.894,1788243006.34881,1788243005.450293,-898.517,104.418,-1.13016,-2.26408
276.99,1788243006.452404,1788243005.546744,-905.66,96.452,-1.13016,-2.26408
277.097,1788243006.556016,1788243005.653386,-902.631,106.642,-1.13016,-2.26408
277.203,1788243006.659798,1788243005.759537,-900.261,106.152,-1.13016,-2.26408
277.302,1788243006.763471,1788243005.859071,-904.4,99.534,-1.13016,-2.26408
277.41,1788243006.866999,1788243005.966372,-900.627,107.301,-1.13016,-2.26408
277.511,1788243006.971081,1788243006.068084,-902.997,101.712,-1.13016,-2.26408
277.612,1788243007.074385,1788243006.168854,-905.531,100.77,-1.13016,-2.26408
277.717,1788243007.17803,1788243006.273947,-904.083,105.093,-1.13016,-2.26408
277.822,1788243007.281827,1788243006.37858,-903.247,104.633,-1.09828,-2.39704
277.935,1788243007.385265,1788243006.491799,-893.466,113.219,-1.09828,-2.39704
278.03,1788243007.489015,1788243006.587095,-901.92,95.296,-1.09828,-2.39704
278.131,1788243007.593078,1788243006.688065,-905.013,100.97,-1.09828,-2.39704
278.234,1788243007.695945,1788243006.791192,-904.753,103.127,-1.09828,-2.39704
278.339,1788243007.799539,1788243006.896202,-903.337,105.011,-1.09828,-2.39704
278.441,1788243007.902869,1788243006.997866,-905.003,101.664,-1.09828,-2.39704
278.544,1788243008.006295,1788243007.100905,-905.39,103.039,-1.09828,-2.39704
278.651,1788243008.11032,1788243007.207881,-902.439,106.976,-1.09828,-2.39704
278.752,1788243008.213897,1788243007.309011,-904.886,101.13,-1.09828,-2.39704
278.883,1788243008.317488,1788243007.439561,-877.928,130.549,-1.09828,-2.39704
278.983,1788243008.421033,1788243007.539433,-881.6,99.873,-1.09828,-2.39704
279.072,1788243008.52481,1788243007.628543,-896.267,89.109,-1.09828,-2.39704
279.17,1788243008.628488,1788243007.726756,-901.732,98.213,-1.09828,-2.39704
279.269,1788243008.731898,1788243007.826095,-905.803,99.339,-1.09828,-2.39704
279.378,1788243008.835426,1788243007.934838,-900.588,108.743,-1.09828,-2.39704
279.481,1788243008.93902,1788243008.037352,-901.668,102.514,-1.09828,-2.39704
279.583,1788243009.042695,1788243008.139858,-902.836,102.506,-1.09828,-2.39704
279.692,1788243009.146779,1788243008.248546,-898.233,108.687,-1.09828,-2.39704
279.788,1788243009.250476,1788243008.344914,-905.563,96.368,-1.09828,-2.39704
279.896,1788243009.354138,1788243008.452357,-901.782,107.443,-1.09828,-2.39704
280.001,1788243009.457898,1788243008.558163,-899.735,105.807,-1.11153,-2.39499
280.107,1788243009.561432,1788243008.663702,-897.73,105.539,-1.11153,-2.39499
280.207,1788243009.665211,1788243008.763541,-901.67,99.839,-1.11153,-2.39499
280.315,1788243009.768888,1788243008.871818,-897.071,108.276,-1.11153,-2.39499
280.413,1788243009.8729,1788243008.970005,-902.895,98.187,-1.11153,-2.39499
280.518,1788243009.976279,1788243009.075238,-901.041,105.233,-1.11153,-2.39499
280.63,1788243010.079874,1788243009.186883,-892.99,111.645,-1.11153,-2.39499
281.079,1788243010.287741,1788243009.635521,-652.22,448.637,-1.11153,-2.39499
281.079,1788243010.391558,1788243009.635693,-755.865,0.172,-1.11153,-2.39499
281.079,1788243010.494975,1788243009.635858,-859.117,0.165,-1.11153,-2.39499
281.147,1788243010.598601,1788243009.704247,-894.354,68.389,-1.11153,-2.39499
281.25,1788243010.702248,1788243009.806436,-895.812,102.19,-1.11153,-2.39499
281.354,1788243010.80579,1788243009.910886,-894.904,104.45,-1.11153,-2.39499
281.458,1788243010.909541,1788243010.01457,-894.971,103.683,-1.11153,-2.39499
281.553,1788243011.013542,1788243010.110035,-903.507,95.465,-1.11153,-2.39499
281.667,1788243011.117424,1788243010.2242,-893.225,114.165,-1.11153,-2.39499
281.767,1788243011.221043,1788243010.324227,-896.816,100.027,-1.11153,-2.39499
281.872,1788243011.325128,1788243010.42838,-896.747,104.153,-1.08314,-2.54551
281.966,1788243011.428912,1788243010.522871,-906.04,94.491,-1.08314,-2.54551
282.074,1788243011.532335,1788243010.630688,-901.647,107.816,-1.08314,-2.54551
282.18,1788243011.636054,1788243010.736368,-899.686,105.68,-1.08314,-2.54551
282.28,1788243011.739869,1788243010.837008,-902.861,100.64,-1.08314,-2.54551
282.389,1788243011.843705,1788243010.945864,-897.84,108.857,-1.08314,-2.54551
282.488,1788243011.947649,1788243011.045267,-902.382,99.402,-1.08314,-2.54551
282.594,1788243012.052676,1788243011.150586,-902.09,105.319,-1.08314,-2.54551
282.695,1788243012.155797,1788243011.25147,-904.327,100.884,-1.08314,-2.54551
282.798,1788243012.259757,1788243011.354781,-904.976,103.311,-1.08314,-2.54551
282.913,1788243012.363861,1788243011.469516,-894.345,114.735,-1.08314,-2.54551
283.009,1788243012.467799,1788243011.565916,-901.883,96.399,-1.01974,-2.80714
283.112,1788243012.572204,1788243011.668947,-903.257,103.032,-1.01974,-2.80714
283.215,1788243012.675679,1788243011.772049,-903.63,103.102,-1.01974,-2.80714
283.323,1788243012.779171,1788243011.879636,-899.534,107.587,-1.01974,-2.80714
283.431,1788243012.882884,1788243011.987796,-895.087,108.16,-1.01974,-2.80714
283.544,1788243012.98752,1788243012.100773,-886.747,112.976,-1.00087,-2.89787
283.632,1788243013.090858,1788243012.189116,-901.742,88.343,-1.00087,-2.89787
283.734,1788243013.194372,1788243012.291115,-903.257,101.999,-1.00087,-2.89787
283.839,1788243013.297628,1788243012.395464,-902.164,104.349,-1.00087,-2.89787
283.937,1788243013.400712,1788243012.494214,-906.499,98.749,-1.00087,-2.89787
284.044,1788243013.504062,1788243012.601157,-902.905,106.943,-1.00087,-2.89787
284.151,1788243013.607619,1788243012.707993,-899.626,106.836,-1.00087,-2.89787
284.249,1788243013.710887,1788243012.80534,-905.548,97.347,-1.00087,-2.89787
284.352,1788243013.813633,1788243012.908406,-905.227,103.066,-1.00087,-2.89787
284.456,1788243013.917556,1788243013.012667,-904.889,104.26,-1.00087,-2.89787
284.562,1788243014.020736,1788243013.118423,-902.313,105.756,-1.00087,-2.89787
284.666,1788243014.124565,1788243013.222834,-901.731,104.411,-1.00087,-2.89787
284.766,1788243014.228126,1788243013.322623,-905.503,99.789,-1.00087,-2.89787
284.873,1788243014.331522,1788243013.43002,-901.502,107.397,-1.00087,-2.89787
284.972,1788243014.434873,1788243013.528691,-906.183,98.671,-1.00087,-2.89787
285.078,1788243014.538702,1788243013.634419,-904.283,105.728,-1.00087,-2.89787
285.181,1788243014.64209,1788243013.738072,-904.018,103.653,-1.00087,-2.89787
285.284,1788243014.745903,1788243013.840372,-905.532,102.299,-1.00087,-2.89787
285.393,1788243014.849568,1788243013.949697,-899.872,109.325,-1.0186,-2.76786
285.493,1788243014.953428,1788243014.050072,-903.355,100.376,-1.0186,-2.76786
285.595,1788243015.056951,1788243014.151568,-905.383,101.496,-1.0186,-2.76786
285.7,1788243015.160558,1788243014.257187,-903.372,105.619,-1.0186,-2.76786
285.802,1788243015.264364,1788243014.359089,-905.275,101.902,-1.0186,-2.76786
285.909,1788243015.367873,1788243014.466045,-901.828,106.956,-1.0186,-2.76786
286.012,1788243015.472508,1788243014.569126,-903.382,103.081,-1.0186,-2.76786
286.114,1788243015.575621,1788243014.670347,-905.274,101.22,-1.0186,-2.76786
286.218,1788243015.679358,1788243014.774663,-904.695,104.316,-1.0186,-2.76786
286.324,1788243015.782784,1788243014.880298,-902.486,105.635,-1.0186,-2.76786
286.429,1788243015.887602,1788243014.985718,-901.885,105.42,-1.0186,-2.76786
286.532,1788243015.990155,1788243015.088944,-901.212,103.226,-1.0186,-2.76786
286.633,1788243016.094115,1788243015.189703,-904.412,100.759,-1.0186,-2.76786
286.737,1788243016.19782,1788243015.293798,-904.022,104.095,-1.0186,-2.76786
286.838,1788243016.301116,1788243015.39482,-906.296,101.023,-1.0186,-2.76786
286.943,1788243016.404742,1788243015.499413,-905.329,104.593,-1.0186,-2.76786
287.055,1788243016.50869,1788243015.611562,-897.128,112.149,-0.98632,-2.75091
287.154,1788243016.612478,1788243015.711199,-901.28,99.637,-0.98632,-2.75091
287.254,1788243016.71638,1788243015.810375,-906.005,99.177,-0.98632,-2.75091
287.358,1788243016.819626,1788243015.914523,-905.102,104.148,-0.98632,-2.75091
287.462,1788243016.923315,1788243016.019087,-904.228,104.563,-0.98632,-2.75091
287.566,1788243017.026883,1788243016.122391,-904.493,103.304,-0.98632,-2.75091
287.668,1788243017.130793,1788243016.224328,-906.465,101.937,-0.98632,-2.75091
287.774,1788243017.233843,1788243016.330423,-903.42,106.095,-0.98632,-2.75091
287.876,1788243017.33808,1788243016.432682,-905.398,102.258,-0.98632,-2.75091
287.985,1788243017.441211,1788243016.542278,-898.933,109.596,-0.98632,-2.75091
288.085,1788243017.54466,1788243016.641817,-902.843,99.539,-0.98632,-2.75091
288.186,1788243017.648812,1788243016.742721,-906.091,100.904,-0.98632,-2.75091
288.292,1788243017.752419,1788243016.848655,-903.765,105.933,-0.98632,-2.75091
288.399,1788243017.856058,1788243016.955812,-900.247,107.157,-0.98632,-2.75091
288.497,1788243017.960137,1788243017.053929,-906.208,98.117,-0.98632,-2.75091
288.606,1788243018.063144,1788243017.162308,-900.836,108.379,-0.98632,-2.75091
288.712,1788243018.166666,1788243017.269166,-897.501,106.858,-0.90993,-3.05833
288.809,1788243018.270682,1788243017.365508,-905.175,96.342,-0.90993,-3.05833
288.912,1788243018.374176,1788243017.469168,-905.008,103.66,-0.90993,-3.05833
289.018,1788243018.478033,1788243017.574452,-903.581,105.284,-0.90993,-3.05833
289.12,1788243018.581303,1788243017.676561,-904.741,102.109,-0.90993,-3.05833
289.226,1788243018.684824,1788243017.782774,-902.051,106.212,-0.90993,-3.05833
289.328,1788243018.78866,1788243017.885245,-903.414,102.472,-0.90993,-3.05833
289.437,1788243018.892408,1788243017.993446,-898.962,108.2,-0.90993,-3.05833
289.541,1788243018.996009,1788243018.097618,-898.391,104.173,-0.90993,-3.05833
289.642,1788243019.099678,1788243018.198959,-900.719,101.341,-0.90993,-3.05833
289.747,1788243019.204392,1788243018.304191,-900.201,105.232,-0.90993,-3.05833
289.851,1788243019.307711,1788243018.407374,-900.338,103.182,-0.90993,-3.05833
289.951,1788243019.411255,1788243018.508049,-903.206,100.675,-0.90993,-3.05833
290.057,1788243019.515193,1788243018.61334,-901.853,105.291,-0.90993,-3.05833
290.157,1788243019.618811,1788243018.713429,-905.382,100.088,-0.90993,-3.05833
290.262,1788243019.7227,1788243018.818945,-903.755,105.516,-0.90993,-3.05833
290.367,1788243019.82655,1788243018.924161,-902.389,105.216,-0.89336,-3.0665
290.471,1788243019.929758,1788243019.027309,-902.449,103.148,-0.89336,-3.0665
290.571,1788243020.033558,1788243019.127817,-905.742,100.508,-0.89336,-3.0665
290.676,1788243020.13687,1788243019.232633,-904.237,104.816,-0.89336,-3.0665
290.779,1788243020.240806,1788243019.335517,-905.289,102.884,-0.89336,-3.0665
290.883,1788243020.344552,1788243019.440261,-904.29,104.744,-0.89336,-3.0665
290.989,1788243020.448575,1788243019.54551,-903.065,105.249,-0.89336,-3.0665
293.08,1788243021.588583,1788243021.63678,48.197,2091.27,-0.89336,-3.0665
293.08,1788243021.692685,1788243021.636958,-55.727,0.179,-0.89336,-3.0665
293.08,1788243021.796317,1788243021.63712,-159.197,0.162,-0.89336,-3.0665
293.08,1788243021.899878,1788243021.637269,-262.609,0.149,-0.89336,-3.0665
293.081,1788243022.003636,1788243021.637509,-366.127,0.24,-0.89336,-3.0665
293.081,1788243022.10752,1788243021.637587,-469.932,0.078,-0.89336,-3.0665
293.081,1788243022.211326,1788243021.637715,-573.611,0.128,-0.89336,-3.0665
293.081,1788243022.314891,1788243021.637831,-677.06,0.116,-0.89336,-3.0665
293.081,1788243022.418785,1788243021.637935,-780.851,0.103,-0.89336,-3.0665
293.081,1788243022.522306,1788243021.638043,-884.263,0.108,-0.89336,-3.0665
293.166,1788243022.626148,1788243021.722682,-903.466,84.64,-0.89336,-3.0665
293.268,1788243022.730039,1788243021.824659,-905.379,101.977,-0.89336,-3.0665
293.372,1788243022.833433,1788243021.929174,-904.259,104.514,-0.91454,-2.90041
293.475,1788243022.937062,1788243022.031469,-905.593,102.295,-0.91454,-2.90041
293.579,1788243023.040844,1788243022.13571,-905.134,104.241,-0.91454,-2.90041
293.686,1788243023.144671,1788243022.242462,-902.21,106.752,-0.91454,-2.90041
293.786,1788243023.24859,1788243022.343056,-905.534,100.595,-0.91454,-2.90041
293.89,1788243023.352443,1788243022.447151,-905.292,104.095,-0.91454,-2.90041
293.994,1788243023.456291,1788243022.550469,-905.822,103.318,-0.91454,-2.90041
294.099,1788243023.559907,1788243022.656136,-903.771,105.667,-0.91454,-2.90041
294.206,1788243023.663919,1788243022.762442,-901.476,106.306,-0.91454,-2.90041
294.308,1788243023.767685,1788243022.865179,-902.506,102.737,-0.91454,-2.90041
294.41,1788243023.872287,1788243022.966884,-905.403,101.705,-0.91454,-2.90041
294.514,1788243023.975027,1788243023.070457,-904.569,103.574,-0.91454,-2.90041
294.617,1788243024.078771,1788243023.173895,-904.877,103.437,-0.91454,-2.90041
294.72,1788243024.182549,1788243023.276817,-905.732,102.922,-0.91454,-2.90041
294.827,1788243024.286118,1788243023.383858,-902.259,107.041,-0.91454,-2.90041
294.928,1788243024.390136,1788243023.484831,-905.304,100.973,-0.91454,-2.90041
295.032,1788243024.494188,1788243023.588453,-905.735,103.622,-0.91454,-2.90041
295.141,1788243024.597072,1788243023.698016,-899.056,109.563,-0.91454,-2.90041
295.238,1788243024.70096,1788243023.795264,-905.696,97.248,-0.91454,-2.90041
295.345,1788243024.804775,1788243023.901907,-902.867,106.644,-0.93858,-2.72632
295.451,1788243024.909032,1788243024.007781,-901.252,105.873,-0.93858,-2.72632
295.55,1788243025.012706,1788243024.107035,-905.671,99.254,-0.93858,-2.72632
295.685,1788243025.11631,1788243024.242049,-874.261,135.014,-0.93858,-2.72632
295.759,1788243025.220227,1788243024.316241,-903.986,74.192,-0.93858,-2.72632
295.861,1788243025.324345,1788243024.417655,-906.691,101.414,-0.93858,-2.72632
295.969,1788243025.427565,1788243024.526057,-901.508,108.402,-0.93858,-2.72632
296.071,1788243025.531275,1788243024.627364,-903.91,101.307,-0.93858,-2.72632
296.175,1788243025.635332,1788243024.732092,-903.24,104.728,-0.93858,-2.72632
296.279,1788243025.738905,1788243024.836195,-902.71,104.103,-0.93858,-2.72632
296.381,1788243025.842984,1788243024.937471,-905.513,101.276,-0.93858,-2.72632
296.485,1788243025.946207,1788243025.041958,-904.248,104.487,-0.93858,-2.72632
296.589,1788243026.050058,1788243025.146068,-903.991,104.11,-0.93858,-2.72632
296.692,1788243026.153553,1788243025.248734,-904.819,102.667,-0.93858,-2.72632
296.8,1788243026.257689,1788243025.356307,-901.381,107.573,-0.93858,-2.72632
296.9,1788243026.361167,1788243025.457017,-904.15,100.71,-0.93858,-2.72632
297.007,1788243026.464933,1788243025.563858,-901.075,106.841,-0.87675,-3.2433
297.107,1788243026.568591,1788243025.663913,-904.679,100.055,-0.87675,-3.2433
297.214,1788243026.672561,1788243025.770713,-901.848,106.8,-0.87675,-3.2433
297.315,1788243026.776291,1788243025.872081,-904.211,101.368,-0.87675,-3.2433
297.427,1788243026.880099,1788243025.983628,-896.471,111.547,-0.87675,-3.2433
297.527,1788243026.98399,1788243026.083335,-900.655,99.707,-0.87675,-3.2433
297.632,1788243027.087772,1788243026.188326,-899.446,104.991,-0.87675,-3.2433
297.734,1788243027.192514,1788243026.291021,-901.493,102.695,-0.87675,-3.2433
297.841,1788243027.296064,1788243026.398087,-897.977,107.066,-0.87675,-3.2433
297.938,1788243027.399593,1788243026.494575,-905.019,96.488,-0.87675,-3.2433
298.042,1788243027.503166,1788243026.598487,-904.678,103.913,-0.87675,-3.2433
298.146,1788243027.606912,1788243026.702778,-904.133,104.291,-0.87675,-3.2433
298.25,1788243027.710805,1788243026.806437,-904.368,103.659,-0.87675,-3.2433
298.353,1788243027.814519,1788243026.909409,-905.11,102.972,-0.87675,-3.2433
298.456,1788243027.918154,1788243027.012543,-905.611,103.134,-0.87675,-3.2433
298.562,1788243028.021864,1788243027.119071,-902.793,106.527,-0.87675,-3.2433
298.668,1788243028.125858,1788243027.224613,-901.245,105.543,-0.83146,-3.59985
298.767,1788243028.229429,1788243027.324155,-905.274,99.542,-0.83146,-3.59985
298.87,1788243028.333084,1788243027.426963,-906.121,102.807,-0.83146,-3.59985
298.979,1788243028.436747,1788243027.535362,-901.385,108.4,-0.83146,-3.59985
299.079,1788243028.540425,1788243027.635947,-904.479,100.584,-0.83146,-3.59985
299.185,1788243028.644289,1788243027.742152,-902.137,106.206,-0.83146,-3.59985
299.291,1788243028.749816,1788243027.847659,-902.157,105.507,-0.83146,-3.59985
299.392,1788243028.852302,1788243027.948836,-903.466,101.177,-0.83146,-3.59985
299.499,1788243028.955534,1788243028.056142,-899.392,107.306,-0.83146,-3.59985
299.601,1788243029.059155,1788243028.158121,-901.035,101.979,-0.83146,-3.59985
299.701,1788243029.163851,1788243028.258185,-905.667,100.064,-0.83146,-3.59985
299.81,1788243029.266677,1788243028.366632,-900.045,108.448,-0.83146,-3.59985
299.91,1788243029.370434,1788243028.466465,-903.969,99.833,-0.83146,-3.59985
300.013,1788243029.474197,1788243028.570027,-904.17,103.562,-0.83146,-3.59985
300.116,1788243029.577783,1788243028.672839,-904.945,102.812,-0.83146,-3.59985
300.222,1788243029.681997,1788243028.778454,-903.542,105.616,-0.83146,-3.59985
300.328,1788243029.785719,1788243028.885017,-900.702,106.563,-0.82388,-3.74982
300.427,1788243029.889358,1788243028.983717,-905.641,98.7,-0.82388,-3.74982
300.532,1788243029.993451,1788243029.088644,-904.807,104.927,-0.82388,-3.74982
300.635,1788243030.096944,1788243029.191459,-905.485,102.815,-0.82388,-3.74982
300.742,1788243030.200634,1788243029.299231,-901.403,107.773,-0.82388,-3.74982
300.848,1788243030.30439,1788243029.404711,-899.68,105.479,-0.82388,-3.74982
300.984,1788243030.408627,1788243029.540478,-868.149,135.767,-0.82388,-3.74982
301.052,1788243030.512368,1788243029.608816,-903.552,68.339,-0.82388,-3.74982
301.155,1788243030.615905,1788243029.711632,-904.273,102.815,-0.82388,-3.74982
301.258,1788243030.719581,1788243029.814952,-904.629,103.32,-0.82388,-3.74982
301.364,1788243030.823229,1788243029.920535,-902.694,105.583,-0.82388,-3.74982
301.468,1788243030.92775,1788243030.025251,-902.499,104.716,-0.82388,-3.74982
301.569,1788243031.030974,1788243030.125564,-905.41,100.313,-0.82388,-3.74982
301.672,1788243031.134339,1788243030.228684,-905.655,103.12,-0.82388,-3.74982
301.777,1788243031.238095,1788243030.333467,-904.628,104.783,-0.82388,-3.74982
301.882,1788243031.341882,1788243030.439012,-902.87,105.545,-0.82388,-3.74982
301.991,1788243031.445754,1788243030.54757,-898.185,108.558,-0.80527,-3.95843
302.094,1788243031.549298,1788243030.650689,-898.608,103.12,-0.80527,-3.95843
302.189,1788243031.652976,1788243030.746165,-906.811,95.476,-0.80527,-3.95843
302.299,1788243031.756361,1788243030.855904,-900.456,109.74,-0.80527,-3.95843
302.404,1788243031.860536,1788243030.960755,-899.78,104.851,-0.80527,-3.95843
302.508,1788243031.96436,1788243031.064304,-900.056,103.549,-0.80527,-3.95843
302.614,1788243032.068333,1788243031.170474,-897.859,106.17,-0.80527,-3.95843
302.714,1788243032.171952,1788243031.270335,-901.617,99.862,-0.80527,-3.95843
302.816,1788243032.275569,1788243031.372552,-903.018,102.216,-0.80527,-3.95843
302.929,1788243032.379827,1788243031.485691,-894.136,113.139,-0.80527,-3.95843
303.032,1788243032.483383,1788243031.588624,-894.76,102.933,-0.80527,-3.95843
303.135,1788243032.586753,1788243031.691527,-895.226,102.903,-0.80527,-3.95843
303.228,1788243032.69064,1788243031.784867,-905.774,93.34,-0.80527,-3.95843
303.338,1788243032.794321,1788243031.89442,-899.901,109.553,-0.80527,-3.95843
303.437,1788243032.897818,1788243031.993453,-904.366,99.033,-0.80527,-3.95843
303.548,1788243033.001462,1788243032.105102,-896.359,111.65,-0.80527,-3.95843
303.655,1788243033.105354,1788243032.211535,-893.819,106.432,-0.84924,-3.74092
303.756,1788243033.208942,1788243032.312301,-896.641,100.766,-0.84924,-3.74092
303.861,1788243033.312893,1788243032.418264,-894.629,105.963,-0.84924,-3.74092
303.968,1788243033.417341,1788243032.525168,-892.174,106.904,-0.84924,-3.74092
304.068,1788243033.520496,1788243032.624889,-895.607,99.721,-0.84924,-3.74092
304.198,1788243033.624131,1788243032.754508,-869.623,129.619,-0.84924,-3.74092
304.27,1788243033.727814,1788243032.826459,-901.356,71.951,-0.84924,-3.74092
304.372,1788243033.831845,1788243032.928841,-903.004,102.382,-0.84924,-3.74092
304.479,1788243033.935443,1788243033.035476,-899.967,106.635,-0.84924,-3.74092
304.583,1788243034.039145,1788243033.139567,-899.578,104.091,-0.84924,-3.74092
304.68,1788243034.142962,1788243033.237066,-905.896,97.499,-0.84924,-3.74092
304.79,1788243034.246453,1788243033.346451,-900.002,109.385,-0.84924,-3.74092
304.888,1788243034.350349,1788243033.444874,-905.475,98.423,-0.84924,-3.74092
304.998,1788243034.454161,1788243033.554745,-899.416,109.871,-0.84924,-3.74092
305.098,1788243034.558042,1788243033.654989,-903.053,100.243,-0.84924,-3.74092
305.2,1788243034.661658,1788243033.756495,-905.163,101.506,-0.84924,-3.74092
305.309,1788243034.765648,1788243033.866022,-899.626,109.527,-0.85872,-3.64318
305.415,1788243034.869304,1788243033.971497,-897.807,105.475,-0.85872,-3.64318
305.522,1788243034.97315,1788243034.079146,-894.003,107.649,-0.85872,-3.64318
305.627,1788243035.076597,1788243034.183285,-893.312,104.139,-0.85872,-3.64318
305.726,1788243035.180706,1788243034.282724,-897.982,99.439,-0.85872,-3.64318
305.828,1788243035.284172,1788243034.3843,-899.872,101.576,-0.85872,-3.64318
305.986,1788243035.387869,1788243034.542479,-845.39,158.179,-0.85872,-3.64318
306.037,1788243035.491952,1788243034.593808,-898.143,51.329,-0.85872,-3.64318
306.136,1788243035.595499,1788243034.692867,-902.632,99.058,-0.85872,-3.64318
306.238,1788243035.698979,1788243034.794391,-904.589,101.524,-0.85872,-3.64318
306.349,1788243035.803212,1788243034.905416,-897.795,111.026,-0.85872,-3.64318
306.449,1788243035.906754,1788243035.005695,-901.059,100.279,-0.85872,-3.64318
306.548,1788243036.010212,1788243035.104519,-905.693,98.823,-0.85872,-3.64318
306.652,1788243036.113664,1788243035.209269,-904.396,104.75,-0.85872,-3.64318
306.755,1788243036.217091,1788243035.311944,-905.146,102.676,-0.85872,-3.64318
306.859,1788243036.32074,1788243035.415891,-904.849,103.947,-0.85872,-3.64318
306.965,1788243036.424409,1788243035.521875,-902.534,105.984,-0.85194,-3.72466
307.068,1788243036.528278,1788243035.625129,-903.149,103.254,-0.85194,-3.72466
307.172,1788243036.63381,1788243035.728918,-904.892,103.789,-0.85194,-3.72466
307.274,1788243036.736349,1788243035.830296,-906.053,101.378,-0.85194,-3.72466
307.377,1788243036.83933,1788243035.934207,-905.124,103.911,-0.85194,-3.72466
307.488,1788243036.942806,1788243036.044822,-897.983,110.616,-0.85194,-3.72466
307.585,1788243037.046838,1788243036.141325,-905.513,96.502,-0.85194,-3.72466
307.689,1788243037.150499,1788243036.245983,-904.516,104.658,-0.85194,-3.72466
307.794,1788243037.254335,1788243036.350886,-903.45,104.903,-0.85194,-3.72466
307.9,1788243037.358091,1788243036.456854,-901.236,105.969,-0.85194,-3.72466
308.001,1788243037.461904,1788243036.558034,-903.869,101.18,-0.85194,-3.72466
308.103,1788243037.565715,1788243036.659714,-906.001,101.679,-0.85194,-3.72466
308.209,1788243037.669285,1788243036.765884,-903.401,106.17,-0.85194,-3.72466
308.315,1788243037.773118,1788243036.871607,-901.511,105.723,-0.85194,-3.72466
308.416,1788243037.876935,1788243036.972475,-904.459,100.868,-0.85194,-3.72466
308.545,1788243037.980616,1788243037.101426,-879.189,128.951,-0.85194,-3.72466
308.624,1788243038.084367,1788243037.181245,-903.122,79.819,-0.85194,-3.72466
308.728,1788243038.189243,1788243037.285031,-904.212,103.786,-0.85194,-3.72466
308.834,1788243038.292326,1788243037.390894,-901.432,105.863,-0.85194,-3.72466
308.938,1788243038.395548,1788243037.495195,-900.352,104.301,-0.85194,-3.72466
309.036,1788243038.499164,1788243037.59322,-905.945,98.024,-0.85194,-3.72466
309.141,1788243038.60293,1788243037.697836,-905.094,104.616,-0.85194,-3.72466
309.247,1788243038.707022,1788243037.803331,-903.691,105.495,-0.85194,-3.72466
309.349,1788243038.810795,1788243037.905581,-905.213,102.25,-0.85194,-3.72466
309.455,1788243038.914576,1788243038.011678,-902.898,106.097,-0.85194,-3.72466
309.558,1788243039.018335,1788243038.114413,-903.922,102.735,-0.85194,-3.72466
309.665,1788243039.122318,1788243038.221559,-900.76,107.146,-0.85194,-3.72466
309.764,1788243039.226237,1788243038.320657,-905.579,99.099,-0.85194,-3.72466
309.87,1788243039.329978,1788243038.426668,-903.31,106.01,-0.85449,-3.93531
309.975,1788243039.433923,1788243038.531784,-902.139,105.116,-0.85449,-3.93531
310.074,1788243039.536956,1788243038.630999,-905.957,99.216,-0.85449,-3.93531
310.177,1788243039.640806,1788243038.734071,-906.735,103.072,-0.85449,-3.93531
310.282,1788243039.744355,1788243038.839173,-905.182,105.102,-0.85449,-3.93531
310.39,1788243039.848426,1788243038.946944,-901.482,107.771,-0.85449,-3.93531
310.489,1788243039.953098,1788243039.046047,-907.051,99.102,-0.85449,-3.93531
310.593,1788243040.055958,1788243039.15008,-905.878,104.033,-0.85449,-3.93531
310.699,1788243040.159693,1788243039.255803,-903.89,105.722,-0.85449,-3.93531
310.849,1788243040.263858,1788243039.406136,-857.722,150.333,-0.85449,-3.93531
310.905,1788243040.367229,1788243039.462074,-905.155,55.938,-0.85449,-3.93531
311.01,1788243040.471266,1788243039.566407,-904.859,104.333,-0.85449,-3.93531
311.116,1788243040.574983,1788243039.672986,-901.997,106.579,-0.85449,-3.93531
311.218,1788243040.678658,1788243039.774291,-904.367,101.305,-0.85449,-3.93531
311.323,1788243040.782247,1788243039.880016,-902.231,105.724,-0.85449,-3.93531
311.424,1788243040.886281,1788243039.980813,-905.469,100.797,-0.85449,-3.93531
311.53,1788243040.989758,1788243040.086585,-903.174,105.772,-0.85449,-3.93531
311.632,1788243041.093454,1788243040.188329,-905.125,101.744,-0.85449,-3.93531
311.736,1788243041.197079,1788243040.292501,-904.578,104.172,-0.85449,-3.93531
311.84,1788243041.300684,1788243040.396765,-903.919,104.264,-0.85449,-3.93531
311.944,1788243041.404383,1788243040.500402,-903.982,103.637,-0.85449,-3.93531
312.045,1788243041.508337,1788243040.60176,-906.577,101.358,-0.85449,-3.93531
312.151,1788243041.611789,1788243040.707538,-904.251,105.778,-0.85449,-3.93531
312.253,1788243041.715535,1788243040.810177,-905.358,102.639,-0.85449,-3.93531
312.363,1788243041.819343,1788243040.919302,-900.041,109.125,-0.85449,-3.93531
312.461,1788243041.923469,1788243041.01744,-906.029,98.138,-0.85449,-3.93531
312.569,1788243042.026911,1788243041.125399,-901.513,107.959,-0.85449,-3.93531
312.675,1788243042.130485,1788243041.231438,-899.047,106.039,-0.85449,-3.93531
312.774,1788243042.234633,1788243041.331,-903.633,99.562,-0.85449,-3.93531
312.877,1788243042.338611,1788243041.43406,-904.552,103.059,-0.85449,-3.93531
312.982,1788243042.44274,1788243041.538864,-903.876,104.805,-0.85449,-3.93531
313.092,1788243042.546614,1788243041.648729,-897.885,109.864,-0.85449,-3.93531
313.192,1788243042.650639,1788243041.748392,-902.247,99.663,-0.85449,-3.93531
313.299,1788243042.754969,1788243041.855337,-899.632,106.945,-0.85449,-3.93531
313.4,1788243042.85864,1788243041.95691,-901.73,101.574,-0.85449,-3.93531
313.504,1788243042.962297,1788243042.061219,-901.078,104.309,-0.85449,-3.93531
313.609,1788243043.066867,1788243042.165868,-900.999,104.649,-0.84477,-4.0155
313.722,1788243043.169993,1788243042.279156,-890.837,113.288,-0.84477,-4.0155
313.812,1788243043.273892,1788243042.369031,-904.86,89.875,-0.84477,-4.0155
313.916,1788243043.37754,1788243042.472439,-905.1,103.408,-0.84477,-4.0155
314.019,1788243043.481426,1788243042.575384,-906.042,102.945,-0.84477,-4.0155
314.123,1788243043.584792,1788243042.68006,-904.732,104.676,-0.84477,-4.0155
314.228,1788243043.688084,1788243042.784469,-903.615,104.409,-0.84477,-4.0155
314.33,1788243043.791215,1788243042.887117,-904.098,102.648,-0.84477,-4.0155
314.434,1788243043.894892,1788243042.99099,-903.901,103.873,-0.84477,-4.0155
314.541,1788243043.998258,1788243043.098261,-899.997,107.27,-0.84477,-4.0155
314.64,1788243044.101665,1788243043.196606,-905.059,98.346,-0.84477,-4.0155
314.747,1788243044.205653,1788243043.303352,-902.301,106.746,-0.84477,-4.0155
314.851,1788243044.309109,1788243043.408123,-900.986,104.771,-0.84477,-4.0155
314.954,1788243044.413022,1788243043.510992,-902.03,102.868,-0.84477,-4.0155
315.054,1788243044.516692,1788243043.611079,-905.613,100.087,-0.84477,-4.0155
315.161,1788243044.620536,1788243043.717299,-903.237,106.22,-0.84477,-4.0155
315.264,1788243044.724322,1788243043.820764,-903.558,103.465,-0.84477,-4.0155
315.366,1788243044.828124,1788243043.923172,-904.952,102.407,-0.84477,-4.0155
315.474,1788243044.931777,1788243044.030645,-901.132,107.473,-0.84477,-4.0155
315.585,1788243045.035398,1788243044.141309,-894.089,110.664,-0.85222,-3.96843
315.678,1788243045.140136,1788243044.234994,-905.141,93.686,-0.85222,-3.96843
315.787,1788243045.243368,1788243044.343848,-899.521,108.853,-0.85222,-3.96843
315.909,1788243045.348576,1788243044.46551,-883.065,121.663,-0.85222,-3.96843
315.989,1788243045.453053,1788243044.545559,-907.494,80.049,-0.85222,-3.96843
316.092,1788243045.555319,1788243044.648321,-906.998,102.762,-0.85222,-3.96843
316.29,1788243045.658475,1788243044.847264,-811.211,198.943,-0.85222,-3.96843
316.301,1788243045.76305,1788243044.858182,-904.868,10.918,-0.85222,-3.96843
316.413,1788243045.866231,1788243044.96958,-896.651,111.398,-0.85222,-3.96843
316.51,1788243045.970056,1788243045.066544,-903.512,96.964,-0.85222,-3.96843
316.615,1788243046.073851,1788243045.171691,-902.159,105.148,-0.85222,-3.96843
316.715,1788243046.177791,1788243045.271433,-906.358,99.741,-0.85222,-3.96843
316.818,1788243046.281534,1788243045.375242,-906.292,103.81,-0.85222,-3.96843
316.924,1788243046.385216,1788243045.480942,-904.273,105.7,-0.85222,-3.96843
317.032,1788243046.488664,1788243045.58845,-900.214,107.508,-0.85222,-3.96843
317.159,1788243046.592716,1788243045.716005,-876.712,127.554,-0.85222,-3.96843
317.24,1788243046.696301,1788243045.796591,-899.71,80.586,-0.83064,-4.21983
317.342,1788243046.799982,1788243045.8984,-901.583,101.809,-0.83064,-4.21983
317.444,1788243046.903716,1788243046.001014,-902.703,102.614,-0.83064,-4.21983
317.548,1788243047.00781,1788243046.104666,-903.144,103.652,-0.83064,-4.21983
317.651,1788243047.111618,1788243046.207767,-903.851,103.101,-0.83064,-4.21983
317.753,1788243047.215287,1788243046.309373,-905.914,101.606,-0.83064,-4.21983
317.858,1788243047.318899,1788243046.414792,-904.107,105.42,-0.83064,-4.21983
317.978,1788243047.422565,1788243046.53472,-887.845,119.927,-0.83064,-4.21983
318.067,1788243047.526572,1788243046.623617,-902.955,88.897,-0.83064,-4.21983
318.173,1788243047.630055,1788243046.729942,-900.114,106.324,-0.83064,-4.21983
318.278,1788243047.733731,1788243046.834381,-899.35,104.439,-0.83064,-4.21983
318.376,1788243047.837604,1788243046.932353,-905.251,97.972,-0.83064,-4.21983
318.482,1788243047.941256,1788243047.038504,-902.752,106.151,-0.83064,-4.21983
318.584,1788243048.044892,1788243047.140967,-903.925,102.462,-0.83064,-4.21983
318.692,1788243048.148843,1788243047.248574,-900.269,107.607,-0.83064,-4.21983
318.79,1788243048.252804,1788243047.346491,-906.313,97.917,-0.83064,-4.21983
318.924,1788243048.356586,1788243047.480945,-875.64,134.454,-0.88798,-3.94492
319.001,1788243048.460278,1788243047.558214,-902.064,77.269,-0.88798,-3.94492
319.106,1788243048.564033,1788243047.66306,-900.972,104.846,-0.88798,-3.94492
319.221,1788243048.667881,1788243047.778112,-889.769,115.052,-0.88798,-3.94492
319.311,1788243048.771925,1788243047.867295,-904.629,89.183,-0.88798,-3.94492
319.42,1788243048.875437,1788243047.977234,-898.202,109.939,-0.88798,-3.94492
319.523,1788243048.979484,1788243048.079436,-900.048,102.201,-0.88798,-3.94492
319.623,1788243049.083289,1788243048.179613,-903.676,100.177,-0.88798,-3.94492
319.728,1788243049.186994,1788243048.285091,-901.903,105.478,-0.88798,-3.94492
319.829,1788243049.291232,1788243048.385661,-905.571,100.57,-0.88798,-3.94492
319.934,1788243049.394746,1788243048.490739,-904.007,105.078,-0.88798,-3.94492
320.035,1788243049.498516,1788243048.591419,-907.097,100.68,-0.88798,-3.94492
320.139,1788243049.60219,1788243048.69603,-906.16,104.61,-0.88798,-3.94492
320.243,1788243049.705915,1788243048.800156,-905.759,104.126,-0.88798,-3.94492
320.347,1788243049.809762,1788243048.904063,-905.699,103.907,-0.88798,-3.94492
320.457,1788243049.913494,1788243049.014156,-899.337,110.094,-0.88798,-3.94492
320.56,1788243050.017349,1788243049.116966,-900.383,102.809,-0.861,-3.96507
320.664,1788243050.121019,1788243049.220802,-900.217,103.836,-0.861,-3.96507
320.765,1788243050.225782,1788243049.321307,-904.475,100.505,-0.861,-3.96507
320.872,1788243050.329062,1788243049.429005,-900.057,107.698,-0.861,-3.96507
320.978,1788243050.43254,1788243049.534934,-897.606,105.929,-0.861,-3.96507
321.085,1788243050.535853,1788243049.641686,-894.167,106.752,-0.861,-3.96507
321.193,1788243050.639824,1788243049.750277,-889.547,108.591,-0.861,-3.96507
321.289,1788243050.743449,1788243049.845781,-897.668,95.504,-0.861,-3.96507
321.39,1788243050.847413,1788243049.946405,-901.008,100.624,-0.861,-3.96507
321.488,1788243050.951004,1788243050.04524,-905.764,98.835,-0.861,-3.96507
321.599,1788243051.055011,1788243050.155966,-899.045,110.726,-0.861,-3.96507
321.698,1788243051.158586,1788243050.254923,-903.663,98.957,-0.861,-3.96507
321.922,1788243051.262349,1788243050.478283,-784.067,223.36,-0.861,-3.96507
321.941,1788243051.366076,1788243050.497828,-868.247,19.546,-0.861,-3.96507
322.012,1788243051.470197,1788243050.568352,-901.845,70.523,-0.861,-3.96507
322.154,1788243051.573881,1788243050.710902,-862.979,142.551,-0.861,-3.96507
322.227,1788243051.677923,1788243050.784256,-893.667,73.353,-0.81229,-4.3428
322.319,1788243051.781478,1788243050.875448,-906.03,91.192,-0.81229,-4.3428
322.425,1788243051.885133,1788243050.981458,-903.675,106.01,-0.81229,-4.3428
322.528,1788243051.988796,1788243051.084691,-904.106,103.233,-0.81229,-4.3428
322.659,1788243052.092526,1788243051.21574,-876.786,131.05,-0.81229,-4.3428
322.735,1788243052.196189,1788243051.29215,-904.039,76.41,-0.81229,-4.3428
322.849,1788243052.300491,1788243051.405444,-895.047,113.293,-0.81229,-4.3428
322.948,1788243052.405769,1788243051.504895,-900.873,99.452,-0.81229,-4.3428
323.045,1788243052.508357,1788243051.601962,-906.395,97.067,-0.81229,-4.3428
323.149,1788243052.611515,1788243051.705375,-906.14,103.413,-0.81229,-4.3428
323.26,1788243052.71533,1788243051.817125,-898.205,111.749,-0.81229,-4.3428
323.358,1788243052.81978,1788243051.914395,-905.385,97.27,-0.81229,-4.3428
323.463,1788243052.922843,1788243052.020027,-902.817,105.631,-0.81229,-4.3428
323.567,1788243053.026721,1788243052.124159,-902.562,104.132,-0.81229,-4.3428
323.674,1788243053.130248,1788243052.230655,-899.594,106.496,-0.81229,-4.3428
323.778,1788243053.234572,1788243052.335077,-899.496,104.422,-0.81229,-4.3428
323.88,1788243053.338051,1788243052.436941,-901.11,101.864,-0.7408,-4.65642
324.034,1788243053.443624,1788243052.591188,-852.435,154.247,-0.7408,-4.65642
324.089,1788243053.546064,1788243052.645371,-900.693,54.183,-0.7408,-4.65642
324.186,1788243053.649145,1788243052.743073,-906.072,97.702,-0.7408,-4.65642
324.296,1788243053.752933,1788243052.852501,-900.432,109.427,-0.7408,-4.65642
324.399,1788243053.856895,1788243052.955939,-900.956,103.439,-0.7408,-4.65642
324.499,1788243053.960675,1788243053.056121,-904.554,100.182,-0.7408,-4.65642
324.602,1788243054.064631,1788243053.159025,-905.606,102.904,-0.7408,-4.65642
324.709,1788243054.16808,1788243053.266073,-902.007,107.048,-0.7408,-4.65642
324.814,1788243054.271769,1788243053.371165,-900.604,105.092,-0.7408,-4.65642
324.914,1788243054.375622,1788243053.470965,-904.657,99.801,-0.7408,-4.65642
325.021,1788243054.479612,1788243053.578243,-901.369,107.278,-0.7408,-4.65642
325.124,1788243054.583222,1788243053.680661,-902.56,102.418,-0.7408,-4.65642
325.229,1788243054.686817,1788243053.786042,-900.775,105.381,-0.7408,-4.65642
325.334,1788243054.793022,1788243053.891177,-901.845,105.135,-0.7408,-4.65642
325.435,1788243054.89521,1788243053.992157,-903.053,100.981,-0.7408,-4.65642
325.546,1788243054.99836,1788243054.102687,-895.673,110.529,-0.69848,-4.91068
325.639,1788243055.102637,1788243054.196043,-906.594,93.357,-0.69848,-4.91068
325.749,1788243055.20584,1788243054.306173,-899.667,110.129,-0.69848,-4.91068
325.847,1788243055.309485,1788243054.403325,-906.16,97.152,-0.69848,-4.91068
325.988,1788243055.413279,1788243054.545269,-868.01,141.944,-0.69848,-4.91068
326.058,1788243055.516901,1788243054.615212,-901.688,69.943,-0.69848,-4.91068
326.162,1788243055.620636,1788243054.718314,-902.322,103.101,-0.69848,-4.91068
326.262,1788243055.724478,1788243054.818718,-905.761,100.404,-0.69848,-4.91068
326.37,1788243055.827957,1788243054.927176,-900.781,108.458,-0.69848,-4.91068
326.473,1788243055.93191,1788243055.029821,-902.089,102.645,-0.69848,-4.91068
326.572,1788243056.035331,1788243055.129173,-906.159,99.352,-0.69848,-4.91068
326.685,1788243056.139026,1788243055.242165,-896.861,112.993,-0.69848,-4.91068
326.779,1788243056.242673,1788243055.336259,-906.414,94.094,-0.69848,-4.91068
326.905,1788243056.346131,1788243055.461674,-884.457,125.414,-0.69848,-4.91068
326.994,1788243056.450122,1788243055.550453,-899.67,88.779,-0.69848,-4.91068
327.091,1788243056.554447,1788243055.647644,-906.803,97.191,-0.69848,-4.91068
327.195,1788243056.657332,1788243055.751534,-905.798,103.89,-0.69848,-4.91068
327.302,1788243056.760942,1788243055.858762,-902.18,107.228,-0.59028,-5.46903
327.403,1788243056.864885,1788243055.959319,-905.567,100.556,-0.59028,-5.46903
327.511,1788243056.96835,1788243056.067787,-900.563,108.468,-0.59028,-5.46903
327.614,1788243057.072214,1788243056.171027,-901.187,103.24,-0.59028,-5.46903
327.713,1788243057.175879,1788243056.269818,-906.06,98.791,-0.59028,-5.46903
327.827,1788243057.279917,1788243056.383288,-896.629,113.47,-0.59028,-5.46903
327.925,1788243057.383561,1788243056.482137,-901.424,98.849,-0.59028,-5.46903
328.031,1788243057.487487,1788243056.587329,-900.158,105.191,-0.59028,-5.46903
328.14,1788243057.591142,1788243056.697245,-893.897,109.916,-0.59028,-5.46903
328.236,1788243057.695278,1788243056.793041,-902.237,95.796,-0.59028,-5.46903
328.345,1788243057.798885,1788243056.902004,-896.881,108.963,-0.59028,-5.46903
328.451,1788243057.902596,1788243057.007498,-895.098,105.494,-0.59028,-5.46903
328.548,1788243058.007089,1788243057.105191,-901.897,97.694,-0.59028,-5.46903
328.649,1788243058.110714,1788243057.205363,-905.351,100.172,-0.59028,-5.46903
328.751,1788243058.214505,1788243057.30816,-906.345,102.797,-0.59028,-5.46903
328.908,1788243058.318007,1788243057.464698,-853.31,156.537,-0.59028,-5.46903
329.009,1788243058.423707,1788243057.565711,-857.995,101.014,-0.59028,-5.46903
329.177,1788243058.52611,1788243057.733877,-792.232,168.166,-0.57294,-5.38985
329.179,1788243058.629222,1788243057.735444,-893.778,1.567,-0.57294,-5.38985
329.276,1788243058.732913,1788243057.832664,-900.249,97.22,-0.57294,-5.38985
329.379,1788243058.836658,1788243057.93555,-901.108,102.886,-0.57294,-5.38985
329.482,1788243058.940546,1788243058.038796,-901.75,103.245,-0.57294,-5.38985
329.583,1788243059.044336,1788243058.139562,-904.775,100.766,-0.57294,-5.38985
329.688,1788243059.148012,1788243058.245278,-902.734,105.716,-0.57294,-5.38985
329.794,1788243059.251938,1788243058.351277,-900.66,105.999,-0.57294,-5.38985
329.9,1788243059.35582,1788243058.456836,-898.984,105.558,-0.57294,-5.38985
330.009,1788243059.45962,1788243058.566107,-893.513,109.271,-0.57294,-5.38985
330.104,1788243059.563092,1788243058.660509,-902.582,94.402,-0.57294,-5.38985
330.209,1788243059.666956,1788243058.765909,-901.047,105.4,-0.57294,-5.38985
330.309,1788243059.771778,1788243058.865748,-906.03,99.839,-0.57294,-5.38985
330.412,1788243059.874407,1788243058.968923,-905.484,103.175,-0.57294,-5.38985
330.521,1788243059.978256,1788243059.077568,-900.689,108.644,-0.57294,-5.38985
330.62,1788243060.081846,1788243059.1765,-905.346,98.933,-0.57294,-5.38985
330.724,1788243060.185464,1788243059.281151,-904.313,104.651,-0.57294,-5.38985
330.835,1788243060.289129,1788243059.391709,-897.421,110.558,-0.48407,-5.81998
330.937,1788243060.393136,1788243059.493919,-899.217,102.211,-0.48407,-5.81998
331.039,1788243060.496738,1788243059.595889,-900.85,101.969,-0.48407,-5.81998
331.145,1788243060.600518,1788243059.701476,-899.042,105.587,-0.48407,-5.81998
331.244,1788243060.704618,1788243059.800377,-904.242,98.901,-0.48407,-5.81998
331.351,1788243060.808456,1788243059.908266,-900.19,107.889,-0.48407,-5.81998
331.449,1788243060.912591,1788243060.005381,-907.211,97.115,-0.48407,-5.81998
331.552,1788243061.01598,1788243060.109128,-906.852,103.747,-0.48407,-5.81998
331.657,1788243061.119598,1788243060.213861,-905.737,104.733,-0.48407,-5.81998
331.762,1788243061.223356,1788243060.318288,-905.068,104.427,-0.48407,-5.81998
331.866,1788243061.327066,1788243060.422569,-904.497,104.281,-0.48407,-5.81998
331.972,1788243061.430442,1788243060.528635,-901.808,106.066,-0.48407,-5.81998
332.073,1788243061.534126,1788243060.629467,-904.659,100.833,-0.48407,-5.81998
332.175,1788243061.638092,1788243060.732276,-905.816,102.809,-0.48407,-5.81998
332.285,1788243061.741771,1788243060.841693,-900.078,109.417,-0.48407,-5.81998
332.388,1788243061.845543,1788243060.944525,-901.017,102.832,-0.48407,-5.81998
332.49,1788243061.949485,1788243061.046993,-902.491,102.468,-0.48407,-5.81998
332.599,1788243062.053343,1788243061.1556,-897.743,108.607,-0.56672,-5.3717
332.705,1788243062.156911,1788243061.262058,-894.853,106.457,-0.56672,-5.3717
332.798,1788243062.260754,1788243061.354333,-906.42,92.276,-0.56672,-5.3717
332.908,1788243062.364329,1788243061.465188,-899.141,110.855,-0.56672,-5.3717
333.009,1788243062.46776,1788243061.565673,-902.087,100.485,-0.56672,-5.3717
333.111,1788243062.571933,1788243061.667867,-904.066,102.194,-0.56672,-5.3717
333.224,1788243062.675264,1788243061.780757,-894.507,112.89,-0.56672,-5.3717
333.329,1788243062.778709,1788243061.886181,-892.528,105.425,-0.56672,-5.3717
333.423,1788243062.882447,1788243061.979731,-902.716,93.549,-0.56672,-5.3717
333.53,1788243062.986353,1788243062.086694,-899.658,106.964,-0.56672,-5.3717
333.63,1788243063.090019,1788243062.186798,-903.221,100.103,-0.56672,-5.3717
333.736,1788243063.194083,1788243062.293098,-900.985,106.3,-0.56672,-5.3717
333.841,1788243063.297548,1788243062.397988,-899.56,104.89,-0.56672,-5.3717
333.943,1788243063.401068,1788243062.49992,-901.148,101.932,-0.56672,-5.3717
334.048,1788243063.50451,1788243062.604582,-899.928,104.663,-0.56672,-5.3717
334.146,1788243063.608088,1788243062.703208,-904.879,98.626,-0.56672,-5.3717
334.249,1788243063.711892,1788243062.805891,-906.001,102.683,-0.56672,-5.3717
334.365,1788243063.815645,1788243062.921283,-894.361,115.392,-0.52813,-5.5096
334.466,1788243063.919376,1788243063.022762,-896.614,101.479,-0.52813,-5.5096
334.561,1788243064.023231,1788243063.11777,-905.461,95.008,-0.52813,-5.5096
334.671,1788243064.126967,1788243063.227998,-898.97,110.228,-0.52813,-5.5096
334.773,1788243064.230853,1788243063.329527,-901.326,101.529,-0.52813,-5.5096
334.887,1788243064.334452,1788243063.44332,-891.132,113.793,-0.52813,-5.5096
334.975,1788243064.43828,1788243063.531993,-906.287,88.674,-0.52813,-5.5096
335.08,1788243064.541727,1788243063.636635,-905.092,104.641,-0.52813,-5.5096
335.191,1788243064.645546,1788243063.74785,-897.696,111.215,-0.52813,-5.5096
335.287,1788243064.749406,1788243063.843472,-905.933,95.622,-0.52813,-5.5096
335.39,1788243064.853087,1788243063.946983,-906.104,103.511,-0.52813,-5.5096
335.499,1788243064.956957,1788243064.055572,-901.385,108.589,-0.52813,-5.5096
335.603,1788243065.060731,1788243064.160114,-900.617,104.542,-0.52813,-5.5096
335.704,1788243065.164649,1788243064.260752,-903.897,100.638,-0.52813,-5.5096
335.819,1788243065.268325,1788243064.376016,-892.309,115.264,-0.52813,-5.5096
335.914,1788243065.372426,1788243064.470578,-901.848,94.561,-0.52813,-5.5096
336.034,1788243065.476107,1788243064.591132,-884.974,120.554,-0.52813,-5.5096
336.123,1788243065.579948,1788243064.680025,-899.923,88.892,-0.43257,-5.82609
336.235,1788243065.683579,1788243064.791745,-891.834,111.72,-0.43257,-5.82609
336.331,1788243065.787424,1788243064.88795,-899.474,96.205,-0.43257,-5.82609
336.431,1788243065.890937,1788243064.987727,-903.21,99.778,-0.43257,-5.82609
336.531,1788243065.994687,1788243065.088132,-906.555,100.404,-0.43257,-5.82609
336.643,1788243066.098219,1788243065.199577,-898.642,111.446,-0.43257,-5.82609
336.744,1788243066.202003,1788243065.301005,-900.998,101.428,-0.43257,-5.82609
336.949,1788243066.3057,1788243065.506192,-799.507,205.188,-0.43257,-5.82609
336.953,1788243066.409736,1788243065.509858,-899.878,3.665,-0.43257,-5.82609
337.054,1788243066.5131,1788243065.610938,-902.163,101.08,-0.43257,-5.82609
337.156,1788243066.616848,1788243065.713001,-903.847,102.064,-0.43257,-5.82609
337.284,1788243066.720651,1788243065.840975,-879.676,127.973,-0.43257,-5.82609
337.365,1788243066.824898,1788243065.92147,-903.428,80.496,-0.43257,-5.82609
337.47,1788243066.928573,1788243066.026651,-901.922,105.181,-0.43257,-5.82609
337.576,1788243067.032255,1788243066.132292,-899.963,105.641,-0.43257,-5.82609
337.674,1788243067.135836,1788243066.231017,-904.819,98.725,-0.43257,-5.82609
337.777,1788243067.239626,1788243066.334213,-905.413,103.196,-0.43257,-5.82609
337.883,1788243067.343489,1788243066.439285,-904.204,105.072,-0.43257,-5.82609
337.987,1788243067.447558,1788243066.54337,-904.189,104.084,-0.43257,-5.82609
338.094,1788243067.551295,1788243066.651083,-900.212,107.713,-0.43257,-5.82609
338.193,1788243067.654913,1788243066.749836,-905.076,98.753,-0.43257,-5.82609
338.296,1788243067.758691,1788243066.853047,-905.644,103.21,-0.43257,-5.82609
338.399,1788243067.862492,1788243066.955718,-906.774,102.671,-0.43257,-5.82609
338.507,1788243067.966145,1788243067.063452,-902.693,107.734,-0.43257,-5.82609
338.612,1788243068.070014,1788243067.168498,-901.517,105.045,-0.43257,-5.82609
338.711,1788243068.174103,1788243067.267825,-906.278,99.328,-0.43257,-5.82609
338.816,1788243068.277719,1788243067.372476,-905.243,104.651,-0.43257,-5.82609
338.924,1788243068.381316,1788243067.480892,-900.424,108.416,-0.43257,-5.82609
339.031,1788243068.484961,1788243067.587503,-897.458,106.611,-0.43257,-5.82609
339.172,1788243068.588637,1788243067.728635,-860.002,141.132,-0.43257,-5.82609
339.233,1788243068.693565,1788243067.789678,-903.887,61.043,-0.43257,-5.82609
339.359,1788243068.796323,1788243067.915739,-880.584,126.061,-0.43257,-5.82609
339.438,1788243068.899888,1788243067.9949,-904.988,79.161,-0.43257,-5.82609
339.543,1788243069.003604,1788243068.099439,-904.165,104.539,-0.43257,-5.82609
339.65,1788243069.107513,1788243068.206884,-900.63,107.445,-0.38212,-6.07383
339.749,1788243069.211259,1788243068.305721,-905.539,98.837,-0.38212,-6.07383
339.853,1788243069.316084,1788243068.409371,-906.713,103.65,-0.38212,-6.07383
339.957,1788243069.418692,1788243068.514257,-904.435,104.886,-0.38212,-6.07383
340.061,1788243069.5224,1788243068.617297,-905.103,103.04,-0.38212,-6.07383
340.164,1788243069.625901,1788243068.720673,-905.227,103.376,-0.38212,-6.07383
340.266,1788243069.729159,1788243068.823162,-905.997,102.489,-0.38212,-6.07383
340.37,1788243069.832711,1788243068.926579,-906.132,103.417,-0.38212,-6.07383
340.475,1788243069.936158,1788243069.031938,-904.221,105.359,-0.38212,-6.07383
340.576,1788243070.039777,1788243069.133125,-906.652,101.187,-0.38212,-6.07383
340.681,1788243070.143697,1788243069.238235,-905.461,105.11,-0.38212,-6.07383
340.784,1788243070.247703,1788243069.340936,-906.766,102.701,-0.38212,-6.07383
340.893,1788243070.351042,1788243069.449512,-901.531,108.576,-0.38212,-6.07383
340.997,1788243070.454891,1788243069.55333,-901.561,103.819,-0.38212,-6.07383
341.1,1788243070.558821,1788243069.656447,-902.374,103.117,-0.38212,-6.07383
341.202,1788243070.662371,1788243069.759175,-903.197,102.728,-0.38212,-6.07383
341.304,1788243070.766202,1788243069.860949,-905.254,101.774,-0.38212,-6.07383
341.414,1788243070.869669,1788243069.970339,-899.331,109.39,-0.30731,-6.37514
341.511,1788243070.973648,1788243070.06805,-905.598,97.711,-0.30731,-6.37514
341.616,1788243071.077232,1788243070.173048,-904.184,104.998,-0.30731,-6.37514
341.72,1788243071.18133,1788243070.277183,-904.147,104.135,-0.30731,-6.37514
341.823,1788243071.284917,1788243070.379758,-905.159,102.575,-0.30731,-6.37514
341.931,1788243071.388649,1788243070.487791,-900.859,108.032,-0.30731,-6.37514
342.032,1788243071.492503,1788243070.58875,-903.753,100.959,-0.30731,-6.37514
342.137,1788243071.596105,1788243070.694232,-901.873,105.482,-0.30731,-6.37514
342.237,1788243071.700357,1788243070.793445,-906.912,99.213,-0.30731,-6.37514
342.345,1788243071.803727,1788243070.902278,-901.449,108.833,-0.30731,-6.37514
342.453,1788243071.907332,1788243071.010048,-897.284,107.77,-0.30731,-6.37514
342.56,1788243072.011688,1788243071.116807,-894.881,106.758,-0.30731,-6.37514
342.659,1788243072.11503,1788243071.216272,-898.757,99.466,-0.30731,-6.37514
342.756,1788243072.218832,1788243071.312962,-905.87,96.689,-0.30731,-6.37514
342.872,1788243072.322163,1788243071.428828,-893.335,115.866,-0.30731,-6.37514
342.965,1788243072.4275,1788243071.521897,-905.602,93.069,-0.30731,-6.37514
343.069,1788243072.530048,1788243071.626206,-903.842,104.309,-0.30731,-6.37514
343.177,1788243072.633656,1788243071.734197,-899.459,107.991,-0.16193,-6.99948
343.28,1788243072.738324,1788243071.836829,-901.495,102.632,-0.16193,-6.99948
343.378,1788243072.841109,1788243071.935126,-905.983,98.297,-0.16193,-6.99948
343.486,1788243072.944774,1788243072.04259,-902.184,107.464,-0.16193,-6.99948
343.591,1788243073.048887,1788243072.148191,-900.695,105.602,-0.16193,-6.99948
343.694,1788243073.152569,1788243072.25036,-902.209,102.168,-0.16193,-6.99948
343.799,1788243073.256419,1788243072.355974,-900.445,105.615,-0.16193,-6.99948
343.903,1788243073.360713,1788243072.46025,-900.463,104.275,-0.16193,-6.99948
344.009,1788243073.464118,1788243072.565638,-898.481,105.388,-0.16193,-6.99948
344.108,1788243073.567913,1788243072.664943,-902.97,99.306,-0.16193,-6.99948
344.211,1788243073.671956,1788243072.76761,-904.346,102.666,-0.16193,-6.99948
344.315,1788243073.775603,1788243072.872269,-903.333,104.66,-0.16193,-6.99948
344.425,1788243073.879362,1788243072.9817,-897.662,109.431,-0.16193,-6.99948
344.523,1788243073.983026,1788243073.07934,-903.685,97.64,-0.16193,-6.99948
344.632,1788243074.086789,1788243073.188903,-897.886,109.563,-0.16193,-6.99948
344.736,1788243074.19075,1788243073.292942,-897.808,104.039,-0.16193,-6.99948
344.836,1788243074.29495,1788243073.392409,-902.541,99.467,-0.16193,-6.99948
344.946,1788243074.398329,1788243073.502775,-895.554,110.366,-0.15936,-7.06133
345.042,1788243074.501963,1788243073.599003,-902.96,96.227,-0.15936,-7.06133
345.15,1788243074.605729,1788243073.706332,-899.397,107.329,-0.15936,-7.06133
345.248,1788243074.70963,1788243073.804513,-905.118,98.181,-0.15936,-7.06133
345.357,1788243074.813451,1788243073.913722,-899.729,109.21,-0.15936,-7.06133
345.456,1788243074.91715,1788243074.013123,-904.027,99.401,-0.15936,-7.06133
345.562,1788243075.020789,1788243074.118532,-902.257,105.409,-0.15936,-7.06133
345.708,1788243075.124812,1788243074.265026,-859.786,146.494,-0.15936,-7.06133
345.81,1788243075.22846,1788243074.366572,-861.888,101.546,-0.15936,-7.06133
345.874,1788243075.332278,1788243074.430859,-901.419,64.286,-0.15936,-7.06133
345.973,1788243075.435829,1788243074.530094,-905.735,99.235,-0.15936,-7.06133
346.086,1788243075.539657,1788243074.642926,-896.731,112.832,-0.15936,-7.06133
346.181,1788243075.643446,1788243074.738218,-905.227,95.292,-0.15936,-7.06133
346.296,1788243075.747674,1788243074.853171,-894.503,114.953,-0.15936,-7.06133
346.391,1788243075.852101,1788243074.94737,-904.731,94.199,-0.15936,-7.06133
346.493,1788243075.955704,1788243075.049608,-906.097,102.237,-0.15936,-7.06133
346.604,1788243076.05942,1788243075.160987,-898.433,111.379,-0.15936,-7.06133
346.71,1788243076.163134,1788243075.26685,-896.283,105.863,-0.22841,-6.79347
346.811,1788243076.266857,1788243075.367851,-899.006,101.001,-0.22841,-6.79347
346.912,1788243076.370494,1788243075.469157,-901.337,101.305,-0.22841,-6.79347
347.018,1788243076.474384,1788243075.574728,-899.657,105.571,-0.22841,-6.79347
347.12,1788243076.57811,1788243075.676607,-901.504,101.879,-0.22841,-6.79347
347.255,1788243076.682077,1788243075.811972,-870.105,135.365,-0.22841,-6.79347
347.327,1788243076.785893,1788243075.883771,-902.122,71.799,-0.22841,-6.79347
347.429,1788243076.889486,1788243075.985451,-904.036,101.68,-0.22841,-6.79347
347.54,1788243076.99341,1788243076.097224,-896.186,111.773,-0.22841,-6.79347
347.634,1788243077.097216,1788243076.190543,-906.673,93.319,-0.22841,-6.79347
347.742,1788243077.200816,1788243076.298544,-902.272,108.001,-0.22841,-6.79347
347.848,1788243077.304525,1788243076.404377,-900.148,105.833,-0.22841,-6.79347
347.945,1788243077.408173,1788243076.501303,-906.87,96.926,-0.22841,-6.79347
348.05,1788243077.511863,1788243076.606577,-905.286,105.274,-0.22841,-6.79347
348.155,1788243077.615778,1788243076.711918,-903.861,105.341,-0.22841,-6.79347
348.26,1788243077.719001,1788243076.816316,-902.685,104.398,-0.22841,-6.79347
348.361,1788243077.823341,1788243076.918173,-905.168,101.857,-0.22841,-6.79347
348.48,1788243077.927248,1788243077.037044,-890.204,118.871,-0.18984,-6.94481
348.588,1788243078.030912,1788243077.144489,-886.423,107.445,-0.18984,-6.94481
348.672,1788243078.134692,1788243077.229243,-905.449,84.754,-0.18984,-6.94481
348.779,1788243078.237995,1788243077.335455,-902.539,106.212,-0.18984,-6.94481
348.887,1788243078.341615,1788243077.444114,-897.501,108.658,-0.18984,-6.94481
348.985,1788243078.446881,1788243077.541708,-905.173,97.594,-0.18984,-6.94481
349.088,1788243078.549492,1788243077.64523,-904.262,103.522,-0.18984,-6.94481
349.195,1788243078.653038,1788243077.751464,-901.573,106.235,-0.18984,-6.94481
349.298,1788243078.756913,1788243077.854583,-902.33,103.118,-0.18984,-6.94481
349.398,1788243078.860756,1788243077.954476,-906.28,99.893,-0.18984,-6.94481
349.514,1788243078.964497,1788243078.070667,-893.83,116.191,-0.18984,-6.94481
349.615,1788243079.067882,1788243078.172121,-895.761,101.454,-0.18984,-6.94481
349.717,1788243079.172077,1788243078.273989,-898.088,101.869,-0.18984,-6.94481
349.837,1788243079.275709,1788243078.393972,-881.737,119.982,-0.18984,-6.94481
349.924,1788243079.379313,1788243078.480844,-898.469,86.872,-0.18984,-6.94481
350.023,1788243079.48297,1788243078.580064,-902.907,99.22,-0.18984,-6.94481
350.136,1788243079.58696,1788243078.692581,-894.379,112.517,-0.18984,-6.94481
350.241,1788243079.690589,1788243078.797425,-893.163,104.844,-0.20105,-6.96678
350.339,1788243079.79455,1788243078.895841,-898.709,98.416,-0.20105,-6.96678
350.458,1788243079.897962,1788243079.015251,-882.711,119.41,-0.20105,-6.96678
350.547,1788243080.001671,1788243079.103949,-897.722,88.698,-0.20105,-6.96678
350.666,1788243080.105314,1788243079.222412,-882.902,118.463,-0.20105,-6.96678
350.753,1788243080.209113,1788243079.31014,-898.973,87.728,-0.20105,-6.96678
350.863,1788243080.313192,1788243079.42028,-892.912,110.14,-0.20105,-6.96678
350.973,1788243080.416752,1788243079.529537,-887.214,109.258,-0.20105,-6.96678
351.067,1788243080.5204,1788243079.623971,-896.429,94.434,-0.20105,-6.96678
351.165,1788243080.624407,1788243079.722161,-902.246,98.19,-0.20105,-6.96678
351.267,1788243080.728873,1788243079.823562,-905.311,101.4,-0.20105,-6.96678
351.375,1788243080.831516,1788243079.93183,-899.686,108.268,-0.20105,-6.96678
351.493,1788243080.935042,1788243080.049994,-885.048,118.164,-0.20105,-6.96678
351.581,1788243081.038802,1788243080.138007,-900.794,88.013,-0.20105,-6.96678
351.687,1788243081.142559,1788243080.243428,-899.131,105.42,-0.20105,-6.96678
351.791,1788243081.246349,1788243080.348067,-898.282,104.639,-0.20105,-6.96678
351.902,1788243081.350012,1788243080.45835,-891.661,110.283,-0.20105,-6.96678
351.996,1788243081.453562,1788243080.552634,-900.928,94.284,-0.19944,-6.94631
352.1,1788243081.557127,1788243080.657078,-900.049,104.444,-0.19944,-6.94631
352.206,1788243081.660911,1788243080.763046,-897.865,105.968,-0.19944,-6.94631
352.311,1788243081.764621,1788243080.867499,-897.123,104.453,-0.19944,-6.94631
352.42,1788243081.868657,1788243080.97717,-891.488,109.671,-0.19944,-6.94631
352.514,1788243081.972445,1788243081.070765,-901.68,93.596,-0.19944,-6.94631
352.622,1788243082.076081,1788243081.178694,-897.387,107.929,-0.19944,-6.94631
352.722,1788243082.17968,1788243081.278776,-900.904,100.082,-0.19944,-6.94631
352.824,1788243082.28327,1788243081.380793,-902.477,102.017,-0.19944,-6.94631
352.943,1788243082.387351,1788243081.500208,-887.143,119.415,-0.19944,-6.94631
353.034,1788243082.490801,1788243081.591237,-899.564,91.029,-0.19944,-6.94631
353.145,1788243082.59458,1788243081.702274,-892.306,111.037,-0.19944,-6.94631
353.246,1788243082.698925,1788243081.802396,-896.529,100.122,-0.19944,-6.94631
353.357,1788243082.801939,1788243081.913814,-888.125,111.418,-0.19944,-6.94631
353.448,1788243082.905387,1788243082.005171,-900.216,91.357,-0.19944,-6.94631
353.552,1788243083.008844,1788243082.108833,-900.011,103.662,-0.19944,-6.94631
353.651,1788243083.112583,1788243082.208182,-904.401,99.349,-0.19944,-6.94631
353.759,1788243083.216143,1788243082.315729,-900.414,107.548,-0.27469,-6.6974
353.861,1788243083.320251,1788243082.418049,-902.202,102.32,-0.27469,-6.6974
353.964,1788243083.423601,1788243082.520423,-903.178,102.375,-0.27469,-6.6974
354.069,1788243083.527626,1788243082.625938,-901.687,105.515,-0.27469,-6.6974
354.174,1788243083.631001,1788243082.731266,-899.734,105.328,-0.27469,-6.6974
354.281,1788243083.73461,1788243082.837294,-897.316,106.028,-0.27469,-6.6974
354.382,1788243083.83841,1788243082.938342,-900.068,101.047,-0.27469,-6.6974
354.484,1788243083.942136,1788243083.040528,-901.608,102.187,-0.27469,-6.6974
354.615,1788243084.046549,1788243083.172196,-874.353,131.668,-0.27469,-6.6974
354.785,1788243084.150009,1788243083.341739,-808.27,169.543,-0.27469,-6.6974
354.862,1788243084.253679,1788243083.418289,-835.39,76.55,-0.27469,-6.6974
354.914,1788243084.357559,1788243083.471265,-886.294,52.976,-0.27469,-6.6974
355.118,1788243084.461233,1788243083.67511,-786.123,203.845,-0.27469,-6.6974
355.316,1788243084.564874,1788243083.872684,-692.19,197.574,-0.27469,-6.6974
355.501,1788243084.668623,1788243084.057895,-610.728,185.211,-0.27469,-6.6974
355.864,1788243084.772492,1788243084.420924,-351.568,363.029,-0.27469,-6.6974
356.171,1788243084.876381,1788243084.727725,-148.656,306.801,-0.27469,-6.6974
356.279,1788243085.498477,1788243084.836104,-662.373,108.379,-0.27469,-6.6974
356.355,1788243085.602449,1788243084.911399,-691.05,75.296,-0.22421,-6.98128
356.465,1788243085.706421,1788243085.021711,-684.71,110.312,-0.22421,-6.98128
356.776,1788243085.810507,1788243085.332613,-477.894,310.902,-0.22421,-6.98128
356.776,1788243085.914259,1788243085.332664,-581.595,0.051,-0.22421,-6.98128
356.776,1788243086.018109,1788243085.332671,-685.437,0.007,-0.22421,-6.98128
356.917,1788243086.122123,1788243085.473905,-648.218,141.233,-0.22421,-6.98128
357.097,1788243086.225848,1788243085.653856,-571.992,179.951,-0.22421,-6.98128
357.232,1788243086.434976,1788243085.789091,-645.886,135.235,-0.22421,-6.98128
357.312,1788243086.537424,1788243085.868961,-668.463,79.87,-0.22421,-6.98128
357.488,1788243086.640961,1788243086.044302,-596.659,175.341,-0.22421,-6.98128
357.727,1788243086.849716,1788243086.283371,-566.345,239.069,-0.22421,-6.98128
357.988,1788243086.952462,1788243086.544601,-407.861,261.23,-0.22421,-6.98128
358.206,1788243087.160343,1788243086.762622,-397.72,218.021,-0.22421,-6.98128
358.661,1788243087.367893,1788243087.217445,-150.448,454.823,-0.22421,-6.98128
358.661,1788243087.782788,1788243087.217554,-565.234,0.109,-0.22421,-6.98128
358.777,1788243087.990411,1788243087.333325,-657.086,115.771,-0.22421,-6.98128
358.847,1788243088.094086,1788243087.404066,-690.02,70.741,-0.22421,-6.98128
358.943,1788243088.197788,1788243087.49949,-698.298,95.424,-0.22421,-6.98128
359.083,1788243088.301586,1788243087.639414,-662.171,139.924,-0.22421,-6.98128
359.303,1788243088.405283,1788243087.859549,-545.733,220.135,-0.22421,-6.98128
359.516,1788243088.612926,1788243088.072818,-540.108,213.269,-0.22421,-6.98128
359.517,1788243088.717084,1788243088.073302,-643.782,0.483,-0.22421,-6.98128
359.517,1788243088.820662,1788243088.073608,-747.055,0.306,-0.22421,-6.98128
359.599,1788243088.924605,1788243088.15606,-768.545,82.452,-0.22421,-6.98128
359.738,1788243089.028355,1788243088.295227,-733.128,139.167,-0.22421,-6.98128
360.012,1788243089.132189,1788243088.568281,-563.908,273.055,-0.22421,-6.98128
360.286,1788243089.235885,1788243088.842585,-393.301,274.303,-0.22421,-6.98128
361.102,1788243089.443298,1788243089.659217,215.919,816.632,-0.22421,-6.98128
361.493,1788243090.066303,1788243090.049693,-16.61,390.476,-0.22421,-6.98128
361.93,1788243090.896651,1788243090.486455,-410.196,436.762,-0.14907,-7.33985
362.575,1788243091.104684,1788243091.132262,27.578,645.807,-0.14907,-7.33985
362.86,1788243091.519861,1788243091.416851,-103.01,284.589,-0.14907,-7.33985
362.906,1788243092.142673,1788243091.462351,-680.321,45.5,-0.14907,-7.33985
363.08,1788243092.246942,1788243091.637198,-609.744,174.847,-0.14907,-7.33985
363.268,1788243092.350559,1788243091.825187,-525.371,187.99,-0.14907,-7.33985
363.351,1788243092.558108,1788243091.908072,-650.037,82.884,-0.14907,-7.33985
363.484,1788243092.662127,1788243092.04045,-621.677,132.378,-0.14907,-7.33985
363.858,1788243092.8699,1788243092.415103,-454.797,374.653,-0.14907,-7.33985
364.209,1788243093.181149,1788243092.765973,-415.176,350.87,-0.14907,-7.33985
364.674,1788243093.388879,1788243093.231236,-157.643,465.262,-0.14907,-7.33985
365.019,1788243093.59622,1788243093.575686,-20.534,344.45,-0.14907,-7.33985
365.28,1788243094.322243,1788243093.836311,-485.932,260.625,-0.14907,-7.33985
365.819,1788243094.634133,1788243094.375466,-258.667,539.155,-0.14907,-7.33985
365.855,1788243094.841223,1788243094.412156,-429.067,36.69,-0.14907,-7.33985
366.106,1788243095.049129,1788243094.662725,-386.404,250.57,-0.14907,-7.33985
366.235,1788243095.464407,1788243094.791373,-673.034,128.648,-0.14907,-7.33985
366.283,1788243095.567888,1788243094.839984,-727.904,48.611,-0.14907,-7.33985
366.483,1788243095.671515,1788243095.040061,-631.454,200.077,-0.14907,-7.33985
366.534,1788243095.775115,1788243095.090688,-684.427,50.627,-0.14907,-7.33985
366.716,1788243095.878725,1788243095.273177,-605.548,182.489,-0.14907,-7.33985
366.905,1788243095.982805,1788243095.462174,-520.631,188.997,-0.14907,-7.33985
366.925,1788243096.190224,1788243095.482052,-708.173,19.877,-0.14907,-7.33985
367.164,1788243096.294259,1788243095.720723,-573.536,238.672,-0.14907,-7.33985
367.219,1788243096.501591,1788243095.775782,-725.809,55.059,-0.14907,-7.33985
367.45,1788243096.605577,1788243096.00718,-598.397,231.398,-0.14907,-7.33985
367.454,1788243096.70952,1788243096.011165,-698.355,3.985,-0.20142,-7.25127
367.64,1788243096.813752,1788243096.19722,-616.532,186.055,-0.20142,-7.25127
367.877,1788243097.021329,1788243096.433707,-587.622,236.487,-0.20142,-7.25127
367.877,1788243097.125253,1788243096.433717,-691.536,0.01,-0.20142,-7.25127
367.98,1788243097.228783,1788243096.537117,-691.666,103.4,-0.20142,-7.25127
368.019,1788243097.332408,1788243096.575303,-757.105,38.186,-0.20142,-7.25127
368.615,1788243097.436285,1788243097.171947,-264.339,596.644,-0.20142,-7.25127
369.152,1788243097.955654,1788243097.708878,-246.776,536.931,-0.20142,-7.25127
369.589,1788243098.267517,1788243098.145939,-121.579,437.061,-0.20142,-7.25127
370.411,1788243098.993997,1788243098.967905,-26.092,821.966,-0.20142,-7.25127
370.701,1788243099.616794,1788243099.257811,-358.982,289.907,-0.20142,-7.25127
370.901,1788243099.824413,1788243099.457926,-366.488,200.114,-0.20142,-7.25127
371.479,1788243100.135668,1788243100.035998,-99.67,578.072,-0.20142,-7.25127
372.061,1788243100.759016,1788243100.617575,-141.441,581.577,-0.20142,-7.25127
372.471,1788243101.381924,1788243101.027455,-354.469,409.88,-0.20142,-7.25127
372.989,1788243101.797106,1788243101.545433,-251.673,517.978,-0.20142,-7.25127
373.168,1788243102.005571,1788243101.724348,-281.222,178.915,-0.20142,-7.25127
373.303,1788243102.42028,1788243101.860039,-560.241,135.69,-0.20142,-7.25127
373.663,1788243102.628081,1788243102.219748,-408.334,359.709,-0.20142,-7.25127
373.826,1788243102.938872,1788243102.382908,-555.964,163.16,-0.20142,-7.25127
373.967,1788243103.146774,1788243102.523319,-623.455,140.412,-0.20142,-7.25127
374.152,1788243103.354211,1788243102.709102,-645.109,185.782,-0.20142,-7.25127
374.469,1788243103.458077,1788243103.026239,-431.838,317.138,-0.20142,-7.25127
374.784,1788243103.665607,1788243103.340559,-325.049,314.319,-0.20142,-7.25127
375.238,1788243103.977322,1788243103.794618,-182.703,454.06,-0.20142,-7.25127
375.414,1788243104.289002,1788243103.971097,-317.905,176.479,-0.20142,-7.25127
375.58,1788243104.807926,1788243104.136379,-671.547,165.282,-0.20142,-7.25127
375.669,1788243104.911834,1788243104.226217,-685.617,89.838,-0.20142,-7.25127
375.827,1788243105.015512,1788243104.384133,-631.38,157.916,-0.20142,-7.25127
376.166,1788243105.11934,1788243104.72243,-396.91,338.297,-0.20142,-7.25127
376.166,1788243105.431252,1788243104.722436,-708.816,0.006,-0.20142,-7.25127
376.359,1788243105.534613,1788243104.91569,-618.923,193.254,-0.20142,-7.25127
376.416,1788243105.638378,1788243104.973134,-665.244,57.443,-0.20142,-7.25127
376.597,1788243105.742534,1788243105.153842,-588.692,180.708,-0.20142,-7.25127
376.848,1788243105.846486,1788243105.40518,-441.306,251.338,-0.20142,-7.25127
377.034,1788243106.054429,1788243105.591054,-463.374,185.874,-0.20142,-7.25127
377.173,1788243106.366476,1788243105.730146,-636.33,139.091,-0.20142,-7.25127
377.298,1788243106.573633,1788243105.854907,-718.727,124.761,-0.20142,-7.25127
377.422,1788243106.677414,1788243105.978427,-698.987,123.52,-0.20142,-7.25127
377.485,1788243106.781512,1788243106.041323,-740.189,62.896,-0.20142,-7.25127
377.547,1788243106.885592,1788243106.104105,-781.488,62.781,-0.20142,-7.25127
377.56,1788243106.989285,1788243106.116411,-872.875,12.306,-0.20142,-7.25127
377.651,1788243107.092938,1788243106.207594,-885.344,91.183,-0.20142,-7.25127
377.78,1788243107.197119,1788243106.337236,-859.882,129.642,-0.20142,-7.25127
377.909,1788243107.300674,1788243106.465993,-834.681,128.757,-0.42778,-6.35198
377.95,1788243107.404481,1788243106.507161,-897.32,41.168,-0.42778,-6.35198
378.092,1788243107.508155,1788243106.648343,-859.812,141.182,-0.42778,-6.35198
378.288,1788243107.611948,1788243106.845177,-766.771,196.834,-0.42778,-6.35198
378.387,1788243107.716259,1788243106.944187,-772.072,99.01,-0.42778,-6.35198
378.516,1788243107.820575,1788243107.073147,-747.429,128.96,-0.42778,-6.35198
378.932,1788243107.9242,1788243107.488579,-435.621,415.432,-0.42778,-6.35198
379.059,1788243108.131705,1788243107.615774,-515.93,127.196,-0.42778,-6.35198
379.568,1788243108.3397,1788243108.124337,-215.364,508.562,-0.42778,-6.35198
379.959,1788243108.651227,1788243108.515555,-135.672,391.218,-0.42778,-6.35198
379.959,1788243109.171613,1788243108.516177,-655.436,0.622,-0.42778,-6.35198
380.047,1788243109.274102,1788243108.603763,-670.339,87.586,-0.42778,-6.35198
380.138,1788243109.377753,1788243108.694563,-683.19,90.8,-0.42778,-6.35198
380.262,1788243109.482011,1788243108.818438,-663.573,123.876,-0.42778,-6.35198
380.281,1788243109.585785,1788243108.837659,-748.126,19.221,-0.42778,-6.35198
380.313,1788243109.689441,1788243108.869477,-819.965,31.817,-0.42778,-6.35198
380.416,1788243109.79436,1788243108.97311,-821.25,103.633,-0.42778,-6.35198
380.462,1788243109.897975,1788243109.018617,-879.358,45.507,-0.42778,-6.35198
380.55,1788243110.001338,1788243109.107066,-894.272,88.449,-0.42778,-6.35198
380.659,1788243110.10484,1788243109.215301,-889.539,108.235,-0.67366,-4.81246
380.754,1788243110.208582,1788243109.310672,-897.91,95.371,-0.67366,-4.81246
380.864,1788243110.31368,1788243109.420626,-893.054,109.955,-0.66942,-5.07734
380.956,1788243110.416184,1788243109.512306,-903.878,91.68,-0.66942,-5.07734
381.059,1788243110.519791,1788243109.615399,-904.392,103.093,-0.66942,-5.07734
381.162,1788243110.623739,1788243109.719252,-904.487,103.853,-0.66942,-5.07734
381.271,1788243110.72752,1788243109.828162,-899.358,108.91,-0.66942,-5.07734
381.368,1788243110.832078,1788243109.9251,-906.979,96.938,-0.66942,-5.07734
381.477,1788243110.934537,1788243110.033392,-901.145,108.292,-0.66942,-5.07734
381.582,1788243111.038449,1788243110.139192,-899.257,105.799,-0.66942,-5.07734
381.725,1788243111.142081,1788243110.281514,-860.567,142.323,-0.66942,-5.07734
381.79,1788243111.245836,1788243110.347053,-898.783,65.539,-0.66942,-5.07734
381.909,1788243111.349509,1788243110.465925,-883.584,118.872,-0.66942,-5.07734
381.997,1788243111.453104,1788243110.55358,-899.524,87.655,-0.66942,-5.07734
382.093,1788243111.556517,1788243110.649973,-906.544,96.393,-0.66942,-5.07734
382.203,1788243111.660155,1788243110.759302,-900.853,109.329,-0.66942,-5.07734
382.308,1788243111.76356,1788243110.865033,-898.527,105.731,-0.49984,-6.28905
382.407,1788243111.86745,1788243110.964114,-903.336,99.081,-0.49984,-6.28905
382.511,1788243111.971103,1788243111.067932,-903.171,103.818,-0.49984,-6.28905
382.616,1788243112.074661,1788243111.173164,-901.497,105.232,-0.49984,-6.28905
382.725,1788243112.177997,1788243111.281526,-896.471,108.362,-0.32076,-7.23275
382.826,1788243112.281632,1788243111.383272,-898.36,101.746,-0.32076,-7.23275
382.939,1788243112.385768,1788243111.496145,-889.623,112.873,-0.32076,-7.23275
383.043,1788243112.489351,1788243111.599515,-889.836,103.37,-0.32076,-7.23275
383.151,1788243112.593267,1788243111.708042,-885.225,108.527,-0.11027,-8.18
383.235,1788243112.696697,1788243111.791701,-904.995,83.659,-0.11027,-8.18
383.341,1788243112.800295,1788243111.89785,-902.445,106.148,-0.11027,-8.18
383.444,1788243112.904648,1788243112.001076,-903.572,103.227,-0.11027,-8.18
383.601,1788243113.008204,1788243112.158138,-850.066,157.062,-0.07598,-8.3593
383.656,1788243113.112899,1788243112.212687,-900.213,54.548,-0.07598,-8.3593
383.76,1788243113.215517,1788243112.316934,-898.583,104.248,-0.07598,-8.3593
383.869,1788243113.319228,1788243112.425674,-893.554,108.739,-0.07598,-8.3593
383.972,1788243113.422986,1788243112.529222,-893.764,103.548,-0.04275,-8.42477
384.068,1788243113.526845,1788243112.624699,-902.147,95.477,-0.04275,-8.42477
384.174,1788243113.630238,1788243112.731227,-899.01,106.529,-0.04275,-8.42477
384.279,1788243113.733936,1788243112.835285,-898.65,104.058,-0.04275,-8.42477
384.385,1788243113.837588,1788243112.941991,-895.598,106.705,-0.05178,-8.44053
384.484,1788243113.941428,1788243113.040988,-900.44,98.998,-0.05178,-8.44053
384.603,1788243114.045067,1788243113.159312,-885.756,118.323,-0.05178,-8.44053
384.689,1788243114.149112,1788243113.245373,-903.74,86.061,-0.05178,-8.44053
384.793,1788243114.253038,1788243113.34945,-903.588,104.077,0.02266,-8.54572
384.894,1788243114.357667,1788243113.450606,-907.061,101.156,0.02266,-8.54572
384.998,1788243114.4608,1788243113.554735,-906.065,104.129,0.02266,-8.54572
385.118,1788243114.564831,1788243113.675124,-889.707,120.389,0.02266,-8.54572
385.209,1788243114.669203,1788243113.765607,-903.595,90.483,0.02266,-8.54572
385.318,1788243114.773029,1788243113.874749,-898.279,109.142,0.02266,-8.54572
385.42,1788243114.876805,1788243113.97703,-899.775,102.28,0.02266,-8.54572
385.525,1788243114.980784,1788243114.081371,-899.413,104.342,0.02266,-8.54572
385.627,1788243115.084587,1788243114.184079,-900.508,102.708,0.02266,-8.54572
385.738,1788243115.188586,1788243114.294999,-893.587,110.92,-0.06146,-8.22381
385.841,1788243115.29221,1788243114.398,-894.211,103.0,-0.06146,-8.22381
385.938,1788243115.395971,1788243114.495224,-900.748,97.224,-0.06146,-8.22381
386.043,1788243115.499371,1788243114.600142,-899.229,104.918,-0.06146,-8.22381
386.146,1788243115.6028,1788243114.702283,-900.517,102.141,-0.06146,-8.22381
386.25,1788243115.706785,1788243114.806922,-899.863,104.639,-0.06146,-8.22381
386.597,1788243115.915017,1788243115.153609,-761.408,346.687,-0.06146,-8.22381
386.597,1788243116.018367,1788243115.153725,-864.642,0.116,-0.06146,-8.22381
386.67,1788243116.12147,1788243115.226336,-895.134,72.612,-0.06146,-8.22381
386.762,1788243116.225723,1788243115.319204,-906.518,92.868,-0.06146,-8.22381
386.872,1788243116.329099,1788243115.428822,-900.276,109.618,-0.09538,-8.09817
386.974,1788243116.432715,1788243115.531259,-901.456,102.437,-0.09538,-8.09817
387.077,1788243116.536397,1788243115.634263,-902.134,103.004,-0.09538,-8.09817
387.181,1788243116.640085,1788243115.737708,-902.377,103.445,-0.09538,-8.09817
387.286,1788243116.743648,1788243115.842866,-900.782,105.158,-0.09538,-8.09817
387.396,1788243116.848226,1788243115.952413,-895.813,109.547,-0.09538,-8.09817
387.492,1788243116.95131,1788243116.048455,-902.854,96.042,-0.09538,-8.09817
387.6,1788243117.055286,1788243116.156552,-898.734,108.097,-0.09538,-8.09817
387.7,1788243117.15903,1788243116.256931,-902.1,100.379,-0.09538,-8.09817
387.8,1788243117.262913,1788243116.356488,-906.425,99.557,-0.09538,-8.09817
387.905,1788243117.366652,1788243116.461323,-905.33,104.835,-0.09538,-8.09817
388.015,1788243117.470668,1788243116.572041,-898.627,110.718,-0.0781,-8.19932
388.112,1788243117.574362,1788243116.669173,-905.19,97.132,-0.0781,-8.19932
388.219,1788243117.677894,1788243116.775812,-902.082,106.639,-0.0781,-8.19932
388.318,1788243117.781635,1788243116.874883,-906.752,99.071,-0.0781,-8.19932
388.43,1788243117.885662,1788243116.987062,-898.6,112.18,-0.0781,-8.19932
388.536,1788243117.989452,1788243117.092689,-896.763,105.627,-0.0781,-8.19932
388.633,1788243118.093043,1788243117.190191,-902.852,97.502,-0.0781,-8.19932
388.734,1788243118.196721,1788243117.291123,-905.597,100.932,-0.0781,-8.19932
388.837,1788243118.300408,1788243117.394179,-906.229,103.055,-0.0781,-8.19932
388.943,1788243118.404278,1788243117.499699,-904.579,105.52,-0.0781,-8.19932
389.052,1788243118.508782,1788243117.608729,-900.052,109.03,-0.0781,-8.19932
389.15,1788243118.612398,1788243117.707214,-905.184,98.485,-0.05765,-8.1599
389.253,1788243118.715775,1788243117.810097,-905.678,102.883,-0.05765,-8.1599
389.36,1788243118.819434,1788243117.916511,-902.924,106.414,-0.05765,-8.1599
389.46,1788243118.924076,1788243118.017267,-906.809,100.756,-0.05765,-8.1599
389.563,1788243119.027274,1788243118.12012,-907.154,102.853,-0.05765,-8.1599
389.668,1788243119.130657,1788243118.224478,-906.18,104.357,-0.05765,-8.1599
389.774,1788243119.234435,1788243118.330829,-903.606,106.352,-0.05765,-8.1599
389.877,1788243119.337836,1788243118.433728,-904.108,102.899,-0.05765,-8.1599
389.978,1788243119.441727,1788243118.535114,-906.614,101.386,-0.05765,-8.1599
390.082,1788243119.545446,1788243118.63888,-906.566,103.766,-0.05765,-8.1599
390.189,1788243119.64931,1788243118.745455,-903.856,106.575,-0.05765,-8.1599
390.291,1788243119.752918,1788243118.847541,-905.377,102.086,-0.05765,-8.1599
390.395,1788243119.85693,1788243118.951861,-905.068,104.321,-0.12618,-7.91842
390.499,1788243119.960472,1788243119.055311,-905.16,103.45,-0.12618,-7.91842
390.616,1788243120.064299,1788243119.172986,-891.313,117.675,-0.12618,-7.91842
390.709,1788243120.167707,1788243119.265846,-901.862,92.86,-0.12618,-7.91842
390.813,1788243120.271759,1788243119.369444,-902.315,103.598,-0.12618,-7.91842
390.931,1788243120.376095,1788243119.48731,-888.784,117.867,-0.12618,-7.91842
391.02,1788243120.478868,1788243119.577264,-901.603,89.954,-0.12618,-7.91842
391.132,1788243120.582587,1788243119.688349,-894.238,111.084,-0.12618,-7.91842
391.23,1788243120.686314,1788243119.786832,-899.482,98.483,-0.12618,-7.91842
391.346,1788243120.790277,1788243119.902953,-887.323,116.121,-0.12618,-7.91842
391.442,1788243120.894122,1788243119.999035,-895.087,96.082,-0.12618,-7.91842
391.561,1788243120.997998,1788243120.117526,-880.472,118.49,-0.12618,-7.91842
391.643,1788243121.103621,1788243120.199506,-904.115,81.981,-0.12618,-7.91842
391.75,1788243121.206024,1788243120.306322,-899.702,106.816,-0.12618,-7.91842
391.89,1788243121.309828,1788243120.446559,-863.269,140.237,-0.12618,-7.91842
391.953,1788243121.414323,1788243120.509483,-904.84,62.924,-0.12618,-7.91842
392.057,1788243121.51848,1788243120.614259,-904.221,104.775,-0.12618,-7.91842
392.165,1788243121.622145,1788243120.72182,-900.326,107.561,-0.12618,-7.91842
392.269,1788243121.726142,1788243120.825788,-900.354,103.968,-0.12618,-7.91842
392.367,1788243121.829503,1788243120.923567,-905.936,97.779,-0.12618,-7.91842
392.471,1788243121.933327,1788243121.02828,-905.046,104.714,-0.12618,-7.91842
392.573,1788243122.03693,1788243121.129574,-907.356,101.293,-0.12618,-7.91842
392.678,1788243122.140413,1788243121.235176,-905.237,105.602,-0.1236,-7.96814
392.779,1788243122.244038,1788243121.336207,-907.831,101.031,-0.1236,-7.96814
392.895,1788243122.347063,1788243121.451852,-895.211,115.646,-0.1236,-7.96814
392.995,1788243122.451262,1788243121.551778,-899.483,99.926,-0.1236,-7.96814
393.096,1788243122.554958,1788243121.653151,-901.807,101.372,-0.14213,-7.98944
393.204,1788243122.658559,1788243121.760593,-897.966,107.442,-0.14213,-7.98944
393.305,1788243122.763009,1788243121.861918,-901.091,101.325,-0.14213,-7.98944
393.407,1788243122.86615,1788243121.964259,-901.891,102.341,-0.14213,-7.98944
393.512,1788243122.96952,1788243122.069275,-900.245,105.016,-0.17835,-7.80227
393.616,1788243123.073638,1788243122.172536,-901.103,103.261,-0.17835,-7.80227
393.72,1788243123.177272,1788243122.276809,-900.463,104.273,-0.17835,-7.80227
393.823,1788243123.280771,1788243122.379862,-900.908,103.054,-0.17835,-7.80227
393.929,1788243123.384172,1788243122.485967,-898.205,106.105,-0.23986,-7.56001
394.029,1788243123.487727,1788243122.586264,-901.463,100.297,-0.23986,-7.56001
394.133,1788243123.591115,1788243122.690234,-900.882,103.97,-0.23986,-7.56001
394.238,1788243123.694531,1788243122.794983,-899.548,104.749,-0.23986,-7.56001
394.343,1788243123.799037,1788243122.899458,-899.579,104.475,-0.24476,-7.64255
394.439,1788243123.901758,1788243122.996257,-905.501,96.799,-0.24476,-7.64255
394.55,1788243124.005077,1788243123.106711,-898.366,110.454,-0.24476,-7.64255
394.648,1788243124.108529,1788243123.204312,-904.216,97.602,-0.24476,-7.64255
394.761,1788243124.212213,1788243123.318045,-894.168,113.733,-0.25995,-7.4225
394.866,1788243124.315628,1788243123.422392,-893.236,104.346,-0.25995,-7.4225
394.97,1788243124.419045,1788243123.526325,-892.72,103.933,-0.25995,-7.4225
395.068,1788243124.522517,1788243123.624492,-898.025,98.167,-0.25995,-7.4225
395.182,1788243124.626781,1788243123.738987,-887.794,114.495,-0.3613,-7.12673
395.273,1788243124.730303,1788243123.830159,-900.144,91.172,-0.3613,-7.12673
395.377,1788243124.834298,1788243123.933935,-900.363,103.776,-0.3613,-7.12673
395.49,1788243124.937279,1788243124.046578,-890.701,112.643,-0.3613,-7.12673
395.592,1788243125.041269,1788243124.148986,-892.283,102.408,-0.42555,-7.06534
395.681,1788243125.145466,1788243124.238128,-907.338,89.142,-0.42555,-7.06534
395.787,1788243125.247916,1788243124.343904,-904.011,105.777,-0.42555,-7.06534
395.892,1788243125.35145,1788243124.448358,-903.093,104.453,-0.42555,-7.06534
395.997,1788243125.454893,1788243124.553742,-901.151,105.384,-0.38534,-7.10652
396.095,1788243125.558975,1788243124.651895,-907.08,98.153,-0.38534,-7.10652
396.205,1788243125.662487,1788243124.761532,-900.955,109.637,-0.38534,-7.10652
396.304,1788243125.766019,1788243124.861138,-904.882,99.606,-0.38534,-7.10652
396.415,1788243125.86998,1788243124.971349,-898.631,110.211,-0.44832,-6.92192
396.51,1788243125.973387,1788243125.06653,-906.857,95.181,-0.44832,-6.92192
396.613,1788243126.076799,1788243125.169847,-906.952,103.317,-0.44832,-6.92192
396.72,1788243126.180242,1788243125.277248,-902.994,107.401,-0.44832,-6.92192
396.827,1788243126.28382,1788243125.38385,-899.97,106.603,-0.44832,-6.92192
396.927,1788243126.387104,1788243125.48408,-903.025,100.229,-0.48902,-6.82362
397.032,1788243126.490955,1788243125.589156,-901.799,105.076,-0.48902,-6.82362
397.136,1788243126.594336,1788243125.693206,-901.13,104.05,-0.48902,-6.82362
397.239,1788243126.697589,1788243125.795589,-901.999,102.383,-0.48902,-6.82362
397.337,1788243126.800782,1788243125.894172,-906.61,98.583,-0.48902,-6.82362
397.442,1788243126.904021,1788243125.998458,-905.563,104.286,-0.48902,-6.82362
397.546,1788243127.00723,1788243126.102965,-904.265,104.507,-0.48902,-6.82362
397.646,1788243127.110037,1788243126.203051,-906.986,100.086,-0.48902,-6.82362
397.749,1788243127.213488,1788243126.305725,-907.763,102.674,-0.48902,-6.82362
397.857,1788243127.316788,1788243126.413379,-903.409,107.654,-0.48902,-6.82362
397.963,1788243127.420362,1788243126.520221,-900.14,106.842,-0.48902,-6.82362
398.061,1788243127.524486,1788243126.61735,-907.136,97.129,-0.48902,-6.82362
398.164,1788243127.627922,1788243126.720986,-906.936,103.636,-0.48902,-6.82362
398.275,1788243127.731468,1788243126.831752,-899.716,110.765,-0.48902,-6.82362
398.393,1788243127.835203,1788243126.949325,-885.878,117.574,-0.48902,-6.82362
398.534,1788243127.939484,1788243127.090702,-848.782,141.376,-0.48902,-6.82362
398.589,1788243128.042439,1788243127.145574,-896.864,54.873,-0.48902,-6.82362
398.689,1788243128.146382,1788243127.246148,-900.234,100.574,-0.48902,-6.82362
398.793,1788243128.24982,1788243127.34991,-899.91,103.761,-0.48902,-6.82362
398.901,1788243128.353632,1788243127.457984,-895.648,108.074,-0.48902,-6.82362
398.994,1788243128.457006,1788243127.550745,-906.261,92.761,-0.48902,-6.82362
399.099,1788243128.561061,1788243127.65546,-905.601,104.714,-0.48902,-6.82362
399.218,1788243128.665029,1788243127.774294,-890.734,118.835,-0.60231,-6.53031
399.315,1788243128.769382,1788243127.872211,-897.17,97.917,-0.60231,-6.53031
399.409,1788243128.872866,1788243127.96602,-906.847,93.808,-0.60231,-6.53031
399.524,1788243128.976655,1788243128.080533,-896.122,114.514,-0.60231,-6.53031
399.625,1788243129.080493,1788243128.18211,-898.383,101.576,-0.60231,-6.53031
399.729,1788243129.184209,1788243128.285637,-898.572,103.527,-0.60231,-6.53031
399.826,1788243129.288372,1788243128.382955,-905.416,97.318,-0.60231,-6.53031
399.935,1788243129.392235,1788243128.491962,-900.273,109.006,-0.60231,-6.53031
400.037,1788243129.49607,1788243128.594241,-901.829,102.279,-0.60231,-6.53031
400.14,1788243129.599427,1788243128.696509,-902.918,102.268,-0.60231,-6.53031
400.242,1788243129.703058,1788243128.798437,-904.621,101.928,-0.60231,-6.53031
400.345,1788243129.806726,1788243128.901318,-905.408,102.881,-0.60231,-6.53031
400.447,1788243129.910455,1788243129.003885,-906.57,102.567,-0.60231,-6.53031
400.551,1788243130.014369,1788243129.107532,-906.837,103.647,-0.60231,-6.53031
400.662,1788243130.117988,1788243129.219008,-898.98,111.476,-0.60231,-6.53031
400.76,1788243130.221801,1788243129.316466,-905.334,97.458,-0.60231,-6.53031
400.868,1788243130.325523,1788243129.424595,-900.928,108.129,-0.60231,-6.53031
400.97,1788243130.429082,1788243129.526365,-902.717,101.77,-0.60231,-6.53031
401.076,1788243130.532772,1788243129.633275,-899.497,106.91,-0.72973,-5.98807
401.174,1788243130.636989,1788243129.730676,-906.313,97.401,-0.72973,-5.98807
401.284,1788243130.740281,1788243129.840323,-899.958,109.647,-0.72973,-5.98807
401.485,1788243130.948002,1788243130.041812,-906.19,201.489,-0.72973,-5.98807
401.591,1788243131.051877,1788243130.147751,-904.126,105.939,-0.72973,-5.98807
401.692,1788243131.155606,1788243130.249118,-906.488,101.367,-0.72973,-5.98807
401.805,1788243131.259136,1788243130.361686,-897.45,112.568,-0.72973,-5.98807
401.899,1788243131.362927,1788243130.455812,-907.115,94.126,-0.72973,-5.98807
402.008,1788243131.466712,1788243130.565009,-901.703,109.197,-0.72973,-5.98807
402.108,1788243131.570321,1788243130.664357,-905.963,99.349,-0.72973,-5.98807
402.213,1788243131.674361,1788243130.769743,-904.618,105.386,-0.72973,-5.98807
402.315,1788243131.777683,1788243130.872005,-905.678,102.261,-0.72973,-5.98807
402.428,1788243131.881378,1788243130.984579,-896.799,112.575,-0.72973,-5.98807
402.525,1788243131.985441,1788243131.081301,-904.14,96.722,-0.72973,-5.98807
402.628,1788243132.089078,1788243131.184503,-904.575,103.202,-0.72973,-5.98807
402.732,1788243132.192876,1788243131.288838,-904.038,104.335,-0.72973,-5.98807
402.838,1788243132.296496,1788243131.394621,-901.875,105.783,-0.76771,-6.10587
402.936,1788243132.400608,1788243131.493158,-907.45,98.537,-0.76771,-6.10587
403.042,1788243132.503722,1788243131.598434,-905.288,105.276,-0.76771,-6.10587
403.147,1788243132.607438,1788243131.703656,-903.782,105.222,-0.76771,-6.10587
403.249,1788243132.711863,1788243131.80595,-905.913,102.294,-0.76771,-6.10587
403.353,1788243132.815486,1788243131.909647,-905.838,103.698,-0.76771,-6.10587
403.456,1788243132.919083,1788243132.013152,-905.931,103.504,-0.76771,-6.10587
403.567,1788243133.022806,1788243132.123835,-898.972,110.683,-0.76771,-6.10587
403.668,1788243133.127947,1788243132.224786,-903.161,100.951,-0.76771,-6.10587
403.773,1788243133.231233,1788243132.329849,-901.384,105.063,-0.76771,-6.10587
403.874,1788243133.333686,1788243132.431033,-902.653,101.184,-0.76771,-6.10587
403.978,1788243133.437291,1788243132.534598,-902.693,103.565,-0.76771,-6.10587
404.077,1788243133.540899,1788243132.633869,-907.029,99.271,-0.76771,-6.10587
404.188,1788243133.644619,1788243132.744588,-900.031,110.719,-0.76771,-6.10587
404.286,1788243133.748522,1788243132.842737,-905.785,98.149,-0.76771,-6.10587
404.397,1788243133.852578,1788243132.953776,-898.802,111.039,-0.76771,-6.10587
404.493,1788243133.956161,1788243133.049469,-906.691,95.693,-0.76771,-6.10587
404.607,1788243134.060124,1788243133.163915,-896.209,114.445,-0.77316,-6.49938
404.701,1788243134.163835,1788243133.257484,-906.351,93.569,-0.77316,-6.49938
404.813,1788243134.267762,1788243133.369319,-898.443,111.835,-0.77316,-6.49938
404.933,1788243134.371536,1788243133.490088,-881.449,120.769,-0.77316,-6.49938
405.013,1788243134.475319,1788243133.569834,-905.486,79.746,-0.77316,-6.49938
407.557,1788243136.031553,1788243136.113759,82.206,2543.926,-0.77316,-6.49938
407.557,1788243136.135331,1788243136.113933,-21.398,0.174,-0.77316,-6.49938
407.557,1788243136.342465,1788243136.11408,-228.385,0.147,-0.77316,-6.49938
407.557,1788243136.446404,1788243136.114198,-332.206,0.118,-0.77316,-6.49938
407.558,1788243136.550358,1788243136.114304,-436.054,0.105,-0.77316,-6.49938
407.558,1788243136.654374,1788243136.114397,-539.976,0.094,-0.77316,-6.49938
407.558,1788243136.757439,1788243136.114486,-642.953,0.089,-0.77316,-6.49938
407.558,1788243136.861542,1788243136.114569,-746.973,0.083,-0.77316,-6.49938
407.558,1788243136.965401,1788243136.114663,-850.738,0.094,-0.77316,-6.49938
407.612,1788243137.069314,1788243136.168787,-900.527,54.124,-0.77316,-6.49938
407.715,1788243137.17364,1788243136.271823,-901.817,103.036,-0.77316,-6.49938
407.82,1788243137.277012,1788243136.376642,-900.37,104.819,-0.77316,-6.49938
407.923,1788243137.380755,1788243136.47996,-900.795,103.318,-0.77316,-6.49938
408.034,1788243137.484324,1788243136.590603,-893.721,110.643,-0.77316,-6.49938
408.125,1788243137.587746,1788243136.68144,-906.307,90.836,-0.77316,-6.49938
408.228,1788243137.691504,1788243136.784803,-906.701,103.363,-0.77316,-6.49938
408.336,1788243137.795122,1788243136.892329,-902.793,107.526,-0.77316,-6.49938
408.436,1788243137.898949,1788243136.992985,-905.964,100.657,-0.77316,-6.49938
408.55,1788243138.002539,1788243137.107135,-895.404,114.15,-0.82549,-6.40211
408.642,1788243138.106163,1788243137.198699,-907.464,91.564,-0.82549,-6.40211
408.748,1788243138.209805,1788243137.304688,-905.117,105.988,-0.82549,-6.40211
408.905,1788243138.313771,1788243137.461929,-851.842,157.242,-0.82549,-6.40211
408.964,1788243138.417349,1788243137.520716,-896.633,58.787,-0.82549,-6.40211
409.09,1788243138.520941,1788243137.646418,-874.522,125.702,-0.82549,-6.40211
409.227,1788243138.624887,1788243137.783503,-841.384,137.084,-0.82549,-6.40211
409.336,1788243138.728533,1788243137.892414,-836.119,108.911,-0.82549,-6.40211
409.404,1788243138.83207,1788243137.960845,-871.226,68.431,-0.82549,-6.40211
409.532,1788243138.935927,1788243138.088945,-846.982,128.1,-0.82549,-6.40211
409.6,1788243139.03957,1788243138.156926,-882.644,67.981,-0.82549,-6.40211
409.722,1788243139.143269,1788243138.2784,-864.869,121.474,-0.82549,-6.40211
409.794,1788243139.247041,1788243138.350907,-896.133,72.507,-0.82549,-6.40211
409.896,1788243139.350839,1788243138.452636,-898.203,101.729,-0.82549,-6.40211
410.001,1788243139.455013,1788243138.557447,-897.566,104.811,-0.82549,-6.40211
410.101,1788243139.558594,1788243138.657548,-901.046,100.101,-0.82549,-6.40211
410.205,1788243139.662279,1788243138.762162,-900.117,104.614,-0.82549,-6.40211
410.311,1788243139.766116,1788243138.86787,-898.246,105.708,-0.89406,-6.08117
410.412,1788243139.869916,1788243138.968691,-901.225,100.821,-0.89406,-6.08117
410.513,1788243139.973978,1788243139.069429,-904.549,100.738,-0.89406,-6.08117
410.616,1788243140.07743,1788243139.172457,-904.973,103.028,-0.89406,-6.08117
410.724,1788243140.181214,1788243139.281189,-900.025,108.732,-0.89406,-6.08117
410.822,1788243140.286979,1788243139.378517,-908.462,97.328,-0.89406,-6.08117
410.928,1788243140.388953,1788243139.485071,-903.882,106.554,-0.89406,-6.08117
411.031,1788243140.493418,1788243139.58784,-905.579,102.769,-0.89406,-6.08117
411.16,1788243140.596964,1788243139.717002,-879.961,129.163,-0.89406,-6.08117
411.241,1788243140.699835,1788243139.797794,-902.04,80.792,-0.89406,-6.08117
411.345,1788243140.804624,1788243139.902259,-902.364,104.465,-0.89406,-6.08117
411.463,1788243140.907014,1788243140.020006,-887.008,117.746,-0.89406,-6.08117
411.592,1788243141.010761,1788243140.148819,-861.942,128.814,-0.89406,-6.08117
411.652,1788243141.114338,1788243140.209161,-905.177,60.342,-0.89406,-6.08117
411.785,1788243141.217734,1788243140.341446,-876.288,132.284,-0.89406,-6.08117
411.867,1788243141.321595,1788243140.424189,-897.406,82.743,-0.89406,-6.08117
411.969,1788243141.425256,1788243140.525456,-899.8,101.267,-0.89406,-6.08117
412.077,1788243141.528821,1788243140.633994,-894.827,108.538,-0.86494,-6.2707
412.176,1788243141.632708,1788243140.733091,-899.617,99.097,-0.86494,-6.2707
412.276,1788243141.736392,1788243140.833079,-903.313,99.988,-0.86494,-6.2707
412.376,1788243141.840043,1788243140.933017,-907.026,99.938,-0.86494,-6.2707
412.487,1788243141.943601,1788243141.043464,-900.136,110.448,-0.86494,-6.2707
412.584,1788243142.04735,1788243141.14052,-906.83,97.056,-0.86494,-6.2707
412.692,1788243142.151026,1788243141.24836,-902.665,107.84,-0.86494,-6.2707
412.796,1788243142.254815,1788243141.352808,-902.007,104.448,-0.86494,-6.2707
412.923,1788243142.358443,1788243141.479761,-878.682,126.953,-0.86494,-6.2707
412.998,1788243142.461937,1788243141.554924,-907.013,75.163,-0.86494,-6.2707
413.102,1788243142.56566,1788243141.659194,-906.466,104.27,-0.86494,-6.2707
413.222,1788243142.669684,1788243141.7784,-891.284,119.206,-0.86494,-6.2707
413.331,1788243142.773104,1788243141.887387,-885.717,108.987,-0.86494,-6.2707
413.415,1788243142.876948,1788243141.971617,-905.331,84.23,-0.86494,-6.2707
413.534,1788243142.980669,1788243142.091201,-889.468,119.584,-0.86494,-6.2707
413.622,1788243143.084039,1788243142.179145,-904.895,87.943,-0.86494,-6.2707
413.731,1788243143.187673,1788243142.288125,-899.548,108.98,-0.86494,-6.2707
413.833,1788243143.291319,1788243142.390249,-901.069,102.124,-0.84282,-6.57046
413.934,1788243143.395013,1788243142.491019,-903.994,100.77,-0.84282,-6.57046
414.039,1788243143.498425,1788243142.595923,-902.503,104.904,-0.84282,-6.57046
414.143,1788243143.601978,1788243142.69956,-902.417,103.638,-0.84282,-6.57046
414.243,1788243143.705556,1788243142.799786,-905.77,100.226,-0.84282,-6.57046
414.346,1788243143.809749,1788243142.903133,-906.616,103.347,-0.84282,-6.57046
414.451,1788243143.913911,1788243143.008148,-905.763,105.015,-0.84282,-6.57046
414.555,1788243144.019361,1788243143.112223,-907.137,104.075,-0.84282,-6.57046
414.666,1788243144.12172,1788243143.222396,-899.324,110.173,-0.84282,-6.57046
414.768,1788243144.224762,1788243143.324326,-900.436,101.93,-0.84282,-6.57046
414.909,1788243144.328169,1788243143.465679,-862.489,141.354,-0.84282,-6.57046
414.974,1788243144.431997,1788243143.53113,-900.867,65.451,-0.84282,-6.57046
415.081,1788243144.535361,1788243143.637401,-897.96,106.271,-0.84282,-6.57046
415.22,1788243144.638829,1788243143.77707,-861.759,139.669,-0.84282,-6.57046
415.281,1788243144.742674,1788243143.838173,-904.501,61.103,-0.84282,-6.57046
415.389,1788243144.846323,1788243143.945805,-900.518,107.632,-0.84282,-6.57046
415.492,1788243144.950007,1788243144.048391,-901.616,102.586,-0.84282,-6.57046
415.608,1788243145.053866,1788243144.164865,-889.001,116.474,-0.80559,-6.77265
415.698,1788243145.157507,1788243144.255074,-902.433,90.209,-0.80559,-6.77265
415.8,1788243145.261067,1788243144.35705,-904.016,101.977,-0.80559,-6.77265
415.909,1788243145.364778,1788243144.465631,-899.147,108.581,-0.80559,-6.77265
416.012,1788243145.468514,1788243144.568822,-899.692,103.191,-0.80559,-6.77265
416.116,1788243145.571987,1788243144.673027,-898.96,104.205,-0.80559,-6.77265
416.215,1788243145.675657,1788243144.771414,-904.243,98.387,-0.80559,-6.77265
416.318,1788243145.77906,1788243144.874628,-904.432,103.214,-0.80559,-6.77265
416.426,1788243145.88319,1788243144.982491,-900.699,107.863,-0.80559,-6.77265
416.534,1788243145.986473,1788243145.090568,-895.905,108.077,-0.80559,-6.77265
416.627,1788243146.090329,1788243145.184244,-906.085,93.676,-0.80559,-6.77265
416.733,1788243146.193941,1788243145.289897,-904.044,105.653,-0.80559,-6.77265
416.85,1788243146.298646,1788243145.406729,-891.917,116.832,-0.80559,-6.77265
416.941,1788243146.400899,1788243145.497472,-903.428,90.743,-0.80559,-6.77265
417.046,1788243146.504586,1788243145.602988,-901.598,105.516,-0.80559,-6.77265
417.152,1788243146.608399,1788243145.70836,-900.038,105.372,-0.80559,-6.77265
417.248,1788243146.712447,1788243145.804854,-907.593,96.494,-0.80559,-6.77265
417.358,1788243146.816087,1788243145.914328,-901.758,109.474,-0.82038,-6.78314
417.458,1788243146.919546,1788243146.015068,-904.478,100.74,-0.82038,-6.78314
417.561,1788243147.023281,1788243146.117603,-905.678,102.535,-0.82038,-6.78314
417.672,1788243147.12704,1788243146.228647,-898.392,111.044,-0.82038,-6.78314
417.782,1788243147.2305,1788243146.338704,-891.796,110.057,-0.82038,-6.78314
417.878,1788243147.33423,1788243146.434869,-899.361,96.165,-0.82038,-6.78314
417.98,1788243147.437615,1788243146.537044,-900.571,102.175,-0.82038,-6.78314
418.086,1788243147.54138,1788243146.642915,-898.466,105.87,-0.82038,-6.78314
418.191,1788243147.645224,1788243146.747459,-897.765,104.545,-0.82038,-6.78314
418.287,1788243147.748833,1788243146.844195,-904.638,96.736,-0.82038,-6.78314
418.391,1788243147.852648,1788243146.94799,-904.658,103.795,-0.82038,-6.78314
418.496,1788243147.956175,1788243147.052568,-903.607,104.578,-0.82038,-6.78314
418.596,1788243148.059735,1788243147.152661,-907.073,100.094,-0.82038,-6.78314
418.701,1788243148.163383,1788243147.257569,-905.814,104.907,-0.82038,-6.78314
418.809,1788243148.267149,1788243147.365805,-901.344,108.237,-0.82038,-6.78314
418.91,1788243148.371425,1788243147.466282,-905.143,100.477,-0.82038,-6.78314
419.014,1788243148.475028,1788243147.570486,-904.542,104.204,-0.82038,-6.78314
419.122,1788243148.578332,1788243147.678593,-899.739,108.107,-0.82999,-6.99572
419.226,1788243148.681997,1788243147.782491,-899.506,103.898,-0.82999,-6.99572
419.333,1788243148.785593,1788243147.889638,-895.955,107.147,-0.82999,-6.99572
419.442,1788243148.889323,1788243147.998628,-890.695,108.99,-0.82999,-6.99572
419.532,1788243148.993192,1788243148.088415,-904.778,89.787,-0.82999,-6.99572
419.632,1788243149.096922,1788243148.189062,-907.86,100.647,-0.82999,-6.99572
419.743,1788243149.200434,1788243148.299589,-900.845,110.527,-0.82999,-6.99572
419.845,1788243149.304127,1788243148.402015,-902.111,102.427,-0.82999,-6.99572
419.951,1788243149.407681,1788243148.507364,-900.317,105.349,-0.82999,-6.99572
420.049,1788243149.511837,1788243148.606087,-905.749,98.723,-0.82999,-6.99572
420.158,1788243149.615433,1788243148.71487,-900.563,108.783,-0.82999,-6.99572
420.255,1788243149.71893,1788243148.81167,-907.259,96.8,-0.82999,-6.99572
420.364,1788243149.822576,1788243148.921141,-901.435,109.471,-0.82999,-6.99572
420.464,1788243149.92629,1788243149.02037,-905.92,99.229,-0.82999,-6.99572
420.567,1788243150.029828,1788243149.123296,-906.532,102.926,-0.82999,-6.99572
420.676,1788243150.133778,1788243149.232921,-900.856,109.625,-0.82999,-6.99572
420.779,1788243150.23744,1788243149.336212,-901.228,103.291,-0.82999,-6.99572
420.917,1788243150.341083,1788243149.473448,-867.634,137.236,-0.76776,-7.61098
420.99,1788243150.444876,1788243149.547266,-897.61,73.818,-0.76776,-7.61098
421.09,1788243150.548392,1788243149.64666,-901.732,99.393,-0.76776,-7.61098
421.191,1788243150.652067,1788243149.748016,-904.051,101.356,-0.76776,-7.61098
421.291,1788243150.755972,1788243149.848071,-907.9,100.055,-0.76776,-7.61098
421.396,1788243150.859457,1788243149.952546,-906.912,104.474,-0.76776,-7.61098
421.499,1788243150.963499,1788243150.055717,-907.783,103.171,-0.76776,-7.61098
421.609,1788243151.066982,1788243150.165574,-901.408,109.857,-0.76776,-7.61098
421.708,1788243151.170547,1788243150.264386,-906.161,98.813,-0.76776,-7.61098
421.847,1788243151.274576,1788243150.403881,-870.695,139.495,-0.76776,-7.61098
421.914,1788243151.377949,1788243150.470998,-906.95,67.117,-0.76776,-7.61098
422.023,1788243151.481938,1788243150.580062,-901.876,109.064,-0.76776,-7.61098
422.122,1788243151.585841,1788243150.679279,-906.562,99.216,-0.76776,-7.61098
422.229,1788243151.689242,1788243150.78543,-903.812,106.152,-0.76776,-7.61098
422.334,1788243151.792879,1788243150.890491,-902.388,105.061,-0.76776,-7.61098
422.438,1788243151.896866,1788243150.99468,-902.186,104.189,-0.76776,-7.61098
422.539,1788243152.00189,1788243151.096251,-905.639,101.571,-0.76776,-7.61098
422.64,1788243152.104315,1788243151.196538,-907.776,100.288,-0.76776,-7.61098
422.752,1788243152.207971,1788243151.308286,-899.684,111.748,-0.74678,-7.78822
422.849,1788243152.311685,1788243151.405539,-906.146,97.252,-0.74678,-7.78822
422.958,1788243152.416283,1788243151.514652,-901.63,109.114,-0.74678,-7.78822
423.057,1788243152.519536,1788243151.613326,-906.21,98.673,-0.74678,-7.78822
423.16,1788243152.623333,1788243151.716327,-907.005,103.001,-0.74678,-7.78822
423.268,1788243152.727382,1788243151.824331,-903.051,108.004,-0.74678,-7.78822
423.367,1788243152.831043,1788243151.923346,-907.697,99.015,-0.74678,-7.78822
423.472,1788243152.935305,1788243152.028931,-906.374,105.585,-0.74678,-7.78822
423.585,1788243153.03896,1788243152.141675,-897.284,112.744,-0.74678,-7.78822
423.683,1788243153.142532,1788243152.239941,-902.591,98.266,-0.74678,-7.78822
423.786,1788243153.246162,1788243152.343206,-902.957,103.265,-0.74678,-7.78822
423.891,1788243153.350044,1788243152.447625,-902.419,104.419,-0.74678,-7.78822
423.993,1788243153.454084,1788243152.549717,-904.367,102.092,-0.74678,-7.78822
424.098,1788243153.557473,1788243152.655245,-902.228,105.528,-0.74678,-7.78822
424.204,1788243153.661406,1788243152.760703,-900.703,105.458,-0.74678,-7.78822
424.303,1788243153.766253,1788243152.860215,-906.038,99.512,-0.74678,-7.78822
424.41,1788243153.868791,1788243152.966327,-902.464,106.112,-0.74678,-7.78822
424.509,1788243153.972522,1788243153.066171,-906.351,99.844,-0.74678,-7.78822
424.615,1788243154.075981,1788243153.172186,-903.795,106.016,-0.74678,-7.78822
424.718,1788243154.181098,1788243153.275277,-905.821,103.09,-0.74678,-7.78822
424.825,1788243154.283485,1788243153.381291,-902.194,106.014,-0.74678,-7.78822
424.926,1788243154.387616,1788243153.482531,-905.085,101.24,-0.74678,-7.78822
425.034,1788243154.491064,1788243153.590616,-900.447,108.086,-0.65357,-8.47918
425.13,1788243154.595087,1788243153.686567,-908.52,95.951,-0.65357,-8.47918
425.233,1788243154.698126,1788243153.790143,-907.983,103.576,-0.65357,-8.47918
425.339,1788243154.802012,1788243153.896103,-905.909,105.959,-0.65357,-8.47918
425.443,1788243154.906641,1788243153.999506,-907.135,103.403,-0.65357,-8.47918
425.547,1788243155.009971,1788243154.103365,-906.606,103.859,-0.65357,-8.47918
425.651,1788243155.113149,1788243154.207938,-905.211,104.573,-0.65357,-8.47918
425.753,1788243155.216878,1788243154.309722,-907.155,101.784,-0.65357,-8.47918
425.859,1788243155.32052,1788243154.415286,-905.234,105.564,-0.65357,-8.47918
425.964,1788243155.424411,1788243154.520442,-903.97,105.155,-0.65357,-8.47918
426.067,1788243155.528153,1788243154.623387,-904.766,102.946,-0.65357,-8.47918
426.169,1788243155.632551,1788243154.725347,-907.205,101.959,-0.65357,-8.47918
426.274,1788243155.73525,1788243154.830652,-904.598,105.305,-0.65357,-8.47918
426.375,1788243155.838758,1788243154.932177,-906.58,101.525,-0.65357,-8.47918
426.479,1788243155.942653,1788243155.035292,-907.362,103.115,-0.65357,-8.47918
426.586,1788243156.046335,1788243155.143208,-903.126,107.916,-0.65357,-8.47918
426.688,1788243156.150357,1788243155.24507,-905.287,101.862,-0.65357,-8.47918
426.794,1788243156.253954,1788243155.350358,-903.596,105.288,-0.65357,-8.47918
426.9,1788243156.357781,1788243155.456507,-901.274,106.149,-0.65357,-8.47918
426.998,1788243156.461276,1788243155.554472,-906.804,97.965,-0.65357,-8.47918
427.103,1788243156.564901,1788243155.659435,-905.466,104.963,-0.65357,-8.47918
427.223,1788243156.668783,1788243155.779773,-889.011,120.337,-0.65357,-8.47918
427.346,1788243156.772294,1788243155.902967,-869.327,123.194,-0.65357,-8.47918
427.416,1788243156.87628,1788243155.972346,-903.934,69.379,-0.65357,-8.47918
427.516,1788243156.979699,1788243156.073012,-906.687,100.666,-0.65357,-8.47918
427.62,1788243157.083428,1788243156.176926,-906.501,103.915,-0.65357,-8.47918
427.771,1788243157.187053,1788243156.328048,-859.006,151.121,-0.65357,-8.47918
427.829,1788243157.290788,1788243156.386218,-904.57,58.171,-0.65357,-8.47918
427.957,1788243157.394697,1788243156.513699,-880.997,127.481,-0.65357,-8.47918
428.037,1788243157.498156,1788243156.594035,-904.121,80.336,-0.65357,-8.47918
428.138,1788243157.601691,1788243156.694515,-907.176,100.48,-0.65357,-8.47918
428.243,1788243157.705183,1788243156.800213,-904.969,105.698,-0.65357,-8.47918
428.356,1788243157.809256,1788243156.912284,-896.972,112.071,-0.714,-8.43922
428.453,1788243157.912659,1788243157.009482,-903.177,97.198,-0.714,-8.43922
428.553,1788243158.016534,1788243157.110163,-906.371,100.681,-0.714,-8.43922
428.657,1788243158.12018,1788243157.213296,-906.884,103.133,-0.714,-8.43922
428.761,1788243158.224667,1788243157.317679,-906.988,104.383,-0.714,-8.43922
428.868,1788243158.32795,1788243157.424438,-903.512,106.759,-0.714,-8.43922
428.975,1788243158.431786,1788243157.532043,-899.743,107.605,-0.714,-8.43922
429.074,1788243158.535473,1788243157.630615,-904.858,98.572,-0.714,-8.43922
429.18,1788243158.639073,1788243157.736292,-902.781,105.677,-0.714,-8.43922
429.278,1788243158.742804,1788243157.834285,-908.519,97.993,-0.714,-8.43922
429.384,1788243158.846442,1788243157.941216,-905.226,106.931,-0.714,-8.43922
429.486,1788243158.950274,1788243158.042339,-907.934,101.123,-0.714,-8.43922
429.599,1788243159.053998,1788243158.156251,-897.747,113.911,-0.714,-8.43922
429.694,1788243159.157641,1788243158.251027,-906.614,94.776,-0.714,-8.43922
429.8,1788243159.261155,1788243158.356863,-904.292,105.836,-0.714,-8.43922
429.907,1788243159.365311,1788243158.463337,-901.974,106.474,-0.714,-8.43922
430.006,1788243159.469117,1788243158.562957,-906.16,99.62,-0.714,-8.43922
430.11,1788243159.573711,1788243158.666579,-907.132,103.622,-0.714,-8.43922
430.222,1788243159.676769,1788243158.778402,-898.367,111.823,-0.714,-8.43922
430.327,1788243159.780296,1788243158.883419,-896.878,105.016,-0.77803,-8.47402
430.425,1788243159.884115,1788243158.981766,-902.348,98.348,-0.77803,-8.47402
430.529,1788243159.987866,1788243159.085659,-902.208,103.893,-0.77803,-8.47402
430.64,1788243160.091524,1788243159.197197,-894.328,111.538,-0.77803,-8.47402
430.741,1788243160.195727,1788243159.29738,-898.347,100.183,-0.77803,-8.47402
430.845,1788243160.2994,1788243159.402,-897.399,104.62,-0.77803,-8.47402
430.939,1788243160.402798,1788243159.495954,-906.844,93.954,-0.77803,-8.47402
431.044,1788243160.506474,1788243159.600642,-905.832,104.688,-0.77803,-8.47402
431.148,1788243160.610458,1788243159.704879,-905.58,104.237,-0.77803,-8.47402
431.255,1788243160.714298,1788243159.811383,-902.915,106.504,-0.77803,-8.47402
431.353,1788243160.817931,1788243159.91026,-907.671,98.877,-0.77803,-8.47402
431.476,1788243160.921646,1788243160.033115,-888.531,122.855,-0.77803,-8.47402
431.562,1788243161.025325,1788243160.119255,-906.07,86.14,-0.77803,-8.47402
431.675,1788243161.128839,1788243160.231902,-896.936,112.647,-0.77803,-8.47402
431.778,1788243161.23476,1788243160.334926,-899.834,103.024,-0.77803,-8.47402
431.878,1788243161.337047,1788243160.434505,-902.542,99.578,-0.77803,-8.47402
432.036,1788243161.440522,1788243160.592622,-847.9,158.118,-0.77803,-8.47402
432.083,1788243161.54479,1788243160.639681,-905.109,47.059,-0.77803,-8.47402
432.197,1788243161.648359,1788243160.753759,-894.6,114.078,-0.85655,-8.24584
432.296,1788243161.752212,1788243160.852841,-899.371,99.082,-0.85655,-8.24584
432.392,1788243161.856054,1788243160.948824,-907.229,95.983,-0.85655,-8.24584
432.498,1788243161.959876,1788243161.054904,-904.972,106.08,-0.85655,-8.24584
432.604,1788243162.063675,1788243161.161191,-902.484,106.287,-0.85655,-8.24584
432.712,1788243162.167428,1788243161.269017,-898.412,107.826,-0.85655,-8.24584
432.814,1788243162.271313,1788243161.371117,-900.197,102.1,-0.85655,-8.24584
432.912,1788243162.37531,1788243161.469067,-906.243,97.95,-0.85655,-8.24584
433.019,1788243162.478854,1788243161.576121,-902.733,107.054,-0.85655,-8.24584
433.131,1788243162.582672,1788243161.687303,-895.369,111.181,-0.85655,-8.24584
433.24,1788243162.686559,1788243161.796438,-890.12,109.136,-0.85655,-8.24584
433.333,1788243162.790123,1788243161.889645,-900.478,93.206,-0.85655,-8.24584
433.432,1788243162.894348,1788243161.988767,-905.581,99.122,-0.85655,-8.24584
433.534,1788243162.997606,1788243162.09075,-906.857,101.983,-0.85655,-8.24584
433.641,1788243163.101059,1788243162.197896,-903.162,107.147,-0.85655,-8.24584
433.741,1788243163.204718,1788243162.297971,-906.747,100.075,-0.85655,-8.24584
433.909,1788243163.308458,1788243162.465919,-842.539,167.947,-0.85655,-8.24584
433.964,1788243163.41203,1788243162.521157,-890.873,55.239,-0.99981,-7.62672
434.053,1788243163.516245,1788243162.6094,-906.845,88.243,-0.99981,-7.62672
434.163,1788243163.619809,1788243162.719729,-900.08,110.329,-0.99981,-7.62672
434.268,1788243163.723406,1788243162.825034,-898.372,105.305,-0.99981,-7.62672
434.365,1788243163.827099,1788243162.921322,-905.777,96.288,-0.99981,-7.62672
434.468,1788243163.931031,1788243163.024651,-906.38,103.328,-0.99981,-7.62672
434.571,1788243164.034688,1788243163.127884,-906.803,103.234,-0.99981,-7.62672
434.679,1788243164.138409,1788243163.235379,-903.03,107.495,-0.99981,-7.62672
434.783,1788243164.242003,1788243163.339891,-902.112,104.511,-0.99981,-7.62672
434.883,1788243164.345604,1788243163.440084,-905.52,100.193,-0.99981,-7.62672
434.99,1788243164.449485,1788243163.547205,-902.28,107.121,-0.99981,-7.62672
435.093,1788243164.553092,1788243163.649724,-903.368,102.519,-0.99981,-7.62672
435.194,1788243164.656755,1788243163.750503,-906.253,100.779,-0.99981,-7.62672
435.3,1788243164.760319,1788243163.856637,-903.682,106.134,-0.99981,-7.62672
435.399,1788243164.863666,1788243163.956214,-907.452,99.577,-0.99981,-7.62672
435.506,1788243164.967383,1788243164.06283,-904.552,106.616,-0.99981,-7.62672
435.609,1788243165.071389,1788243164.166252,-905.137,103.422,-0.99981,-7.62672
435.722,1788243165.175228,1788243164.278541,-896.687,112.289,-0.92811,-8.30965
435.823,1788243165.278702,1788243164.379647,-899.054,101.106,-0.92811,-8.30965
435.92,1788243165.3838,1788243164.477277,-906.522,97.63,-0.92811,-8.30965
436.033,1788243165.486322,1788243164.58961,-896.712,112.333,-0.92811,-8.30965
436.133,1788243165.590523,1788243164.689321,-901.202,99.71,-0.92811,-8.30965
436.234,1788243165.694335,1788243164.790352,-903.983,101.031,-0.92811,-8.30965
436.339,1788243165.797961,1788243164.895952,-902.009,105.601,-0.92811,-8.30965
436.438,1788243165.901643,1788243164.994576,-907.067,98.623,-0.92811,-8.30965
436.599,1788243166.005486,1788243165.156057,-849.429,161.481,-0.92811,-8.30965
436.655,1788243166.109236,1788243165.212179,-897.057,56.122,-0.92811,-8.30965
436.754,1788243166.213009,1788243165.310388,-902.621,98.209,-0.92811,-8.30965
436.872,1788243166.316955,1788243165.428433,-888.522,118.045,-0.92811,-8.30965
436.96,1788243166.420915,1788243165.51728,-903.635,88.848,-0.92811,-8.30965
437.068,1788243166.524669,1788243165.624684,-899.985,107.404,-0.92811,-8.30965
437.165,1788243166.628211,1788243165.721457,-906.754,96.773,-0.92811,-8.30965
437.269,1788243166.731985,1788243165.825461,-906.523,104.004,-0.92811,-8.30965
437.377,1788243166.835524,1788243165.934052,-901.471,108.591,-0.92811,-8.30965
437.482,1788243166.939055,1788243166.038342,-900.713,104.29,-0.93024,-8.1712
437.585,1788243167.042957,1788243166.141855,-901.101,103.513,-0.93024,-8.1712
437.689,1788243167.146655,1788243166.245988,-900.667,104.132,-0.93024,-8.1712
437.79,1788243167.250296,1788243166.346907,-903.389,100.919,-0.93024,-8.1712
437.895,1788243167.354218,1788243166.451628,-902.59,104.721,-0.93024,-8.1712
437.994,1788243167.457926,1788243166.550289,-907.637,98.66,-0.93024,-8.1712
438.097,1788243167.561711,1788243166.65415,-907.561,103.862,-0.93024,-8.1712
438.208,1788243167.665395,1788243166.76462,-900.776,110.469,-0.93024,-8.1712
438.308,1788243167.769141,1788243166.864362,-904.779,99.742,-0.93024,-8.1712
438.453,1788243167.873131,1788243167.009398,-863.733,145.036,-0.93024,-8.1712
438.518,1788243167.976815,1788243167.075157,-901.657,65.759,-0.93024,-8.1712
438.636,1788243168.080451,1788243167.192516,-887.935,117.359,-0.93024,-8.1712
438.728,1788243168.184006,1788243167.284568,-899.438,92.052,-0.93024,-8.1712
438.834,1788243168.288002,1788243167.391266,-896.735,106.698,-0.93024,-8.1712
438.944,1788243168.39176,1788243167.500671,-891.09,109.405,-0.93024,-8.1712
439.037,1788243168.49511,1788243167.593617,-901.493,92.946,-0.93024,-8.1712
439.141,1788243168.598855,1788243167.697992,-900.863,104.375,-0.93024,-8.1712
439.249,1788243168.702564,1788243167.806002,-896.563,108.01,-0.97066,-8.31373
439.344,1788243168.806367,1788243167.901232,-905.135,95.23,-0.97066,-8.31373
439.448,1788243168.909904,1788243168.004382,-905.523,103.15,-0.97066,-8.31373
439.551,1788243169.013796,1788243168.10782,-905.977,103.438,-0.97066,-8.31373
439.667,1788243169.117704,1788243168.223963,-893.742,116.143,-0.97066,-8.31373
439.773,1788243169.221042,1788243168.330241,-890.801,106.278,-0.97066,-8.31373
439.868,1788243169.325032,1788243168.424727,-900.305,94.487,-0.97066,-8.31373
439.969,1788243169.428865,1788243168.525903,-902.962,101.175,-0.97066,-8.31373
440.083,1788243169.532559,1788243168.639504,-893.055,113.601,-0.97066,-8.31373
440.18,1788243169.636201,1788243168.736802,-899.399,97.298,-0.97066,-8.31373
440.295,1788243169.740719,1788243168.851404,-889.315,114.602,-0.97066,-8.31373
440.386,1788243169.843857,1788243168.942316,-901.541,90.912,-0.97066,-8.31373
440.485,1788243169.947676,1788243169.041972,-905.704,99.656,-0.97066,-8.31373
440.589,1788243170.051227,1788243169.145675,-905.551,103.703,-0.97066,-8.31373
440.697,1788243170.155802,1788243169.253417,-902.385,107.742,-0.97066,-8.31373
440.794,1788243170.258481,1788243169.351021,-907.46,97.603,-0.97066,-8.31373
440.922,1788243170.362249,1788243169.47886,-883.389,127.84,-0.97066,-8.31373
441.007,1788243170.465878,1788243169.563477,-902.401,84.617,-0.96001,-8.58596
441.11,1788243170.569564,1788243169.666715,-902.849,103.238,-0.96001,-8.58596
441.211,1788243170.673223,1788243169.76781,-905.413,101.095,-0.96001,-8.58596
441.32,1788243170.777145,1788243169.876795,-900.35,108.984,-0.96001,-8.58596
441.422,1788243170.88063,1788243169.978798,-901.833,102.003,-0.96001,-8.58596
441.522,1788243170.984306,1788243170.079207,-905.099,100.41,-0.96001,-8.58596
441.634,1788243171.088384,1788243170.191088,-897.296,111.88,-0.96001,-8.58596
441.728,1788243171.192135,1788243170.284797,-907.338,93.71,-0.96001,-8.58596
441.845,1788243171.29604,1788243170.401439,-894.601,116.641,-0.96001,-8.58596
441.939,1788243171.399375,1788243170.495477,-903.898,94.038,-0.96001,-8.58596
442.039,1788243171.503024,1788243170.596211,-906.813,100.734,-0.96001,-8.58596
442.148,1788243171.607491,1788243170.70442,-903.07,108.209,-0.96001,-8.58596
442.252,1788243171.710337,1788243170.808712,-901.625,104.292,-0.96001,-8.58596
442.356,1788243171.814148,1788243170.913267,-900.882,104.555,-0.96001,-8.58596
442.453,1788243171.917712,1788243171.009917,-907.795,96.651,-0.96001,-8.58596
442.559,1788243172.021283,1788243171.116199,-905.084,106.282,-0.96001,-8.58596
442.726,1788243172.125292,1788243171.282555,-842.738,166.355,-0.96001,-8.58596
442.772,1788243172.229033,1788243171.328588,-900.445,46.033,-0.83658,-9.29811
442.868,1788243172.332602,1788243171.424813,-907.789,96.225,-0.83658,-9.29811
442.977,1788243172.436139,1788243171.533465,-902.674,108.652,-0.83658,-9.29811
443.079,1788243172.539856,1788243171.635683,-904.173,102.218,-0.83658,-9.29811
443.183,1788243172.643647,1788243171.739714,-903.933,104.031,-0.83658,-9.29811
443.284,1788243172.747416,1788243171.840282,-907.133,100.568,-0.83658,-9.29811
443.386,1788243172.850883,1788243171.942795,-908.088,102.513,-0.83658,-9.29811
443.493,1788243172.954805,1788243172.049499,-905.306,106.704,-0.83658,-9.29811
443.598,1788243173.058488,1788243172.155037,-903.451,105.538,-0.83658,-9.29811
443.698,1788243173.162338,1788243172.254456,-907.881,99.419,-0.83658,-9.29811
443.804,1788243173.265955,1788243172.361161,-904.794,106.705,-0.83658,-9.29811
443.909,1788243173.369846,1788243172.465436,-904.41,104.275,-0.83658,-9.29811
444.01,1788243173.47486,1788243172.566355,-908.505,100.919,-0.83658,-9.29811
444.115,1788243173.577112,1788243172.671587,-905.525,105.232,-0.83658,-9.29811
444.217,1788243173.680863,1788243172.773504,-907.359,101.916,-0.83658,-9.29811
444.322,1788243173.784755,1788243172.879057,-905.698,105.553,-0.83658,-9.29811
444.425,1788243173.88855,1788243172.982171,-906.378,103.115,-0.83658,-9.29811
444.531,1788243173.991994,1788243173.087355,-904.638,105.184,-0.83658,-9.29811
444.636,1788243174.096111,1788243173.192907,-903.203,105.552,-0.84198,-9.38836
444.736,1788243174.199563,1788243173.29268,-906.883,99.773,-0.84198,-9.38836
444.846,1788243174.303119,1788243173.402629,-900.49,109.949,-0.84198,-9.38836
444.944,1788243174.406726,1788243173.500448,-906.279,97.819,-0.84198,-9.38836
445.051,1788243174.510659,1788243173.607657,-903.002,107.21,-0.84198,-9.38836
445.154,1788243174.61412,1788243173.710716,-903.404,103.059,-0.84198,-9.38836
445.268,1788243174.717977,1788243173.824882,-893.095,114.166,-0.84198,-9.38836
445.359,1788243174.821683,1788243173.915771,-905.913,90.889,-0.84198,-9.38836
445.463,1788243174.925586,1788243174.019984,-905.603,104.213,-0.84198,-9.38836
445.567,1788243175.029377,1788243174.124088,-905.288,104.105,-0.84198,-9.38836
445.673,1788243175.132996,1788243174.229629,-903.368,105.541,-0.84198,-9.38836
445.776,1788243175.236759,1788243174.333263,-903.496,103.635,-0.84198,-9.38836
445.875,1788243175.340399,1788243174.431741,-908.659,98.477,-0.84198,-9.38836
445.98,1788243175.443997,1788243174.536897,-907.1,105.156,-0.84198,-9.38836
446.086,1788243175.547946,1788243174.642821,-905.125,105.924,-0.84198,-9.38836
446.187,1788243175.651523,1788243174.743642,-907.881,100.821,-0.84198,-9.38836
446.291,1788243175.755412,1788243174.847739,-907.673,104.098,-0.84198,-9.38836
446.395,1788243175.859051,1788243174.951391,-907.66,103.652,-0.84198,-9.38836
446.504,1788243175.9628,1788243175.060295,-902.504,108.904,-0.79522,-9.85749
446.605,1788243176.066543,1788243175.162184,-904.359,101.889,-0.79522,-9.85749
446.71,1788243176.170382,1788243175.267091,-903.291,104.907,-0.79522,-9.85749
446.821,1788243176.27395,1788243175.377832,-896.118,110.741,-0.79522,-9.85749
446.92,1788243176.377681,1788243175.476382,-901.299,98.55,-0.79522,-9.85749
447.021,1788243176.481378,1788243175.578247,-903.131,101.865,-0.79522,-9.85749
447.128,1788243176.584949,1788243175.685131,-899.818,106.884,-0.79522,-9.85749
447.236,1788243176.688881,1788243175.792481,-896.4,107.35,-0.79522,-9.85749
447.335,1788243176.79269,1788243175.891304,-901.386,98.823,-0.79522,-9.85749
447.433,1788243176.896586,1788243175.990203,-906.383,98.899,-0.79522,-9.85749
447.543,1788243177.000043,1788243176.100204,-899.839,110.001,-0.79522,-9.85749
447.64,1788243177.103714,1788243176.196595,-907.12,96.391,-0.79522,-9.85749
447.755,1788243177.207329,1788243176.311465,-895.864,114.87,-0.79522,-9.85749
447.854,1788243177.310973,1788243176.411023,-899.95,99.558,-0.79522,-9.85749
447.96,1788243177.415721,1788243176.516911,-898.811,105.887,-0.79522,-9.85749
448.062,1788243177.519369,1788243176.618992,-900.377,102.082,-0.79522,-9.85749
448.159,1788243177.62234,1788243176.71616,-906.181,97.167,-0.79522,-9.85749
448.261,1788243177.727004,1788243176.817569,-909.435,101.409,-0.79522,-9.85749
448.372,1788243177.829509,1788243176.92912,-900.39,111.551,-0.82348,-9.70617
448.472,1788243177.933389,1788243177.028798,-904.591,99.679,-0.82348,-9.70617
448.575,1788243178.036937,1788243177.131657,-905.28,102.859,-0.82348,-9.70617
448.682,1788243178.141292,1788243177.238618,-902.675,106.96,-0.82348,-9.70617
448.781,1788243178.244287,1788243177.33778,-906.506,99.163,-0.82348,-9.70617
448.892,1788243178.34816,1788243177.448843,-899.317,111.062,-0.82348,-9.70617
448.989,1788243178.451808,1788243177.545764,-906.044,96.921,-0.82348,-9.70617
449.092,1788243178.555992,1788243177.648457,-907.535,102.693,-0.82348,-9.70617
449.195,1788243178.659309,1788243177.752148,-907.161,103.691,-0.82348,-9.70617
449.3,1788243178.762964,1788243177.856889,-906.075,104.741,-0.82348,-9.70617
449.402,1788243178.866674,1788243177.958499,-908.175,101.61,-0.82348,-9.70617
449.509,1788243178.970268,1788243178.065424,-904.844,106.925,-0.82348,-9.70617
449.613,1788243179.074312,1788243178.170172,-904.14,104.748,-0.82348,-9.70617
449.714,1788243179.177787,1788243178.271085,-906.702,100.913,-0.82348,-9.70617
449.817,1788243179.281424,1788243178.373773,-907.651,102.689,-0.82348,-9.70617
449.922,1788243179.385247,1788243178.478376,-906.871,104.603,-0.82348,-9.70617
450.03,1788243179.488851,1788243178.586435,-902.416,108.059,-0.82348,-9.70617
450.128,1788243179.593117,1788243178.68454,-908.577,98.105,-0.82348,-9.70617
450.237,1788243179.696143,1788243178.793701,-902.442,109.161,-0.92748,-9.33338
450.341,1788243179.799632,1788243178.897361,-902.272,103.659,-0.92748,-9.33338
450.438,1788243179.904416,1788243178.994877,-909.539,97.516,-0.92748,-9.33338
450.542,1788243180.006801,1788243179.099002,-907.799,104.125,-0.92748,-9.33338
450.649,1788243180.110364,1788243179.206106,-904.258,107.104,-0.92748,-9.33338
450.761,1788243180.214227,1788243179.317554,-896.673,111.449,-0.92748,-9.33338
450.853,1788243180.317711,1788243179.410215,-907.496,92.66,-0.92748,-9.33338
450.964,1788243180.421593,1788243179.521239,-900.355,111.024,-0.92748,-9.33338
451.067,1788243180.525073,1788243179.62331,-901.763,102.071,-0.92748,-9.33338
451.17,1788243180.6287,1788243179.726591,-902.109,103.281,-0.92748,-9.33338
451.269,1788243180.732497,1788243179.826133,-906.363,99.542,-0.92748,-9.33338
451.372,1788243180.835934,1788243179.928283,-907.651,102.15,-0.92748,-9.33338
451.476,1788243180.939466,1788243180.033045,-906.421,104.762,-0.92748,-9.33338
451.58,1788243181.042993,1788243180.137185,-905.808,104.139,-0.92748,-9.33338
451.683,1788243181.14757,1788243180.240191,-907.38,103.006,-0.92748,-9.33338
451.788,1788243181.250511,1788243180.344883,-905.628,104.692,-0.92748,-9.33338
451.893,1788243181.354345,1788243180.449782,-904.563,104.899,-0.92748,-9.33338
451.995,1788243181.458038,1788243180.552077,-905.961,102.295,-0.92748,-9.33338
452.097,1788243181.561835,1788243180.653756,-908.079,101.679,-0.92748,-9.33338
452.206,1788243181.66529,1788243180.762517,-902.773,108.761,-1.03606,-8.45859
452.312,1788243181.769034,1788243180.868771,-900.263,106.254,-1.03606,-8.45859
452.409,1788243181.872669,1788243180.965407,-907.263,96.635,-1.03606,-8.45859
452.513,1788243181.976573,1788243181.070056,-906.517,104.649,-1.03606,-8.45859
452.616,1788243182.080087,1788243181.17256,-907.527,102.504,-1.03606,-8.45859
452.72,1788243182.183768,1788243181.276426,-907.342,103.866,-1.03606,-8.45859
452.825,1788243182.2875,1788243181.381576,-905.924,105.15,-1.03606,-8.45859
452.933,1788243182.391104,1788243181.48982,-901.284,108.245,-1.03606,-8.45859
453.034,1788243182.495227,1788243181.590695,-904.532,100.874,-1.03606,-8.45859
453.137,1788243182.598639,1788243181.694246,-904.393,103.551,-1.03606,-8.45859
453.241,1788243182.70207,1788243181.797505,-904.564,103.26,-1.03606,-8.45859
453.341,1788243182.806226,1788243181.8982,-908.026,100.695,-1.03606,-8.45859
453.447,1788243182.909772,1788243182.004255,-905.517,106.055,-1.03606,-8.45859
453.547,1788243183.013425,1788243182.104083,-909.342,99.828,-1.03606,-8.45859
453.655,1788243183.116445,1788243182.211788,-904.657,107.705,-1.03606,-8.45859
453.759,1788243183.219983,1788243182.315673,-904.31,103.885,-1.03606,-8.45859
453.861,1788243183.323725,1788243182.418037,-905.688,102.364,-1.03606,-8.45859
453.964,1788243183.427314,1788243182.5203,-907.013,102.263,-1.03606,-8.45859
454.069,1788243183.53079,1788243182.626112,-904.678,105.812,-1.03606,-8.45859
454.171,1788243183.634255,1788243182.72752,-906.735,101.408,-1.03606,-8.45859
454.279,1788243183.737722,1788243182.836234,-901.488,108.714,-1.01647,-8.40226
454.377,1788243183.841287,1788243182.933586,-907.701,97.352,-1.01647,-8.40226
454.48,1788243183.944805,1788243183.036533,-908.272,102.947,-1.01647,-8.40226
454.585,1788243184.048405,1788243183.14186,-906.545,105.327,-1.01647,-8.40226
454.688,1788243184.152105,1788243183.244687,-907.418,102.827,-1.01647,-8.40226
454.791,1788243184.255771,1788243183.348126,-907.645,103.439,-1.01647,-8.40226
454.895,1788243184.35934,1788243183.451523,-907.817,103.397,-1.01647,-8.40226
455.001,1788243184.463013,1788243183.557458,-905.555,105.936,-1.01647,-8.40226
455.104,1788243184.566247,1788243183.661119,-905.128,103.661,-1.01647,-8.40226
455.207,1788243184.670451,1788243183.763373,-907.079,102.254,-1.01647,-8.40226
455.31,1788243184.774021,1788243183.867249,-906.772,103.876,-1.01647,-8.40226
455.418,1788243184.87769,1788243183.974949,-902.74,107.7,-1.01647,-8.40226
455.524,1788243184.98156,1788243184.08061,-900.951,105.66,-1.01647,-8.40226
455.626,1788243185.085075,1788243184.183052,-902.023,102.442,-1.01647,-8.40226
455.735,1788243185.188434,1788243184.292092,-896.342,109.04,-1.01647,-8.40226
455.829,1788243185.292046,1788243184.385298,-906.748,93.206,-1.01647,-8.40226
455.941,1788243185.395749,1788243184.498201,-897.548,112.903,-1.01647,-8.40226
456.043,1788243185.499533,1788243184.600116,-899.418,101.915,-1.01647,-8.40226
456.155,1788243185.603017,1788243184.711466,-891.551,111.35,-1.01647,-8.40226
456.253,1788243185.706538,1788243184.809383,-897.155,97.917,-1.03257,-8.18585
456.354,1788243185.81016,1788243184.910888,-899.272,101.505,-1.03257,-8.18585
456.461,1788243185.914144,1788243185.018076,-896.067,107.188,-1.03257,-8.18585
456.558,1788243186.017608,1788243185.115126,-902.482,97.05,-1.03257,-8.18585
456.66,1788243186.121328,1788243185.216845,-904.484,101.718,-1.03257,-8.18585
456.77,1788243186.225233,1788243185.326717,-898.516,109.872,-1.03257,-8.18585
456.869,1788243186.328453,1788243185.426041,-902.413,99.324,-1.03257,-8.18585
456.971,1788243186.432264,1788243185.528007,-904.257,101.967,-1.03257,-8.18585
457.079,1788243186.535815,1788243185.635431,-900.384,107.423,-1.03257,-8.18585
457.176,1788243186.639302,1788243185.732346,-906.956,96.915,-1.03257,-8.18585
457.279,1788243186.743101,1788243185.835414,-907.687,103.068,-1.03257,-8.18585
457.383,1788243186.846853,1788243185.940064,-906.788,104.65,-1.03257,-8.18585
457.487,1788243186.950928,1788243186.043611,-907.317,103.547,-1.03257,-8.18585
457.594,1788243187.055033,1788243186.150783,-904.25,107.172,-1.03257,-8.18585
457.696,1788243187.158889,1788243186.252837,-906.051,102.054,-1.03257,-8.18585
457.805,1788243187.26323,1788243186.361647,-901.582,108.81,-1.03257,-8.18585
457.909,1788243187.367105,1788243186.465765,-901.34,104.117,-1.03257,-8.18585
458.012,1788243187.471029,1788243186.569217,-901.812,103.452,-1.03257,-8.18585
458.115,1788243187.575086,1788243186.672107,-902.979,102.89,-1.03257,-8.18585
458.224,1788243187.678869,1788243186.781075,-897.794,108.968,-1.00493,-8.11555
458.325,1788243187.782476,1788243186.882146,-900.33,101.071,-1.00493,-8.11555
458.426,1788243187.88631,1788243186.983084,-903.226,100.937,-1.00493,-8.11555
458.534,1788243187.989973,1788243187.090296,-899.677,107.212,-1.00493,-8.11555
458.634,1788243188.093855,1788243187.190948,-902.907,100.652,-1.00493,-8.11555
458.736,1788243188.197425,1788243187.293279,-904.145,102.331,-0.91393,-8.43302
458.837,1788243188.300962,1788243187.394155,-906.807,100.876,-0.91393,-8.43302
459.008,1788243188.404628,1788243187.56473,-839.898,170.575,-0.91393,-8.43302
459.047,1788243188.50815,1788243187.603678,-904.472,38.948,-0.91393,-8.43302
459.147,1788243188.611922,1788243187.703728,-908.194,100.05,-0.91393,-8.43302
459.253,1788243188.715513,1788243187.809609,-905.904,105.881,-0.91393,-8.43302
459.354,1788243188.819012,1788243187.910834,-908.178,101.224,-0.91393,-8.43302
459.458,1788243188.922021,1788243188.015257,-906.764,104.424,-0.91393,-8.43302
459.561,1788243189.025433,1788243188.118195,-907.238,102.938,-0.91393,-8.43302
459.666,1788243189.1286,1788243188.223099,-905.501,104.903,-0.91393,-8.43302
459.768,1788243189.231882,1788243188.325229,-906.652,102.131,-0.91393,-8.43302
459.872,1788243189.335379,1788243188.428899,-906.48,103.67,-0.91393,-8.43302
459.976,1788243189.438898,1788243188.532577,-906.322,103.678,-0.91393,-8.43302
460.083,1788243189.542524,1788243188.639812,-902.713,107.235,-0.91393,-8.43302
460.184,1788243189.646145,1788243188.740592,-905.554,100.78,-0.91393,-8.43302
460.288,1788243189.749837,1788243188.845147,-904.69,104.555,-0.91393,-8.43302
460.39,1788243189.854659,1788243188.947214,-907.445,102.067,-0.91393,-8.43302
460.492,1788243189.957348,1788243189.048963,-908.385,101.749,-0.91393,-8.43302
460.597,1788243190.061049,1788243189.153594,-907.455,104.631,-0.91393,-8.43302
460.706,1788243190.164532,1788243189.262926,-901.607,109.331,-0.91393,-8.43302
460.803,1788243190.268345,1788243189.359489,-908.856,96.563,-0.91393,-8.43302
460.909,1788243190.371746,1788243189.465633,-906.113,106.144,-0.91393,-8.43302
461.01,1788243190.475676,1788243189.567239,-908.437,101.605,-0.91393,-8.43302
461.117,1788243190.579094,1788243189.674168,-904.926,106.929,-0.81477,-9.17909
461.222,1788243190.68273,1788243189.778291,-904.438,104.124,-0.81477,-9.17909
461.324,1788243190.786408,1788243189.880537,-905.872,102.245,-0.81477,-9.17909
461.43,1788243190.890757,1788243189.986438,-904.32,105.901,-0.81477,-9.17909
461.537,1788243190.993856,1788243190.093518,-900.338,107.08,-0.81477,-9.17909
461.632,1788243191.097596,1788243190.188926,-908.669,95.408,-0.81477,-9.17909
461.737,1788243191.20133,1788243190.293754,-907.577,104.827,-0.81477,-9.17909
461.849,1788243191.304808,1788243190.405622,-899.186,111.869,-0.81477,-9.17909
461.944,1788243191.408198,1788243190.500623,-907.575,95.001,-0.81477,-9.17909
462.046,1788243191.511993,1788243190.603133,-908.86,102.51,-0.81477,-9.17909
462.152,1788243191.615413,1788243190.708501,-906.913,105.367,-0.81477,-9.17909
462.257,1788243191.719279,1788243190.814219,-905.059,105.719,-0.81477,-9.17909
462.36,1788243191.822856,1788243190.916749,-906.107,102.53,-0.81477,-9.17909
462.464,1788243191.927356,1788243191.020604,-906.751,103.855,-0.81477,-9.17909
462.567,1788243192.030273,1788243191.123734,-906.539,103.129,-0.81477,-9.17909
462.675,1788243192.133736,1788243191.231565,-902.171,107.831,-0.81477,-9.17909
462.774,1788243192.237378,1788243191.330297,-907.08,98.733,-0.81477,-9.17909
462.896,1788243192.340414,1788243191.453012,-887.402,122.714,-0.81477,-9.17909
462.983,1788243192.444609,1788243191.539415,-905.194,86.404,-0.81477,-9.17909
463.085,1788243192.548368,1788243191.641378,-906.991,101.962,-0.81477,-9.17909
463.188,1788243192.652393,1788243191.744309,-908.084,102.931,-0.81477,-9.17909
463.296,1788243192.755792,1788243191.852589,-903.203,108.279,-0.66568,-10.05409
463.397,1788243192.859379,1788243191.953533,-905.846,100.944,-0.66568,-10.05409
463.499,1788243192.962984,1788243192.055605,-907.379,102.072,-0.66568,-10.05409
463.603,1788243193.06658,1788243192.16016,-906.42,104.555,-0.66568,-10.05409
463.708,1788243193.170346,1788243192.264611,-905.735,104.451,-0.66568,-10.05409
463.809,1788243193.274399,1788243192.366134,-908.265,101.523,-0.66568,-10.05409
463.916,1788243193.377899,1788243192.473206,-904.693,107.072,-0.66568,-10.05409
464.017,1788243193.481371,1788243192.57391,-907.461,100.703,-0.66568,-10.05409
464.123,1788243193.58487,1788243192.679909,-904.962,105.999,-0.66568,-10.05409
464.226,1788243193.689371,1788243192.782346,-907.025,102.438,-0.66568,-10.05409
464.346,1788243193.792281,1788243192.903199,-889.082,120.852,-0.66568,-10.05409
464.443,1788243193.896242,1788243193.000009,-896.233,96.81,-0.66568,-10.05409
464.536,1788243193.999591,1788243193.092587,-907.004,92.578,-0.66568,-10.05409
464.639,1788243194.103284,1788243193.195619,-907.665,103.032,-0.66568,-10.05409
464.746,1788243194.206817,1788243193.303163,-903.655,107.543,-0.66568,-10.05409
464.853,1788243194.310687,1788243193.409305,-901.382,106.143,-0.66568,-10.05409
464.954,1788243194.414335,1788243193.510705,-903.629,101.4,-0.66568,-10.05409
465.06,1788243194.518033,1788243193.616884,-901.149,106.179,-0.66568,-10.05409
465.164,1788243194.621564,1788243193.720875,-900.689,103.991,-0.66568,-10.05409
465.266,1788243194.72652,1788243193.822458,-904.062,101.583,-0.66568,-10.05409
465.368,1788243194.829897,1788243193.924506,-905.391,102.048,-0.66568,-10.05409
465.472,1788243194.933508,1788243194.029263,-904.245,104.757,-0.59091,-10.24418
465.572,1788243195.037046,1788243194.128647,-908.399,99.384,-0.59091,-10.24418
465.679,1788243195.140463,1788243194.235501,-904.962,106.853,-0.59091,-10.24418
465.78,1788243195.243948,1788243194.336774,-907.174,101.274,-0.59091,-10.24418
465.884,1788243195.347398,1788243194.440456,-906.942,103.681,-0.59091,-10.24418
465.987,1788243195.450796,1788243194.54342,-907.377,102.964,-0.59091,-10.24418
466.092,1788243195.554317,1788243194.649088,-905.229,105.668,-0.59091,-10.24418
466.194,1788243195.657807,1788243194.750816,-906.991,101.729,-0.59091,-10.24418
466.302,1788243195.762473,1788243194.858898,-903.574,108.082,-0.59091,-10.24418
466.402,1788243195.865078,1788243194.959062,-906.016,100.164,-0.59091,-10.24418
466.508,1788243195.968555,1788243195.065001,-903.554,105.938,-0.59091,-10.24418
466.675,1788243196.07205,1788243195.231843,-840.207,166.843,-0.59091,-10.24418
466.721,1788243196.175549,1788243195.277876,-897.673,46.033,-0.59091,-10.24418
466.817,1788243196.278938,1788243195.373731,-905.207,95.855,-0.59091,-10.24418
466.922,1788243196.382813,1788243195.479168,-903.646,105.437,-0.59091,-10.24418
467.066,1788243196.488383,1788243195.622918,-865.466,143.75,-0.59091,-10.24418
467.131,1788243196.5905,1788243195.688191,-902.308,65.274,-0.59091,-10.24418
467.23,1788243196.693579,1788243195.786754,-906.825,98.562,-0.59091,-10.24418
467.405,1788243196.797268,1788243195.961299,-835.968,174.546,-0.59091,-10.24418
467.436,1788243196.901294,1788243195.993059,-908.236,31.76,-0.59091,-10.24418
467.545,1788243197.004246,1788243196.101289,-902.956,108.23,-0.41875,-11.05007
467.644,1788243197.107958,1788243196.201252,-906.705,99.963,-0.41875,-11.05007
467.748,1788243197.21156,1788243196.304771,-906.789,103.519,-0.41875,-11.05007
467.851,1788243197.315236,1788243196.40758,-907.655,102.809,-0.41875,-11.05007
467.956,1788243197.418867,1788243196.512821,-906.046,105.241,-0.41875,-11.05007
468.058,1788243197.522695,1788243196.615165,-907.53,102.344,-0.41875,-11.05007
468.161,1788243197.626303,1788243196.717684,-908.619,102.519,-0.41875,-11.05007
468.267,1788243197.729573,1788243196.823377,-906.196,105.693,-0.41875,-11.05007
468.372,1788243197.833051,1788243196.928521,-904.53,105.143,-0.41875,-11.05007
468.474,1788243197.936785,1788243197.030565,-906.22,102.044,-0.41875,-11.05007
468.576,1788243198.040126,1788243197.133189,-906.937,102.625,-0.41875,-11.05007
468.679,1788243198.143798,1788243197.236045,-907.754,102.855,-0.41875,-11.05007
468.784,1788243198.247479,1788243197.341085,-906.394,105.04,-0.41875,-11.05007
468.901,1788243198.351705,1788243197.458034,-893.672,116.949,-0.41875,-11.05007
468.995,1788243198.454894,1788243197.551323,-903.571,93.289,-0.41875,-11.05007
469.093,1788243198.558567,1788243197.650093,-908.474,98.771,-0.41875,-11.05007
469.198,1788243198.662077,1788243197.754596,-907.481,104.503,-0.41875,-11.05007
469.301,1788243198.765923,1788243197.857783,-908.14,103.187,-0.41875,-11.05007
469.407,1788243198.869474,1788243197.963796,-905.678,106.013,-0.41875,-11.05007
469.51,1788243198.972874,1788243198.067251,-905.622,103.456,-0.41875,-11.05007
469.618,1788243199.076924,1788243198.174916,-902.008,107.665,-0.38604,-11.03452
469.721,1788243199.180346,1788243198.277746,-902.599,102.83,-0.38604,-11.03452
469.819,1788243199.284131,1788243198.376079,-908.052,98.332,-0.38604,-11.03452
469.932,1788243199.387686,1788243198.48873,-898.956,112.651,-0.38604,-11.03452
470.034,1788243199.491569,1788243198.591161,-900.408,102.432,-0.38604,-11.03452
470.131,1788243199.595607,1788243198.6876,-908.007,96.439,-0.38604,-11.03452
470.234,1788243199.699087,1788243198.791144,-907.942,103.544,-0.38604,-11.03452
470.337,1788243199.80264,1788243198.893737,-908.904,102.592,-0.38604,-11.03452
470.442,1788243199.906308,1788243198.99907,-907.239,105.333,-0.38604,-11.03452
470.548,1788243200.00992,1788243199.104908,-905.012,105.838,-0.38604,-11.03452
470.649,1788243200.113557,1788243199.206143,-907.414,101.235,-0.38604,-11.03452
470.752,1788243200.217076,1788243199.309008,-908.068,102.865,-0.38604,-11.03452
470.859,1788243200.320648,1788243199.415654,-904.994,106.646,-0.38604,-11.03452
470.962,1788243200.424418,1788243199.519247,-905.171,103.593,-0.38604,-11.03452
471.068,1788243200.5281,1788243199.62458,-903.52,105.333,-0.38604,-11.03452
471.168,1788243200.632461,1788243199.724964,-907.498,100.384,-0.38604,-11.03452
471.271,1788243200.735211,1788243199.827969,-907.242,103.005,-0.38604,-11.03452
471.376,1788243200.838794,1788243199.933238,-905.556,105.269,-0.38604,-11.03452
471.477,1788243200.942461,1788243200.034027,-908.434,100.79,-0.38604,-11.03452
471.581,1788243201.046138,1788243200.137961,-908.177,103.934,-0.38604,-11.03452
471.692,1788243201.149929,1788243200.24899,-900.939,111.029,-0.33663,-11.16108
471.789,1788243201.253972,1788243200.346213,-907.759,97.223,-0.33663,-11.16108
471.914,1788243201.357484,1788243200.471241,-886.244,125.028,-0.33663,-11.16108
472.001,1788243201.46108,1788243200.557435,-903.645,86.194,-0.33663,-11.16108
472.102,1788243201.564869,1788243200.658458,-906.411,101.022,-0.33663,-11.16108
472.207,1788243201.66849,1788243200.763452,-905.038,104.994,-0.33663,-11.16108
472.31,1788243201.771955,1788243200.866958,-904.997,103.506,-0.33663,-11.16108
472.411,1788243201.876058,1788243200.967531,-908.526,100.574,-0.33663,-11.16108
472.516,1788243201.979509,1788243201.073119,-906.389,105.588,-0.33663,-11.16108
472.622,1788243202.084689,1788243201.179014,-905.675,105.894,-0.33663,-11.16108
472.726,1788243202.187104,1788243201.283225,-903.88,104.211,-0.33663,-11.16108
472.847,1788243202.290576,1788243201.403875,-886.701,120.651,-0.33663,-11.16108
472.959,1788243202.39522,1788243201.515374,-879.846,111.499,-0.33663,-11.16108
473.037,1788243202.498387,1788243201.594181,-904.206,78.806,-0.33663,-11.16108
473.145,1788243202.602119,1788243201.701286,-900.833,107.105,-0.33663,-11.16108
473.245,1788243202.705803,1788243201.801424,-904.379,100.138,-0.33663,-11.16108
473.347,1788243202.809383,1788243201.904229,-905.154,102.805,-0.33663,-11.16108
473.458,1788243202.913054,1788243202.014899,-898.154,110.67,-0.33663,-11.16108
473.556,1788243203.016946,1788243202.112872,-904.074,97.973,-0.33663,-11.16108
473.662,1788243203.120382,1788243202.219123,-901.259,106.251,-0.33663,-11.16108
473.768,1788243203.22512,1788243202.324844,-900.276,105.721,-0.31789,-11.0741
473.866,1788243203.32805,1788243202.422802,-905.248,97.958,-0.31789,-11.0741
473.973,1788243203.431827,1788243202.530272,-901.555,107.47,-0.31789,-11.0741
474.071,1788243203.53579,1788243202.627997,-907.793,97.725,-0.31789,-11.0741
474.175,1788243203.639228,1788243202.732238,-906.989,104.241,-0.31789,-11.0741
474.279,1788243203.74287,1788243202.835682,-907.187,103.444,-0.31789,-11.0741
474.383,1788243203.846794,1788243202.939875,-906.919,104.193,-0.31789,-11.0741
474.486,1788243203.950392,1788243203.043187,-907.204,103.312,-0.31789,-11.0741
474.59,1788243204.054283,1788243203.146358,-907.925,103.171,-0.31789,-11.0741
474.696,1788243204.157815,1788243203.252952,-904.863,106.594,-0.31789,-11.0741
474.798,1788243204.261894,1788243203.354642,-907.253,101.69,-0.31789,-11.0741
474.901,1788243204.365582,1788243203.457485,-908.097,102.843,-0.31789,-11.0741
475.005,1788243204.469162,1788243203.561738,-907.424,104.253,-0.31789,-11.0741
475.11,1788243204.572883,1788243203.6664,-906.483,104.662,-0.31789,-11.0741
475.212,1788243204.676676,1788243203.768905,-907.77,102.505,-0.31789,-11.0741
475.321,1788243204.780408,1788243203.87801,-902.398,109.105,-0.31789,-11.0741
475.438,1788243204.883966,1788243203.994779,-889.187,116.769,-0.31789,-11.0741
475.527,1788243204.987845,1788243204.083571,-904.274,88.792,-0.31789,-11.0741
475.633,1788243205.091341,1788243204.189785,-901.556,106.214,-0.31789,-11.0741
475.733,1788243205.194982,1788243204.29021,-904.772,100.425,-0.31789,-11.0741
475.844,1788243205.298451,1788243204.400364,-898.088,110.154,-0.30936,-11.07036
475.938,1788243205.403334,1788243204.494845,-908.489,94.481,-0.30936,-11.07036
476.041,1788243205.505871,1788243204.598151,-907.72,103.306,-0.30936,-11.07036
476.149,1788243205.60949,1788243204.70617,-903.32,108.019,-0.30936,-11.07036
476.25,1788243205.713016,1788243204.806328,-906.688,100.158,-0.30936,-11.07036
476.353,1788243205.816854,1788243204.909647,-907.207,103.318,-0.30936,-11.07036
476.46,1788243205.920567,1788243205.016893,-903.675,107.246,-0.30936,-11.07036
476.56,1788243206.024621,1788243205.116825,-907.796,99.932,-0.30936,-11.07036
476.665,1788243206.127541,1788243205.221594,-905.947,104.769,-0.30936,-11.07036
476.771,1788243206.231273,1788243205.327637,-903.636,106.043,-0.30936,-11.07036
476.871,1788243206.335399,1788243205.428216,-907.183,100.579,-0.30936,-11.07036
476.978,1788243206.438509,1788243205.534496,-904.012,106.281,-0.30936,-11.07036
477.077,1788243206.542214,1788243205.634211,-908.002,99.715,-0.30936,-11.07036
477.182,1788243206.645497,1788243205.738837,-906.66,104.626,-0.30936,-11.07036
477.286,1788243206.749366,1788243205.842842,-906.524,104.004,-0.30936,-11.07036
477.391,1788243206.852837,1788243205.948089,-904.748,105.247,-0.30936,-11.07036
477.494,1788243206.956561,1788243206.050714,-905.847,102.626,-0.30936,-11.07036
477.596,1788243207.060213,1788243206.152623,-907.589,101.909,-0.30936,-11.07036
477.7,1788243207.163821,1788243206.256393,-907.428,103.77,-0.30936,-11.07036
477.803,1788243207.267471,1788243206.359519,-907.953,103.126,-0.30936,-11.07036
477.913,1788243207.37096,1788243206.469572,-901.388,110.054,-0.14166,-11.83191
478.012,1788243207.475045,1788243206.568989,-906.057,99.416,-0.14166,-11.83191
478.117,1788243207.578539,1788243206.6733,-905.24,104.311,-0.14166,-11.83191
478.219,1788243207.682147,1788243206.776033,-906.114,102.733,-0.14166,-11.83191
478.331,1788243207.785755,1788243206.887399,-898.356,111.366,-0.14166,-11.83191
478.432,1788243207.889548,1788243206.989223,-900.325,101.824,-0.14166,-11.83191
478.535,1788243207.993242,1788243207.092231,-901.011,103.008,-0.14166,-11.83191
478.638,1788243208.096805,1788243207.195178,-901.627,102.947,-0.14166,-11.83191
478.736,1788243208.200417,1788243207.293136,-907.281,97.958,-0.14166,-11.83191
478.845,1788243208.304137,1788243207.402158,-901.979,109.022,-0.14166,-11.83191
478.943,1788243208.407947,1788243207.499576,-908.371,97.418,-0.14166,-11.83191
479.049,1788243208.511544,1788243207.606277,-905.266,106.702,-0.14166,-11.83191
479.151,1788243208.615464,1788243207.708066,-907.398,101.789,-0.14166,-11.83191
479.255,1788243208.719032,1788243207.811321,-907.712,103.254,-0.14166,-11.83191
479.365,1788243208.822689,1788243207.921366,-901.323,110.046,-0.14166,-11.83191
479.464,1788243208.927434,1788243208.020483,-906.951,99.117,-0.14166,-11.83191
479.571,1788243209.030318,1788243208.127914,-902.404,107.43,-0.14166,-11.83191
479.672,1788243209.133739,1788243208.228649,-905.09,100.735,-0.14166,-11.83191
479.774,1788243209.237519,1788243208.330464,-907.055,101.815,-0.14166,-11.83191
479.877,1788243209.341161,1788243208.433695,-907.467,103.231,-0.14166,-11.83191
479.98,1788243209.444931,1788243208.536788,-908.143,103.093,-0.14166,-11.83191
480.091,1788243209.548536,1788243208.647491,-901.045,110.703,-0.14166,-11.83191
480.194,1788243209.65229,1788243208.751162,-901.129,103.671,-0.14166,-11.83191
480.297,1788243209.756851,1788243208.854042,-902.81,102.88,-0.14166,-11.83191
480.398,1788243209.860669,1788243208.955146,-905.522,101.105,-0.14166,-11.83191
480.503,1788243209.964009,1788243209.059564,-904.445,104.417,-0.14166,-11.83191
480.605,1788243210.067398,1788243209.162014,-905.385,102.45,-0.14166,-11.83191
480.709,1788243210.171067,1788243209.265516,-905.551,103.503,-0.14166,-11.83191
480.811,1788243210.275158,1788243209.368088,-907.071,102.571,-0.14166,-11.83191
480.953,1788243210.378764,1788243209.509902,-868.862,141.814,-0.14166,-11.83191
481.018,1788243210.482567,1788243209.574286,-908.281,64.384,-0.14166,-11.83191
481.124,1788243210.586746,1788243209.680363,-906.383,106.077,-0.14166,-11.83191
481.228,1788243210.689801,1788243209.784768,-905.033,104.405,-0.14166,-11.83191
481.338,1788243210.793593,1788243209.894715,-898.879,109.946,-0.10332,-11.79741
481.44,1788243210.897969,1788243209.996358,-901.611,101.643,-0.10332,-11.79741
481.539,1788243211.001961,1788243210.095845,-906.115,99.488,-0.10332,-11.79741
481.645,1788243211.104561,1788243210.202192,-902.369,106.347,-0.10332,-11.79741
481.748,1788243211.208124,1788243210.305084,-903.04,102.892,-0.10332,-11.79741
481.849,1788243211.311886,1788243210.40589,-905.996,100.805,-0.10332,-11.79741
481.959,1788243211.416045,1788243210.515548,-900.496,109.659,-0.10332,-11.79741
482.058,1788243211.519288,1788243210.615136,-904.151,99.588,-0.10332,-11.79741
482.176,1788243211.622961,1788243210.732524,-890.437,117.388,-0.10332,-11.79741
482.266,1788243211.72754,1788243210.822754,-904.786,90.23,-0.10332,-11.79741
482.368,1788243211.830382,1788243210.924814,-905.568,102.06,-0.10332,-11.79741
482.474,1788243211.934314,1788243211.030327,-903.986,105.514,-0.10332,-11.79741
482.575,1788243212.03817,1788243211.131431,-906.739,101.103,-0.10332,-11.79741
482.683,1788243212.142157,1788243211.239477,-902.679,108.047,0.14155,-12.71758
482.781,1788243212.245906,1788243211.337926,-907.98,98.449,0.14155,-12.71758
482.887,1788243212.349837,1788243211.443351,-906.486,105.425,0.14155,-12.71758
482.992,1788243212.453913,1788243211.548516,-905.398,105.165,0.14155,-12.71758
483.101,1788243212.558666,1788243211.657444,-901.223,108.928,0.27901,-13.18366
483.198,1788243212.66159,1788243211.754448,-907.142,97.005,0.27901,-13.18366
483.308,1788243212.765266,1788243211.865119,-900.147,110.671,0.27901,-13.18366
483.407,1788243212.868883,1788243211.96348,-905.403,98.361,0.27901,-13.18366
483.513,1788243212.97365,1788243212.069659,-903.992,106.179,0.38465,-13.51638
483.612,1788243213.076282,1788243212.168839,-907.444,99.18,0.38465,-13.51638
483.715,1788243213.179945,1788243212.272272,-907.673,103.433,0.38465,-13.51638
483.823,1788243213.28372,1788243212.379947,-903.772,107.676,0.38465,-13.51638
483.925,1788243213.387102,1788243212.482094,-905.007,102.147,0.3649,-13.42817
484.031,1788243213.49077,1788243212.58752,-903.25,105.425,0.3649,-13.42817
484.141,1788243213.594753,1788243212.697787,-896.966,110.267,0.3649,-13.42817
484.234,1788243213.698365,1788243212.791095,-907.27,93.308,0.3649,-13.42817
484.34,1788243213.801806,1788243212.896742,-905.065,105.646,0.3219,-13.35509
484.441,1788243213.906043,1788243212.997536,-908.507,100.795,0.3219,-13.35509
484.546,1788243214.008893,1788243213.102507,-906.387,104.97,0.3219,-13.35509
484.648,1788243214.112551,1788243213.204787,-907.764,102.281,0.3219,-13.35509
484.753,1788243214.216584,1788243213.309552,-907.032,104.764,0.31415,-13.1937
484.864,1788243214.320152,1788243213.420567,-899.585,111.015,0.31415,-13.1937
484.959,1788243214.423692,1788243213.515895,-907.797,95.328,0.31415,-13.1937
485.064,1788243214.527736,1788243213.620517,-907.219,104.622,0.31415,-13.1937
485.173,1788243214.63105,1788243213.729424,-901.627,108.907,0.35543,-13.23698
485.276,1788243214.734741,1788243213.832349,-902.392,102.925,0.35543,-13.23698
485.373,1788243214.838273,1788243213.930017,-908.256,97.668,0.35543,-13.23698
485.485,1788243214.941913,1788243214.041324,-900.589,111.308,0.35543,-13.23698
485.588,1788243215.046645,1788243214.144689,-901.955,103.365,0.37078,-13.21705
485.706,1788243215.149163,1788243214.262366,-886.796,117.677,0.37078,-13.21705
485.794,1788243215.252761,1788243214.350681,-902.08,88.315,0.37078,-13.21705
485.892,1788243215.356676,1788243214.448881,-907.795,98.2,0.37078,-13.21705
485.997,1788243215.460783,1788243214.553908,-906.875,105.027,0.23377,-12.77434
486.099,1788243215.563583,1788243214.655426,-908.157,101.518,0.23377,-12.77434
486.203,1788243215.667292,1788243214.759581,-907.711,104.155,0.23377,-12.77434
486.314,1788243215.771047,1788243214.870863,-900.184,111.282,0.23377,-12.77434
486.414,1788243215.874707,1788243214.970877,-903.83,100.014,0.17742,-12.54946
486.522,1788243215.978209,1788243215.078377,-899.832,107.5,0.17742,-12.54946
486.617,1788243216.081969,1788243215.173486,-908.484,95.108,0.17742,-12.54946
486.73,1788243216.185325,1788243215.286692,-898.633,113.206,0.17742,-12.54946
486.829,1788243216.288928,1788243215.385678,-903.249,98.987,0.17742,-12.54946
486.933,1788243216.392491,1788243215.489636,-902.855,103.958,0.11651,-12.32664
487.039,1788243216.49728,1788243215.596094,-901.186,106.458,0.11651,-12.32664
487.135,1788243216.600383,1788243215.692196,-908.187,96.102,0.11651,-12.32664
487.239,1788243216.703684,1788243215.796252,-907.431,104.057,0.11651,-12.32664
487.342,1788243216.806904,1788243215.898652,-908.252,102.4,0.11651,-12.32664
487.445,1788243216.909908,1788243216.001579,-908.329,102.927,0.11651,-12.32664
487.548,1788243217.013068,1788243216.10456,-908.508,102.981,0.11651,-12.32664
487.651,1788243217.116326,1788243216.208003,-908.324,103.442,0.11651,-12.32664
487.758,1788243217.219734,1788243216.315029,-904.706,107.026,0.11651,-12.32664
487.864,1788243217.322976,1788243216.420925,-902.051,105.897,0.11651,-12.32664
487.963,1788243217.426605,1788243216.519495,-907.109,98.57,0.11651,-12.32664
488.076,1788243217.530921,1788243216.632757,-898.164,113.262,0.11651,-12.32664
488.175,1788243217.633775,1788243216.73139,-902.385,98.632,0.11651,-12.32664
488.273,1788243217.737749,1788243216.829591,-908.158,98.202,0.11651,-12.32664
488.376,1788243217.840775,1788243216.932803,-907.972,103.212,0.11651,-12.32664
488.494,1788243217.944643,1788243217.050441,-894.201,117.638,0.11651,-12.32664
488.598,1788243218.048215,1788243217.154801,-893.414,104.36,0.00156,-11.67937
488.697,1788243218.152138,1788243217.253583,-898.555,98.782,0.00156,-11.67937
488.791,1788243218.255703,1788243217.348272,-907.432,94.689,0.00156,-11.67937
488.904,1788243218.359313,1788243217.461,-898.314,112.728,0.00156,-11.67937
489.004,1788243218.462984,1788243217.561238,-901.746,100.239,0.00156,-11.67937
489.102,1788243218.566904,1788243217.658282,-908.622,97.044,0.00156,-11.67937
489.211,1788243218.670347,1788243217.768102,-902.245,109.82,0.00156,-11.67937
489.311,1788243218.774057,1788243217.868243,-905.814,100.141,0.00156,-11.67937
489.418,1788243218.877784,1788243217.974856,-902.928,106.613,0.00156,-11.67937
489.518,1788243218.981299,1788243218.075185,-906.115,100.329,0.00156,-11.67937
489.627,1788243219.084845,1788243218.18352,-901.325,108.336,0.00156,-11.67937
489.784,1788243219.188392,1788243218.340719,-847.672,157.199,0.00156,-11.67937
489.841,1788243219.291949,1788243218.397828,-894.12,57.109,0.00156,-11.67937
489.939,1788243219.396856,1788243218.496107,-900.749,98.279,0.00156,-11.67937
490.05,1788243219.499631,1788243218.607212,-892.419,111.105,0.00156,-11.67937
490.15,1788243219.603262,1788243218.706891,-896.372,99.679,0.00156,-11.67937
490.256,1788243219.706918,1788243218.81277,-894.148,105.879,0.03975,-11.78468
490.354,1788243219.810726,1788243218.911211,-899.515,98.442,0.03975,-11.78468
490.457,1788243219.914679,1788243219.014017,-900.662,102.806,0.03975,-11.78468
490.557,1788243220.018135,1788243219.113283,-904.851,99.267,0.03975,-11.78468
490.665,1788243220.121903,1788243219.221416,-900.487,108.132,0.03975,-11.78468
490.767,1788243220.225983,1788243219.324267,-901.717,102.851,0.03975,-11.78468
490.866,1788243220.330466,1788243219.422479,-907.987,98.213,0.03975,-11.78468
490.969,1788243220.433917,1788243219.525325,-908.593,102.845,0.03975,-11.78468
491.072,1788243220.536881,1788243219.628425,-908.456,103.101,0.03975,-11.78468
491.177,1788243220.640639,1788243219.733499,-907.139,105.074,0.03975,-11.78468
491.284,1788243220.744517,1788243219.841185,-903.332,107.686,0.03975,-11.78468
491.384,1788243220.848367,1788243219.94067,-907.698,99.484,0.03975,-11.78468
491.489,1788243220.951921,1788243220.045516,-906.405,104.847,0.03975,-11.78468
491.596,1788243221.055816,1788243220.152517,-903.299,107.0,0.03975,-11.78468
491.696,1788243221.159612,1788243220.252538,-907.074,100.021,0.03975,-11.78468
491.801,1788243221.263047,1788243220.357592,-905.454,105.054,0.02244,-11.61693
491.902,1788243221.366908,1788243220.45916,-907.748,101.567,0.02244,-11.61693
492.007,1788243221.470348,1788243220.563451,-906.897,104.291,0.02244,-11.61693
492.111,1788243221.574368,1788243220.667348,-907.02,103.898,0.02244,-11.61693
492.215,1788243221.677903,1788243220.771884,-906.019,104.536,0.02244,-11.61693
492.322,1788243221.781473,1788243220.878459,-903.014,106.575,0.02244,-11.61693
492.422,1788243221.885217,1788243220.978634,-906.583,100.174,0.02244,-11.61693
492.527,1788243221.988946,1788243221.084208,-904.738,105.574,0.02244,-11.61693
492.63,1788243222.092438,1788243221.187142,-905.296,102.934,0.02244,-11.61693
492.735,1788243222.196119,1788243221.291432,-904.687,104.291,0.02244,-11.61693
492.84,1788243222.299453,1788243221.397265,-902.188,105.833,0.02244,-11.61693
492.938,1788243222.403333,1788243221.495075,-908.259,97.81,0.02244,-11.61693
493.042,1788243222.506908,1788243221.599153,-907.756,104.078,0.02244,-11.61693
493.146,1788243222.610379,1788243221.702943,-907.436,103.79,0.02244,-11.61693
493.253,1788243222.714503,1788243221.809711,-904.792,106.769,0.02244,-11.61693
493.357,1788243222.818003,1788243221.914061,-903.942,104.35,0.02244,-11.61693
493.462,1788243222.921838,1788243222.018334,-903.503,104.273,0.01637,-11.61811
493.561,1788243223.025693,1788243222.118142,-907.552,99.808,0.01637,-11.61811
493.668,1788243223.128954,1788243222.225136,-903.819,106.994,0.01637,-11.61811
493.77,1788243223.232366,1788243222.32728,-905.086,102.145,0.01637,-11.61811
493.877,1788243223.335894,1788243222.433491,-902.403,106.21,0.01637,-11.61811
493.974,1788243223.439505,1788243222.531186,-908.319,97.695,0.01637,-11.61811
494.086,1788243223.54297,1788243222.643186,-899.785,112.0,0.01637,-11.61811
494.188,1788243223.646724,1788243222.744335,-902.389,101.15,0.01637,-11.61811
494.288,1788243223.750531,1788243222.844895,-905.637,100.559,0.01637,-11.61811
494.394,1788243223.853996,1788243222.950429,-903.567,105.534,0.01637,-11.61811
494.493,1788243223.957585,1788243223.050268,-907.317,99.839,0.01637,-11.61811
494.599,1788243224.061094,1788243223.156055,-905.039,105.787,0.01637,-11.61811
494.705,1788243224.164973,1788243223.262208,-902.765,106.153,0.01637,-11.61811
494.813,1788243224.268455,1788243223.369961,-898.493,107.753,0.01637,-11.61811
494.917,1788243224.372078,1788243223.473484,-898.594,103.523,0.01637,-11.61811
495.016,1788243224.475924,1788243223.572455,-903.469,98.971,0.01637,-11.61811
495.122,1788243224.579812,1788243223.678869,-900.943,106.414,0.19522,-12.44782
495.22,1788243224.682858,1788243223.777191,-905.666,98.322,0.19522,-12.44782
495.323,1788243224.786733,1788243223.879772,-906.961,102.581,0.19522,-12.44782
495.43,1788243224.889921,1788243223.986905,-903.016,107.134,0.19522,-12.44782
495.536,1788243224.995957,1788243224.092809,-903.147,105.904,0.19522,-12.44782
495.635,1788243225.09821,1788243224.191359,-906.851,98.55,0.19522,-12.44782
495.736,1788243225.201482,1788243224.292762,-908.72,101.402,0.19522,-12.44782
495.847,1788243225.304936,1788243224.403567,-901.369,110.806,0.19522,-12.44782
495.945,1788243225.408474,1788243224.501918,-906.556,98.351,0.19522,-12.44782
496.05,1788243225.512203,1788243224.60629,-905.912,104.372,0.19522,-12.44782
496.177,1788243225.615966,1788243224.733431,-882.535,127.141,0.19522,-12.44782
496.258,1788243225.719286,1788243224.814437,-904.849,81.006,0.19522,-12.44782
496.364,1788243225.823203,1788243224.921119,-902.083,106.683,0.19522,-12.44782
496.463,1788243225.926917,1788243225.020064,-906.852,98.945,0.19522,-12.44782
496.569,1788243226.030304,1788243225.126117,-904.186,106.053,0.19522,-12.44782
496.679,1788243226.134061,1788243225.235638,-898.423,109.52,0.13722,-12.09137
496.775,1788243226.237733,1788243225.332055,-905.678,96.417,0.13722,-12.09137
496.878,1788243226.341283,1788243225.434999,-906.283,102.944,0.13722,-12.09137
496.983,1788243226.445086,1788243225.540104,-904.982,105.105,0.13722,-12.09137
497.09,1788243226.54876,1788243225.646472,-902.288,106.368,0.13722,-12.09137
497.192,1788243226.652517,1788243225.748533,-903.985,102.061,0.13722,-12.09137
497.333,1788243226.756534,1788243225.889743,-866.791,141.211,0.13722,-12.09137
497.401,1788243226.860106,1788243225.95802,-902.086,68.277,0.13722,-12.09137
497.505,1788243226.963888,1788243226.062138,-901.75,104.118,0.13722,-12.09137
497.602,1788243227.067598,1788243226.159266,-908.332,97.128,0.13722,-12.09137
497.711,1788243227.170999,1788243226.267286,-903.714,108.019,0.13722,-12.09137
497.822,1788243227.274847,1788243226.378589,-896.258,111.303,0.13722,-12.09137
497.926,1788243227.378416,1788243226.482631,-895.784,104.043,0.13722,-12.09137
498.023,1788243227.481996,1788243226.580061,-901.935,97.43,0.13722,-12.09137
498.126,1788243227.585584,1788243226.682413,-903.171,102.352,0.13722,-12.09137
498.242,1788243227.689346,1788243226.799194,-890.152,116.781,0.13722,-12.09137
498.34,1788243227.793285,1788243226.896768,-896.517,97.574,0.04484,-11.45624
498.436,1788243227.896897,1788243226.992639,-904.258,95.871,0.04484,-11.45624
498.543,1788243228.00031,1788243227.099624,-900.686,106.985,0.04484,-11.45624
498.647,1788243228.10389,1788243227.203512,-900.378,103.888,0.04484,-11.45624
498.745,1788243228.207037,1788243227.302237,-904.8,98.725,0.04484,-11.45624
498.848,1788243228.31171,1788243227.404387,-907.323,102.15,0.04484,-11.45624
498.954,1788243228.414856,1788243227.511254,-903.603,106.867,0.04484,-11.45624
499.06,1788243228.518712,1788243227.616863,-901.849,105.609,0.04484,-11.45624
499.159,1788243228.622486,1788243227.716155,-906.331,99.292,0.04484,-11.45624
499.267,1788243228.726253,1788243227.824206,-902.047,108.051,0.04484,-11.45624
499.366,1788243228.829442,1788243227.923243,-906.199,99.038,0.04484,-11.45624
499.472,1788243228.932901,1788243228.028908,-903.993,105.664,0.04484,-11.45624
499.573,1788243229.036923,1788243228.129297,-907.626,100.389,0.04484,-11.45624
499.68,1788243229.140386,1788243228.236859,-903.527,107.562,0.04484,-11.45624
499.788,1788243229.243996,1788243228.344947,-899.048,108.089,0.04484,-11.45624
499.891,1788243229.347824,1788243228.448139,-899.685,103.192,0.04484,-11.45624
499.994,1788243229.451656,1788243228.550374,-901.282,102.234,0.00487,-11.24718
500.096,1788243229.555298,1788243228.652838,-902.46,102.464,0.00487,-11.24718
500.199,1788243229.659144,1788243228.756237,-902.907,103.399,0.00487,-11.24718
500.3,1788243229.762792,1788243228.856345,-906.446,100.108,0.00487,-11.24718
500.416,1788243229.866396,1788243228.97242,-893.976,116.075,0.00487,-11.24718
500.508,1788243229.969872,1788243229.064488,-905.384,92.067,0.00487,-11.24718
500.659,1788243230.073966,1788243229.215909,-858.057,151.421,0.00487,-11.24718
500.714,1788243230.177375,1788243229.27065,-906.725,54.741,0.00487,-11.24718
500.839,1788243230.281007,1788243229.395765,-885.242,125.115,0.00487,-11.24718
500.972,1788243230.384866,1788243229.528859,-856.007,133.094,0.00487,-11.24718
501.026,1788243230.488412,1788243229.582465,-905.947,53.606,0.00487,-11.24718
501.138,1788243230.592067,1788243229.695192,-896.874,112.727,0.00487,-11.24718
501.236,1788243230.696302,1788243229.793106,-903.196,97.914,0.00487,-11.24718
501.338,1788243230.799578,1788243229.894737,-904.842,101.63,0.00487,-11.24718
501.449,1788243230.903206,1788243230.006179,-897.027,111.442,0.00487,-11.24718
501.542,1788243231.006934,1788243230.099216,-907.718,93.038,0.00487,-11.24718
501.651,1788243231.110385,1788243230.207546,-902.838,108.33,0.15881,-12.02493
501.749,1788243231.214345,1788243230.305941,-908.404,98.395,0.15881,-12.02493
501.853,1788243231.317777,1788243230.410217,-907.559,104.276,0.15881,-12.02493
501.962,1788243231.42147,1788243230.519042,-902.428,108.824,0.15881,-12.02493
502.067,1788243231.525153,1788243230.623587,-901.566,104.545,0.15881,-12.02493
502.171,1788243231.628895,1788243230.727609,-901.286,104.022,0.15881,-12.02493
502.275,1788243231.732483,1788243230.831468,-901.016,103.859,0.15881,-12.02493
502.377,1788243231.836236,1788243230.934075,-902.161,102.607,0.15881,-12.02493
502.476,1788243231.93993,1788243231.032345,-907.586,98.269,0.15881,-12.02493
502.581,1788243232.043586,1788243231.137762,-905.824,105.417,0.15881,-12.02493
502.688,1788243232.148471,1788243231.244952,-903.519,107.19,0.15881,-12.02493
502.792,1788243232.250891,1788243231.34919,-901.7,104.239,0.15881,-12.02493
502.903,1788243232.354686,1788243231.460215,-894.471,111.024,0.15881,-12.02493
502.994,1788243232.458957,1788243231.551022,-907.935,90.807,0.15881,-12.02493
503.098,1788243232.562642,1788243231.654578,-908.064,103.556,0.15881,-12.02493
503.21,1788243232.666058,1788243231.766995,-899.063,112.417,0.39392,-13.0684
503.308,1788243232.769825,1788243231.864995,-904.83,98.0,0.39392,-13.0684
503.416,1788243232.873366,1788243231.973026,-900.34,108.031,0.39392,-13.0684
503.517,1788243232.97741,1788243232.073492,-903.919,100.466,0.39392,-13.0684
503.617,1788243233.080776,1788243232.173626,-907.15,100.135,0.39392,-13.0684
503.723,1788243233.184033,1788243232.279353,-904.68,105.726,0.39392,-13.0684
503.827,1788243233.288023,1788243232.383962,-904.061,104.609,0.39392,-13.0684
503.935,1788243233.391642,1788243232.491895,-899.747,107.933,0.39392,-13.0684
504.036,1788243233.495657,1788243232.592754,-902.903,100.859,0.39392,-13.0684
504.135,1788243233.599103,1788243232.691829,-907.274,99.075,0.39392,-13.0684
504.244,1788243233.702705,1788243232.800718,-901.988,108.889,0.39392,-13.0684
504.347,1788243233.80614,1788243232.904049,-902.091,103.331,0.39392,-13.0684
504.449,1788243233.909776,1788243233.005834,-903.941,101.785,0.39392,-13.0684
504.549,1788243234.013344,1788243233.105419,-907.925,99.585,0.39392,-13.0684
504.661,1788243234.117104,1788243233.217844,-899.259,112.425,0.39392,-13.0684
504.767,1788243234.220645,1788243233.323879,-896.766,106.035,0.51728,-13.48959
504.896,1788243234.324712,1788243233.452609,-872.103,128.73,0.51728,-13.48959
504.972,1788243234.428122,1788243233.528654,-899.468,76.044,0.51728,-13.48959
505.078,1788243234.531744,1788243233.634377,-897.367,105.723,0.51728,-13.48959
505.178,1788243234.635683,1788243233.734392,-901.29,100.015,0.51728,-13.48959
505.275,1788243234.739053,1788243233.831909,-907.143,97.517,0.51728,-13.48959
505.379,1788243234.842768,1788243233.93531,-907.458,103.401,0.51728,-13.48959
505.488,1788243234.946162,1788243234.044817,-901.345,109.507,0.51728,-13.48959
505.601,1788243235.050127,1788243234.15778,-892.347,112.963,0.51728,-13.48959
505.691,1788243235.153976,1788243234.248103,-905.873,90.323,0.51728,-13.48959
505.799,1788243235.257818,1788243234.355736,-902.082,107.634,0.51728,-13.48959
505.905,1788243235.361274,1788243234.461395,-899.88,105.658,0.51728,-13.48959
506.001,1788243235.464618,1788243234.558221,-906.397,96.827,0.51728,-13.48959
506.107,1788243235.568845,1788243234.663793,-905.053,105.571,0.51728,-13.48959
506.218,1788243235.672615,1788243234.775183,-897.432,111.391,0.51728,-13.48959
506.325,1788243235.776354,1788243234.881572,-894.782,106.389,0.57493,-13.62224
506.419,1788243235.879934,1788243234.975378,-904.557,93.806,0.57493,-13.62224
506.537,1788243235.983679,1788243235.093589,-890.09,118.212,0.57493,-13.62224
506.638,1788243236.087354,1788243235.194772,-892.582,101.182,0.57493,-13.62224
506.737,1788243236.19076,1788243235.294207,-896.553,99.436,0.57493,-13.62224
506.835,1788243236.295578,1788243235.391757,-903.821,97.549,0.57493,-13.62224
506.94,1788243236.398478,1788243235.497106,-901.372,105.35,0.57493,-13.62224
507.042,1788243236.502337,1788243235.598576,-903.761,101.47,0.57493,-13.62224
507.159,1788243236.605355,1788243235.716172,-889.183,117.597,0.57493,-13.62224
507.245,1788243236.708766,1788243235.802176,-906.59,86.004,0.57493,-13.62224
507.351,1788243236.812368,1788243235.90826,-904.108,106.084,0.57493,-13.62224
507.464,1788243236.9161,1788243236.021084,-895.016,112.824,0.57493,-13.62224
507.566,1788243237.019869,1788243236.122951,-896.918,101.867,0.57493,-13.62224
507.667,1788243237.12372,1788243236.22381,-899.91,100.859,0.57493,-13.62224
507.768,1788243237.227942,1788243236.32511,-902.833,101.3,0.57493,-13.62224
507.868,1788243237.331272,1788243236.424441,-906.831,99.331,0.57493,-13.62224
507.978,1788243237.435131,1788243236.535159,-899.972,110.718,0.82603,-14.54733
508.08,1788243237.538771,1788243236.636857,-901.914,101.698,0.82603,-14.54733
508.18,1788243237.642331,1788243236.737218,-905.113,100.361,0.82603,-14.54733
508.283,1788243237.745906,1788243236.839357,-906.549,102.139,0.82603,-14.54733
508.393,1788243237.849522,1788243236.950178,-899.344,110.821,0.82603,-14.54733
508.502,1788243237.952952,1788243237.058941,-894.011,108.763,0.82603,-14.54733
508.604,1788243238.056979,1788243237.160635,-896.344,101.694,0.82603,-14.54733
508.698,1788243238.160551,1788243237.2544,-906.15,93.766,0.82603,-14.54733
508.802,1788243238.264497,1788243237.358322,-906.174,103.922,0.82603,-14.54733
508.911,1788243238.368037,1788243237.467584,-900.453,109.262,0.82603,-14.54733
509.021,1788243238.471954,1788243237.577507,-894.448,109.923,0.82603,-14.54733
509.117,1788243238.575589,1788243237.673484,-902.106,95.977,0.82603,-14.54733
509.22,1788243238.679236,1788243237.776463,-902.773,102.979,0.82603,-14.54733
509.35,1788243238.783057,1788243237.906788,-876.269,130.325,0.82603,-14.54733
509.429,1788243238.887658,1788243237.985383,-902.276,78.595,0.82603,-14.54733
509.589,1788243238.990931,1788243238.145595,-845.336,160.212,0.82603,-14.54733
509.64,1788243239.094555,1788243238.197045,-897.51,51.45,0.85777,-14.59778
509.784,1788243239.198247,1788243238.340443,-857.804,143.398,0.85777,-14.59778
509.843,1788243239.301729,1788243238.399354,-902.376,58.911,0.85777,-14.59778
509.95,1788243239.405515,1788243238.506465,-899.05,107.111,0.85777,-14.59778
510.051,1788243239.509146,1788243238.6077,-901.446,101.235,0.85777,-14.59778
510.156,1788243239.613253,1788243238.712312,-900.94,104.612,0.85777,-14.59778
510.261,1788243239.717012,1788243238.81752,-899.493,105.207,0.85777,-14.59778
510.359,1788243239.82054,1788243238.915952,-904.588,98.432,0.85777,-14.59778
510.461,1788243239.924333,1788243239.018124,-906.209,102.172,0.85777,-14.59778
510.604,1788243240.028008,1788243239.160382,-867.626,142.258,0.85777,-14.59778
510.752,1788243240.13162,1788243239.308494,-823.126,148.112,0.85777,-14.59778
512.568,1788243241.065314,1788243241.124542,59.228,1816.047,0.85674,-14.61534
512.568,1788243241.169023,1788243241.124692,-44.331,0.151,0.85674,-14.61534
512.568,1788243241.272479,1788243241.124808,-147.671,0.116,0.85674,-14.61534
512.568,1788243241.376453,1788243241.124915,-251.538,0.107,0.85674,-14.61534
512.568,1788243241.479981,1788243241.125029,-354.952,0.114,0.85674,-14.61534
512.568,1788243241.583778,1788243241.125125,-458.652,0.097,0.85674,-14.61534
512.568,1788243241.687315,1788243241.125222,-562.093,0.097,0.85674,-14.61534
512.569,1788243241.790728,1788243241.125313,-665.416,0.091,0.85674,-14.61534
512.569,1788243241.895938,1788243241.12541,-770.528,0.097,0.85674,-14.61534
512.569,1788243241.999327,1788243241.125508,-873.82,0.098,0.85674,-14.61534
512.641,1788243242.102335,1788243241.197879,-904.456,72.371,0.85674,-14.61534
512.746,1788243242.205716,1788243241.302906,-902.81,105.027,0.85674,-14.61534
512.905,1788243242.309195,1788243241.462181,-847.013,159.275,0.85674,-14.61534
512.948,1788243242.41391,1788243241.50511,-908.8,42.929,0.85674,-14.61534
513.055,1788243242.516226,1788243241.611741,-904.485,106.631,0.85674,-14.61534
513.156,1788243242.619514,1788243241.712806,-906.708,101.066,0.85674,-14.61534
513.258,1788243242.723025,1788243241.815192,-907.832,102.386,0.85674,-14.61534
513.374,1788243242.826475,1788243241.930457,-896.018,115.265,0.85674,-14.61534
513.467,1788243242.930057,1788243242.023876,-906.181,93.419,0.85674,-14.61534
513.574,1788243243.03383,1788243242.13119,-902.64,107.314,0.85674,-14.61534
513.685,1788243243.137285,1788243242.241362,-895.923,110.172,0.85674,-14.61534
513.78,1788243243.240905,1788243242.336406,-904.499,95.044,0.85674,-14.61534
513.887,1788243243.344653,1788243242.444088,-900.565,107.682,0.85674,-14.61534
513.99,1788243243.448154,1788243242.546859,-901.296,102.771,0.85674,-14.61534
514.089,1788243243.551948,1788243242.646171,-905.777,99.313,0.85674,-14.61534
514.193,1788243243.655856,1788243242.749852,-906.003,103.681,0.85674,-14.61534
514.296,1788243243.759553,1788243242.852936,-906.617,103.084,0.85674,-14.61534
514.403,1788243243.863268,1788243242.959876,-903.392,106.94,0.85674,-14.61534
514.507,1788243243.967266,1788243243.063329,-903.937,103.453,0.85674,-14.61534
514.607,1788243244.071843,1788243243.163448,-908.395,100.119,0.85674,-14.61534
514.715,1788243244.174319,1788243243.271502,-902.817,108.054,0.85674,-14.61534
514.827,1788243244.277933,1788243243.38428,-893.653,112.778,0.85674,-14.61534
514.927,1788243244.381997,1788243243.483701,-898.297,99.421,0.85674,-14.61534
515.028,1788243244.485485,1788243243.585104,-900.381,101.403,0.85674,-14.61534
515.156,1788243244.589115,1788243243.713223,-875.893,128.119,0.85674,-14.61534
515.259,1788243244.692872,1788243243.815354,-877.518,102.131,0.85674,-14.61534
515.337,1788243244.796632,1788243243.893295,-903.337,77.941,0.85674,-14.61534
515.436,1788243244.900174,1788243243.993057,-907.117,99.762,0.85674,-14.61534
515.549,1788243245.004063,1788243244.106026,-898.037,112.969,0.85674,-14.61534
515.649,1788243245.107689,1788243244.20536,-902.329,99.334,0.85674,-14.61534
515.749,1788243245.211278,1788243244.305468,-905.81,100.109,0.85674,-14.61534
515.852,1788243245.31543,1788243244.409075,-906.355,103.607,0.85674,-14.61534
515.966,1788243245.419198,1788243244.523181,-896.017,114.106,0.85674,-14.61534
516.06,1788243245.52288,1788243244.616296,-906.584,93.115,0.85674,-14.61534
516.17,1788243245.627386,1788243244.726487,-900.899,110.191,0.85674,-14.61534
516.273,1788243245.73084,1788243244.830115,-900.726,103.628,0.85674,-14.61534
516.38,1788243245.834721,1788243244.93677,-897.951,106.655,0.85674,-14.61534
516.475,1788243245.938713,1788243245.031627,-907.086,94.857,0.85674,-14.61534
516.6,1788243246.042723,1788243245.156464,-886.259,124.837,0.85312,-14.6075
516.686,1788243246.146519,1788243245.242945,-903.574,86.481,0.85312,-14.6075
516.797,1788243246.250323,1788243245.353659,-896.664,110.714,0.85312,-14.6075
516.907,1788243246.354269,1788243245.463545,-890.724,109.885,0.85312,-14.6075
517.005,1788243246.457947,1788243245.561604,-896.344,98.059,0.96964,-15.19718
517.105,1788243246.561816,1788243245.661438,-900.378,99.835,0.96964,-15.19718
517.211,1788243246.66533,1788243245.767487,-897.843,106.049,0.96964,-15.19718
517.306,1788243246.769155,1788243245.86242,-906.735,94.933,0.96964,-15.19718
517.413,1788243246.873081,1788243245.969557,-903.524,107.136,1.05672,-15.61527
517.513,1788243246.976621,1788243246.070106,-906.515,100.55,1.05672,-15.61527
517.616,1788243247.080249,1788243246.173066,-907.183,102.959,1.05672,-15.61527
517.727,1788243247.18402,1788243246.283381,-900.639,110.316,1.05672,-15.61527
517.829,1788243247.287432,1788243246.385992,-901.439,102.611,1.16617,-16.07765
517.943,1788243247.390828,1788243246.499356,-891.472,113.364,1.16617,-16.07765
518.041,1788243247.495299,1788243246.597565,-897.733,98.21,1.16617,-16.07765
518.14,1788243247.598582,1788243246.696585,-901.997,99.019,1.16617,-16.07765
518.25,1788243247.701812,1788243246.806681,-895.131,110.096,1.16617,-16.07765
518.35,1788243247.805062,1788243246.907278,-897.783,100.597,1.16617,-16.07765
518.449,1788243247.908285,1788243247.005388,-902.898,98.109,1.16617,-16.07765
518.557,1788243248.011573,1788243247.113373,-898.2,107.985,1.16617,-16.07765
518.656,1788243248.115098,1788243247.213011,-902.087,99.639,1.01204,-15.67616
518.758,1788243248.218568,1788243247.314902,-903.666,101.891,1.01204,-15.67616
518.903,1788243248.322676,1788243247.46015,-862.526,145.249,1.01204,-15.67616
518.964,1788243248.425838,1788243247.520746,-905.092,60.595,1.01204,-15.67616
519.068,1788243248.529094,1788243247.625098,-903.996,104.353,1.01204,-15.67616
519.179,1788243248.632474,1788243247.73597,-896.504,110.871,1.01204,-15.67616
519.373,1788243248.735958,1788243247.929702,-806.256,193.733,1.01204,-15.67616
519.392,1788243248.839574,1788243247.948809,-890.765,19.107,1.01204,-15.67616
519.486,1788243248.943005,1788243248.042437,-900.568,93.628,1.01204,-15.67616
519.583,1788243249.046691,1788243248.139873,-906.818,97.436,1.01204,-15.67616
519.693,1788243249.15022,1788243248.24957,-900.65,109.698,0.93574,-15.52624
519.79,1788243249.254004,1788243248.346496,-907.508,96.926,0.93574,-15.52624
519.894,1788243249.357627,1788243248.450589,-907.038,104.093,0.93574,-15.52624
520.003,1788243249.461219,1788243248.559914,-901.305,109.324,0.93574,-15.52624
520.102,1788243249.564996,1788243248.65839,-906.606,98.476,0.93574,-15.52624
520.207,1788243249.668591,1788243248.763909,-904.682,105.519,0.93574,-15.52624
520.311,1788243249.772306,1788243248.867919,-904.387,104.011,0.93574,-15.52624
520.413,1788243249.875911,1788243248.969804,-906.107,101.885,0.93574,-15.52624
520.53,1788243249.9796,1788243249.086739,-892.861,116.935,0.93574,-15.52624
520.631,1788243250.084075,1788243249.188232,-895.843,101.493,0.93574,-15.52624
520.748,1788243250.186835,1788243249.304869,-881.966,116.637,1.03537,-15.88056
520.834,1788243250.290722,1788243249.390746,-899.976,85.877,1.03537,-15.88056
520.936,1788243250.394184,1788243249.492368,-901.816,101.622,1.03537,-15.88056
521.043,1788243250.497971,1788243249.599745,-898.226,107.377,1.03537,-15.88056
521.147,1788243250.601395,1788243249.704017,-897.378,104.272,1.03537,-15.88056
521.247,1788243250.704918,1788243249.803892,-901.026,99.875,1.03537,-15.88056
521.353,1788243250.808128,1788243249.909597,-898.531,105.705,1.03537,-15.88056
521.457,1788243250.911977,1788243250.013941,-898.036,104.344,1.03537,-15.88056
521.554,1788243251.015583,1788243250.110656,-904.927,96.715,1.03537,-15.88056
521.67,1788243251.119347,1788243250.226713,-892.634,116.057,1.03537,-15.88056
521.771,1788243251.223728,1788243250.327968,-895.761,101.254,1.03537,-15.88056
521.884,1788243251.327308,1788243250.440498,-886.81,112.53,1.03537,-15.88056
521.985,1788243251.430488,1788243250.542243,-888.244,101.745,1.03537,-15.88056
522.084,1788243251.534011,1788243250.640387,-893.623,98.144,1.03537,-15.88056
522.18,1788243251.637601,1788243250.736536,-901.065,96.149,1.03537,-15.88056
522.284,1788243251.741098,1788243250.840734,-900.363,104.198,1.03537,-15.88056
522.386,1788243251.844627,1788243250.942531,-902.096,101.797,0.9252,-15.44321
522.49,1788243251.948542,1788243251.046377,-902.165,103.846,0.9252,-15.44321
522.604,1788243252.051992,1788243251.160911,-891.082,114.534,0.9252,-15.44321
522.698,1788243252.156011,1788243251.254557,-901.454,93.646,0.9252,-15.44321
522.803,1788243252.259396,1788243251.359465,-899.932,104.908,0.9252,-15.44321
522.91,1788243252.363127,1788243251.466794,-896.333,107.329,0.9252,-15.44321
523.019,1788243252.467902,1788243251.575872,-892.03,109.078,0.9252,-15.44321
523.116,1788243252.570402,1788243251.672483,-897.919,96.611,0.9252,-15.44321
523.282,1788243252.67415,1788243251.838572,-835.578,166.089,0.9252,-15.44321
523.346,1788243252.778055,1788243251.902967,-875.088,64.395,0.9252,-15.44321
523.434,1788243252.88189,1788243251.990385,-891.505,87.418,0.9252,-15.44321
523.552,1788243252.985496,1788243252.108314,-877.182,117.929,0.9252,-15.44321
523.638,1788243253.088972,1788243252.19478,-894.192,86.466,0.9252,-15.44321
523.736,1788243253.19311,1788243252.292883,-900.227,98.102,0.9252,-15.44321
523.857,1788243253.29655,1788243252.413801,-882.749,120.919,0.9252,-15.44321
523.942,1788243253.399959,1788243252.498399,-901.56,84.598,0.9252,-15.44321
524.041,1788243253.503439,1788243252.597585,-905.854,99.186,0.88294,-15.3281
524.148,1788243253.606782,1788243252.705054,-901.728,107.469,0.88294,-15.3281
524.247,1788243253.71098,1788243252.804035,-906.945,98.981,0.88294,-15.3281
524.353,1788243253.814134,1788243252.910183,-903.951,106.148,0.88294,-15.3281
524.463,1788243253.917544,1788243253.019855,-897.689,109.671,0.88294,-15.3281
524.564,1788243254.021129,1788243253.120529,-900.6,100.675,0.88294,-15.3281
524.677,1788243254.124861,1788243253.234246,-890.616,113.717,0.88294,-15.3281
524.783,1788243254.228516,1788243253.339902,-888.614,105.656,0.88294,-15.3281
524.873,1788243254.332371,1788243253.429811,-902.56,89.909,0.88294,-15.3281
524.99,1788243254.436462,1788243253.546637,-889.825,116.826,0.88294,-15.3281
525.083,1788243254.540462,1788243253.639613,-900.848,92.976,0.88294,-15.3281
525.199,1788243254.643562,1788243253.756079,-887.483,116.466,0.88294,-15.3281
525.292,1788243254.747057,1788243253.849083,-897.974,93.004,0.78654,-15.00097
525.394,1788243254.850822,1788243253.9509,-899.923,101.817,0.78654,-15.00097
525.495,1788243254.954848,1788243254.051833,-903.015,100.933,0.78654,-15.00097
525.606,1788243255.058288,1788243254.162326,-895.962,110.494,0.78654,-15.00097
525.699,1788243255.161867,1788243254.255385,-906.482,93.058,0.78654,-15.00097
525.803,1788243255.265521,1788243254.359301,-906.221,103.916,0.78654,-15.00097
525.912,1788243255.369339,1788243254.468993,-900.346,109.693,0.78654,-15.00097
526.014,1788243255.47287,1788243254.570869,-902.001,101.876,0.78654,-15.00097
526.121,1788243255.576475,1788243254.677911,-898.564,107.041,0.78654,-15.00097
526.221,1788243255.679966,1788243254.778218,-901.748,100.307,0.78654,-15.00097
526.322,1788243255.78402,1788243254.878511,-905.509,100.294,0.78654,-15.00097
526.426,1788243255.887418,1788243254.982879,-904.538,104.368,0.78654,-15.00097
526.531,1788243255.990847,1788243255.087576,-903.27,104.697,0.59938,-14.4211
526.631,1788243256.09452,1788243255.187857,-906.663,100.281,0.59938,-14.4211
526.739,1788243256.198071,1788243255.295811,-902.26,107.954,0.59938,-14.4211
526.837,1788243256.30147,1788243255.394017,-907.453,98.207,0.59938,-14.4211
526.942,1788243256.404951,1788243255.498502,-906.45,104.484,0.59938,-14.4211
527.052,1788243256.509054,1788243255.609028,-900.026,110.526,0.59938,-14.4211
527.151,1788243256.612663,1788243255.707746,-904.917,98.718,0.59938,-14.4211
527.252,1788243256.716491,1788243255.808691,-907.8,100.945,0.59938,-14.4211
527.363,1788243256.820179,1788243255.919512,-900.667,110.821,0.59938,-14.4211
527.464,1788243256.924093,1788243256.020581,-903.512,101.069,0.59938,-14.4211
527.57,1788243257.027995,1788243256.126781,-901.214,106.2,0.59938,-14.4211
527.674,1788243257.131463,1788243256.231052,-900.411,104.272,0.59938,-14.4211
527.783,1788243257.235362,1788243256.340262,-895.1,109.21,0.59938,-14.4211
527.875,1788243257.338752,1788243256.431697,-907.055,91.435,0.59938,-14.4211
528.031,1788243257.442631,1788243256.58759,-855.04,155.893,0.59938,-14.4211
528.098,1788243257.546367,1788243256.654778,-891.59,67.187,0.59938,-14.4211
528.222,1788243257.650595,1788243256.77875,-871.845,123.973,0.59938,-14.4211
528.301,1788243257.754072,1788243256.857699,-896.373,78.949,0.59938,-14.4211
528.4,1788243257.857499,1788243256.956563,-900.936,98.864,0.59938,-14.4211
528.504,1788243257.96107,1788243257.060708,-900.362,104.145,0.59938,-14.4211
528.609,1788243258.065129,1788243257.166148,-898.981,105.44,0.59938,-14.4211
528.712,1788243258.167815,1788243257.268731,-899.084,102.583,0.59938,-14.4211
528.816,1788243258.271478,1788243257.37315,-898.328,104.418,0.59938,-14.4211
528.92,1788243258.375001,1788243257.476422,-898.579,103.272,0.42419,-13.77717
529.026,1788243258.478348,1788243257.582578,-895.77,106.156,0.42419,-13.77717
529.125,1788243258.58183,1788243257.682237,-899.592,99.659,0.42419,-13.77717
529.237,1788243258.685519,1788243257.793385,-892.134,111.147,0.42419,-13.77717
529.34,1788243258.789124,1788243257.896283,-892.841,102.898,0.42419,-13.77717
529.437,1788243258.892832,1788243257.994106,-898.726,97.823,0.42419,-13.77717
529.536,1788243258.996693,1788243258.093232,-903.461,99.126,0.42419,-13.77717
529.644,1788243259.100182,1788243258.200937,-899.246,107.704,0.42419,-13.77717
529.747,1788243259.203931,1788243258.303285,-900.646,102.349,0.42419,-13.77717
529.89,1788243259.30761,1788243258.446885,-860.725,143.6,0.42419,-13.77717
529.952,1788243259.411625,1788243258.508907,-902.718,62.022,0.42419,-13.77717
530.058,1788243259.515712,1788243258.615042,-900.669,106.135,0.42419,-13.77717
530.161,1788243259.619043,1788243258.71799,-901.053,102.948,0.42419,-13.77717
530.264,1788243259.722581,1788243258.820418,-902.163,102.427,0.42419,-13.77717
530.364,1788243259.826281,1788243258.920932,-905.35,100.514,0.42419,-13.77717
530.475,1788243259.929752,1788243259.031776,-897.976,110.845,0.42419,-13.77717
530.59,1788243260.03342,1788243259.146521,-886.899,114.745,0.42419,-13.77717
530.679,1788243260.13708,1788243259.236114,-900.967,89.593,0.42419,-13.77717
530.792,1788243260.240832,1788243259.348453,-892.38,112.339,0.42419,-13.77717
530.888,1788243260.344918,1788243259.444965,-899.953,96.513,0.42419,-13.77717
530.988,1788243260.448571,1788243259.544332,-904.24,99.366,0.35881,-13.47219
531.101,1788243260.552186,1788243259.658262,-893.923,113.931,0.35881,-13.47219
531.197,1788243260.655942,1788243259.753954,-901.989,95.691,0.35881,-13.47219
531.302,1788243260.759677,1788243259.858498,-901.179,104.544,0.35881,-13.47219
531.406,1788243260.863374,1788243259.962766,-900.608,104.268,0.35881,-13.47219
531.503,1788243260.967228,1788243260.059892,-907.336,97.126,0.35881,-13.47219
531.614,1788243261.070467,1788243260.170467,-900.0,110.575,0.35881,-13.47219
531.717,1788243261.174337,1788243260.273519,-900.818,103.052,0.35881,-13.47219
531.818,1788243261.278072,1788243260.375183,-902.889,101.664,0.35881,-13.47219
531.93,1788243261.381852,1788243260.486959,-894.893,111.776,0.35881,-13.47219
532.026,1788243261.485453,1788243260.582588,-902.865,95.63,0.35881,-13.47219
532.134,1788243261.589082,1788243260.690759,-898.322,108.171,0.35881,-13.47219
532.233,1788243261.692825,1788243260.789281,-903.543,98.522,0.35881,-13.47219
532.334,1788243261.796371,1788243260.891244,-905.126,101.963,0.35881,-13.47219
532.442,1788243261.899992,1788243260.999214,-900.777,107.97,0.35881,-13.47219
532.541,1788243262.003765,1788243261.097625,-906.14,98.411,0.35881,-13.47219
532.659,1788243262.10722,1788243261.216154,-891.065,118.529,0.35881,-13.47219
532.75,1788243262.210846,1788243261.306429,-904.417,90.274,0.35881,-13.47219
532.854,1788243262.314736,1788243261.410903,-903.833,104.474,0.35881,-13.47219
532.959,1788243262.418078,1788243261.516094,-901.984,105.191,0.32638,-13.27331
533.062,1788243262.521858,1788243261.618814,-903.044,102.72,0.32638,-13.27331
533.165,1788243262.625596,1788243261.721531,-904.065,102.717,0.32638,-13.27331
533.27,1788243262.729383,1788243261.826557,-902.826,105.026,0.32638,-13.27331
533.374,1788243262.833298,1788243261.931152,-902.146,104.594,0.32638,-13.27331
533.473,1788243262.936565,1788243262.029724,-906.841,98.572,0.32638,-13.27331
533.579,1788243263.040423,1788243262.136208,-904.215,106.485,0.32638,-13.27331
533.766,1788243263.143869,1788243262.323226,-820.643,187.018,0.32638,-13.27331
533.784,1788243263.247654,1788243262.34062,-907.034,17.394,0.32638,-13.27331
533.892,1788243263.351583,1788243262.448449,-903.134,107.829,0.32638,-13.27331
533.992,1788243263.455596,1788243262.549223,-906.374,100.774,0.32638,-13.27331
534.097,1788243263.558996,1788243262.653798,-905.199,104.575,0.32638,-13.27331
534.203,1788243263.662463,1788243262.760192,-902.271,106.394,0.32638,-13.27331
534.302,1788243263.76602,1788243262.859208,-906.812,99.016,0.32638,-13.27331
534.407,1788243263.869556,1788243262.963906,-905.65,104.698,0.32638,-13.27331
534.512,1788243263.973383,1788243263.068452,-904.932,104.546,0.32638,-13.27331
534.614,1788243264.076947,1788243263.170995,-905.952,102.543,0.32638,-13.27331
534.719,1788243264.18056,1788243263.275293,-905.267,104.298,0.32638,-13.27331
534.83,1788243264.284643,1788243263.387248,-897.395,111.955,0.36847,-13.36943
534.927,1788243264.38815,1788243263.48358,-904.57,96.332,0.36847,-13.36943
535.033,1788243264.491919,1788243263.589562,-902.356,105.982,0.36847,-13.36943
535.134,1788243264.595942,1788243263.690898,-905.043,101.336,0.36847,-13.36943
535.24,1788243264.699258,1788243263.796456,-902.802,105.558,0.36847,-13.36943
535.339,1788243264.802898,1788243263.895817,-907.081,99.361,0.36847,-13.36943
535.443,1788243264.906553,1788243263.99955,-907.003,103.733,0.36847,-13.36943
535.549,1788243265.009963,1788243264.105714,-904.249,106.164,0.36847,-13.36943
535.649,1788243265.113433,1788243264.205671,-907.762,99.958,0.36847,-13.36943
535.756,1788243265.217085,1788243264.31247,-904.615,106.799,0.36847,-13.36943
535.865,1788243265.320797,1788243264.42155,-899.247,109.08,0.36847,-13.36943
535.961,1788243265.425153,1788243264.517388,-907.765,95.838,0.36847,-13.36943
536.072,1788243265.528134,1788243264.628433,-899.701,111.046,0.36847,-13.36943
536.171,1788243265.632289,1788243264.727865,-904.424,99.431,0.36847,-13.36943
536.277,1788243265.735849,1788243264.833308,-902.542,105.443,0.36847,-13.36943
536.379,1788243265.839252,1788243264.935801,-903.451,102.493,0.36847,-13.36943
536.481,1788243265.943422,1788243265.037512,-905.91,101.712,0.36847,-13.36943
536.589,1788243266.046543,1788243265.145559,-900.984,108.047,0.36847,-13.36943
536.691,1788243266.150563,1788243265.248077,-902.486,102.518,0.36847,-13.36943
536.795,1788243266.254217,1788243265.35209,-902.127,104.013,0.48572,-13.73254
536.901,1788243266.358111,1788243265.457381,-900.729,105.291,0.48572,-13.73254
537.031,1788243266.461914,1788243265.587428,-874.485,130.047,0.48572,-13.73254
537.109,1788243266.565618,1788243265.666037,-899.581,78.609,0.48572,-13.73254
537.211,1788243266.669255,1788243265.767698,-901.557,101.661,0.48572,-13.73254
537.318,1788243266.772935,1788243265.874536,-898.399,106.838,0.48572,-13.73254
537.419,1788243266.876963,1788243265.975664,-901.299,101.128,0.48572,-13.73254
537.52,1788243266.980853,1788243266.076627,-904.225,100.964,0.48572,-13.73254
537.622,1788243267.0845,1788243266.178966,-905.534,102.339,0.48572,-13.73254
537.759,1788243267.188464,1788243266.316222,-872.242,137.256,0.48572,-13.73254
537.835,1788243267.291977,1788243266.391916,-900.061,75.694,0.48572,-13.73254
537.953,1788243267.396098,1788243266.509406,-886.692,117.489,0.48572,-13.73254
538.04,1788243267.499569,1788243266.597169,-902.4,87.764,0.48572,-13.73254
538.143,1788243267.602615,1788243266.699595,-903.02,102.426,0.48572,-13.73254
538.243,1788243267.706554,1788243266.799781,-906.774,100.185,0.48572,-13.73254
538.356,1788243267.810278,1788243266.912328,-897.95,112.548,0.48572,-13.73254
538.452,1788243267.913963,1788243267.009071,-904.892,96.742,0.48572,-13.73254
538.562,1788243268.017686,1788243267.118843,-898.844,109.772,0.48572,-13.73254
538.673,1788243268.121487,1788243267.229826,-891.661,110.984,0.48572,-13.73254
538.764,1788243268.225323,1788243267.320761,-904.562,90.934,0.48572,-13.73254
538.879,1788243268.328891,1788243267.435707,-893.184,114.946,0.70486,-14.48501
538.975,1788243268.432389,1788243267.531603,-900.786,95.896,0.70486,-14.48501
539.082,1788243268.536285,1788243267.638667,-897.618,107.064,0.70486,-14.48501
539.185,1788243268.639746,1788243267.742273,-897.473,103.605,0.70486,-14.48501
539.283,1788243268.743397,1788243267.839483,-903.913,97.211,0.70486,-14.48501
539.39,1788243268.847039,1788243267.946831,-900.208,107.347,0.70486,-14.48501
539.49,1788243268.950803,1788243268.046907,-903.896,100.077,0.70486,-14.48501
539.592,1788243269.056059,1788243268.149044,-907.015,102.136,0.70486,-14.48501
539.694,1788243269.158368,1788243268.251126,-907.243,102.082,0.70486,-14.48501
539.808,1788243269.261999,1788243268.364383,-897.616,113.257,0.70486,-14.48501
539.904,1788243269.365783,1788243268.460373,-905.41,95.99,0.70486,-14.48501
540.015,1788243269.469653,1788243268.572239,-897.414,111.866,0.70486,-14.48501
540.12,1788243269.573571,1788243268.67722,-896.351,104.981,0.70486,-14.48501
540.227,1788243269.677138,1788243268.783852,-893.286,106.632,0.70486,-14.48501
540.325,1788243269.780681,1788243268.881784,-898.897,97.933,0.70486,-14.48501
540.428,1788243269.884311,1788243268.985178,-899.132,103.394,0.70486,-14.48501
540.537,1788243269.989956,1788243269.093677,-896.28,108.498,0.70486,-14.48501
540.636,1788243270.090404,1788243269.192512,-897.892,98.835,0.70486,-14.48501
540.739,1788243270.194968,1788243269.296132,-898.837,103.62,0.70486,-14.48501
540.84,1788243270.298621,1788243269.396555,-902.066,100.423,0.70486,-14.48501
540.945,1788243270.402146,1788243269.501287,-900.86,104.732,0.70486,-14.48501
541.096,1788243270.505877,1788243269.653098,-852.779,151.812,0.70486,-14.48501
541.153,1788243270.609615,1788243269.710185,-899.43,57.087,1.07814,-15.59717
541.251,1788243270.713781,1788243269.808026,-905.755,97.841,1.07814,-15.59717
541.361,1788243270.817054,1788243269.917938,-899.116,109.912,1.07814,-15.59717
541.466,1788243270.920709,1788243270.02266,-898.049,104.722,1.07814,-15.59717
541.569,1788243271.024358,1788243270.126212,-898.146,103.552,1.07814,-15.59717
541.668,1788243271.127769,1788243270.224652,-903.117,98.44,1.07814,-15.59717
541.771,1788243271.231618,1788243270.327329,-904.289,102.676,1.07814,-15.59717
541.88,1788243271.335199,1788243270.436709,-898.49,109.38,1.07814,-15.59717
541.981,1788243271.43878,1788243270.538096,-900.684,101.387,1.07814,-15.59717
542.089,1788243271.542301,1788243270.646132,-896.169,108.036,1.07814,-15.59717
542.206,1788243271.646047,1788243270.762874,-883.173,116.742,1.07814,-15.59717
542.29,1788243271.749941,1788243270.846598,-903.342,83.724,1.07814,-15.59717
542.396,1788243271.853597,1788243270.952866,-900.731,106.268,1.07814,-15.59717
542.499,1788243271.957344,1788243271.05619,-901.155,103.323,1.07814,-15.59717
542.649,1788243272.060978,1788243271.205626,-855.352,149.436,1.07814,-15.59717
542.708,1788243272.164819,1788243271.264436,-900.383,58.81,1.07814,-15.59717
542.826,1788243272.268648,1788243271.382689,-885.958,118.253,1.07814,-15.59717
542.916,1788243272.372471,1788243271.472659,-899.812,89.97,1.07814,-15.59717
543.022,1788243272.47602,1788243271.578605,-897.414,105.946,1.07814,-15.59717
543.128,1788243272.579684,1788243271.684906,-894.778,106.3,1.07814,-15.59717
543.224,1788243272.683336,1788243271.780644,-902.692,95.739,1.07814,-15.59717
543.331,1788243272.786911,1788243271.887475,-899.436,106.831,1.07814,-15.59717
543.432,1788243272.89067,1788243271.988703,-901.966,101.228,1.07814,-15.59717
543.538,1788243272.994635,1788243272.095221,-899.414,106.518,1.07814,-15.59717
543.642,1788243273.098122,1788243272.199222,-898.9,104.001,1.07814,-15.59717
543.998,1788243273.201661,1788243272.554801,-646.86,355.579,1.07814,-15.59717
543.998,1788243273.30514,1788243272.555128,-750.013,0.326,1.07814,-15.59717
543.999,1788243273.408675,1788243272.555778,-852.896,0.651,1.07814,-15.59717
544.051,1788243273.512167,1788243272.607469,-904.698,51.691,1.07814,-15.59717
544.158,1788243273.616085,1788243272.714375,-901.709,106.906,1.07814,-15.59717
544.265,1788243273.719617,1788243272.821286,-898.331,106.911,1.07814,-15.59717
544.363,1788243273.823967,1788243272.919692,-904.276,98.405,1.07814,-15.59717
544.47,1788243273.927349,1788243273.026376,-900.973,106.685,1.07814,-15.59717
544.576,1788243274.030764,1788243273.132782,-897.982,106.405,1.2979,-16.21772
544.672,1788243274.134468,1788243273.229211,-905.257,96.429,1.2979,-16.21772
544.775,1788243274.238373,1788243273.331395,-906.978,102.184,1.2979,-16.21772
544.919,1788243274.341848,1788243273.475922,-865.926,144.527,1.2979,-16.21772
544.981,1788243274.445597,1788243273.538277,-907.32,62.355,1.2979,-16.21772
545.085,1788243274.548948,1788243273.641868,-907.08,103.591,1.2979,-16.21772
545.19,1788243274.652982,1788243273.747109,-905.873,105.241,1.2979,-16.21772
545.292,1788243274.756606,1788243273.848616,-907.99,101.507,1.2979,-16.21772
545.399,1788243274.860209,1788243273.955775,-904.435,107.159,1.2979,-16.21772
545.5,1788243274.963959,1788243274.056324,-907.634,100.55,1.2979,-16.21772
545.611,1788243275.067655,1788243274.16773,-899.925,111.406,1.5147,-16.86059
545.712,1788243275.171139,1788243274.268446,-902.693,100.717,1.5147,-16.86059
545.814,1788243275.275383,1788243274.370566,-904.817,102.119,1.5147,-16.86059
545.916,1788243275.378626,1788243274.472327,-906.299,101.761,1.5147,-16.86059
546.025,1788243275.482474,1788243274.582185,-900.289,109.859,1.5147,-16.86059
546.145,1788243275.586097,1788243274.702134,-883.963,119.949,1.5147,-16.86059
546.285,1788243275.689996,1788243274.84151,-848.486,139.376,1.5147,-16.86059
546.341,1788243275.79301,1788243274.897532,-895.478,56.022,1.5147,-16.86059
546.439,1788243275.896897,1788243274.996057,-900.841,98.524,1.5147,-16.86059
546.537,1788243276.000189,1788243275.093869,-906.32,97.813,1.5147,-16.86059
546.773,1788243276.104456,1788243275.329939,-774.517,236.07,1.60631,-17.08578
546.773,1788243276.207562,1788243275.330082,-877.48,0.143,1.60631,-17.08578
546.861,1788243276.311653,1788243275.418128,-893.525,88.046,1.60631,-17.08578
546.952,1788243276.415528,1788243275.508665,-906.863,90.538,1.60631,-17.08578
547.072,1788243276.519076,1788243275.628655,-890.42,119.99,1.60631,-17.08578
547.166,1788243276.622998,1788243275.722446,-900.552,93.791,1.60631,-17.08578
547.28,1788243276.726935,1788243275.836303,-890.632,113.857,1.60631,-17.08578
547.394,1788243276.830441,1788243275.951016,-879.425,114.713,1.60631,-17.08578
547.58,1788243276.934123,1788243276.137131,-796.993,186.115,1.60631,-17.08578
547.594,1788243277.037817,1788243276.151124,-886.693,13.994,1.60631,-17.08578
547.737,1788243277.14167,1788243276.2939,-847.77,142.775,1.60631,-17.08578
547.782,1788243277.245445,1788243276.338339,-907.106,44.439,1.60631,-17.08578
547.89,1788243277.349204,1788243276.4466,-902.605,108.261,1.66099,-17.25411
547.996,1788243277.45294,1788243276.552847,-900.093,106.247,1.66099,-17.25411
548.113,1788243277.557235,1788243276.669976,-887.259,117.129,1.66099,-17.25411
548.214,1788243277.660948,1788243276.770392,-890.556,100.417,1.66099,-17.25411
548.301,1788243277.764676,1788243276.857424,-907.252,87.031,1.66099,-17.25411
548.416,1788243277.8685,1788243276.972305,-896.194,114.882,1.66099,-17.25411
548.514,1788243277.971878,1788243277.070369,-901.509,98.064,1.66099,-17.25411
548.63,1788243278.076102,1788243277.186685,-889.417,116.316,1.66099,-17.25411
548.718,1788243278.179714,1788243277.274703,-905.011,88.017,1.66099,-17.25411
548.828,1788243278.283605,1788243277.384605,-899.0,109.902,1.66099,-17.25411
548.93,1788243278.387243,1788243277.486513,-900.73,101.908,1.66099,-17.25411
549.033,1788243278.491079,1788243277.589987,-901.093,103.473,1.66099,-17.25411
549.134,1788243278.595087,1788243277.690942,-904.145,100.955,1.66099,-17.25411
549.239,1788243278.698784,1788243277.795645,-903.139,104.703,1.66099,-17.25411
549.34,1788243278.803465,1788243277.896785,-906.68,101.14,1.66099,-17.25411
549.444,1788243278.906119,1788243278.000589,-905.53,103.804,1.82492,-17.71925
549.548,1788243279.009597,1788243278.10437,-905.227,103.781,1.82492,-17.71925
549.649,1788243279.113752,1788243278.205962,-907.79,101.592,1.82492,-17.71925
549.754,1788243279.217354,1788243278.310985,-906.369,105.022,1.82492,-17.71925
549.862,1788243279.321017,1788243278.419137,-901.88,108.152,1.82492,-17.71925
549.963,1788243279.424902,1788243278.519951,-904.951,100.814,1.82492,-17.71925
550.07,1788243279.528494,1788243278.627134,-901.361,107.183,1.82492,-17.71925
550.178,1788243279.632093,1788243278.734833,-897.26,107.7,1.82492,-17.71925
550.277,1788243279.735953,1788243278.833897,-902.056,99.064,1.82492,-17.71925
550.376,1788243279.840139,1788243278.932588,-907.552,98.691,1.82492,-17.71925
550.485,1788243279.943056,1788243279.042097,-900.959,109.509,1.82492,-17.71925
550.583,1788243280.046901,1788243279.140089,-906.812,97.992,1.82492,-17.71925
550.69,1788243280.150804,1788243279.246902,-903.901,106.813,1.82492,-17.71925
550.798,1788243280.254669,1788243279.355188,-899.481,108.285,1.82492,-17.71925
550.894,1788243280.358333,1788243279.450812,-907.521,95.624,1.82492,-17.71925
550.999,1788243280.461821,1788243279.556223,-905.598,105.411,1.82492,-17.71925
551.101,1788243280.565175,1788243279.657571,-907.603,101.348,1.82492,-17.71925
551.206,1788243280.668736,1788243279.763263,-905.473,105.692,1.82492,-17.71925
551.31,1788243280.772895,1788243279.866963,-905.932,103.7,1.82492,-17.71925
551.416,1788243280.876403,1788243279.973054,-903.349,106.091,1.82492,-17.71925
551.518,1788243280.979799,1788243280.074433,-905.365,101.379,1.82492,-17.71925
551.622,1788243281.083524,1788243280.179188,-904.337,104.755,1.82492,-17.71925
551.723,1788243281.187421,1788243280.280012,-907.409,100.825,1.82492,-17.71925
551.834,1788243281.290789,1788243280.390794,-899.995,110.782,1.82492,-17.71925
551.941,1788243281.394545,1788243280.497812,-896.733,107.018,1.82492,-17.71925
552.038,1788243281.498127,1788243280.594679,-903.449,96.867,1.82492,-17.71925
552.146,1788243281.602139,1788243280.702881,-899.258,108.202,1.93644,-18.0496
552.249,1788243281.705597,1788243280.806262,-899.335,103.382,1.93644,-18.0496
552.359,1788243281.809352,1788243280.915644,-893.709,109.381,1.93644,-18.0496
552.456,1788243281.913296,1788243281.012501,-900.795,96.858,1.93644,-18.0496
552.553,1788243282.017156,1788243281.109913,-907.243,97.412,1.93644,-18.0496
552.663,1788243282.120944,1788243281.219781,-901.163,109.868,1.93644,-18.0496
552.766,1788243282.227383,1788243281.322523,-904.86,102.742,1.93644,-18.0496
552.869,1788243282.328926,1788243281.425507,-903.419,102.984,1.93644,-18.0496
552.975,1788243282.432976,1788243281.531904,-901.072,106.398,1.93644,-18.0496
553.093,1788243282.536846,1788243281.650077,-886.77,118.172,1.93644,-18.0496
553.181,1788243282.640772,1788243281.737535,-903.237,87.458,1.93644,-18.0496
553.288,1788243282.744873,1788243281.844661,-900.212,107.126,1.74069,-17.65762
553.386,1788243282.849033,1788243281.943099,-905.934,98.438,1.74069,-17.65762
553.494,1788243282.952874,1788243282.051201,-901.673,108.102,1.74069,-17.65762
553.6,1788243283.056767,1788243282.156992,-899.775,105.79,1.74069,-17.65762
553.709,1788243283.160449,1788243282.266074,-894.375,109.082,1.79195,-17.80149
553.808,1788243283.264149,1788243282.365201,-898.947,99.127,1.79195,-17.80149
553.911,1788243283.367761,1788243282.467796,-899.965,102.594,1.79195,-17.80149
554.009,1788243283.471457,1788243282.565382,-906.075,97.586,1.79195,-17.80149
554.138,1788243283.575413,1788243282.694921,-880.492,129.539,1.62867,-17.39032
554.222,1788243283.678898,1788243282.77842,-900.478,83.499,1.62867,-17.39032
554.325,1788243283.782485,1788243282.881771,-900.713,103.352,1.62867,-17.39032
554.433,1788243283.886007,1788243282.989635,-896.371,107.864,1.62867,-17.39032
554.538,1788243283.990032,1788243283.095258,-894.774,105.622,1.46782,-16.94258
554.638,1788243284.093506,1788243283.194448,-899.058,99.191,1.46782,-16.94258
554.734,1788243284.197051,1788243283.290819,-906.232,96.37,1.46782,-16.94258
554.842,1788243284.300553,1788243283.398383,-902.169,107.564,1.46782,-16.94258
554.951,1788243284.404034,1788243283.507765,-896.269,109.382,1.49335,-17.06242
555.045,1788243284.507737,1788243283.602228,-905.509,94.462,1.49335,-17.06242
555.153,1788243284.611684,1788243283.710105,-901.578,107.878,1.49335,-17.06242
555.258,1788243284.7154,1788243283.814854,-900.546,104.749,1.49335,-17.06242
555.357,1788243284.818588,1788243283.913808,-904.78,98.954,1.49335,-17.06242
555.466,1788243284.921804,1788243284.023123,-898.682,109.314,1.49335,-17.06242
555.567,1788243285.025073,1788243284.123281,-901.792,100.158,1.49335,-17.06242
555.668,1788243285.128468,1788243284.224639,-903.829,101.358,1.49335,-17.06242
555.77,1788243285.231785,1788243284.326315,-905.47,101.676,1.49335,-17.06242
555.873,1788243285.334858,1788243284.430213,-904.645,103.899,1.49335,-17.06242
555.985,1788243285.438573,1788243284.542063,-896.51,111.85,1.49335,-17.06242
556.077,1788243285.541366,1788243284.634194,-907.172,92.131,1.49335,-17.06242
556.183,1788243285.644656,1788243284.740016,-904.64,105.822,1.49335,-17.06242
556.288,1788243285.748087,1788243284.844319,-903.768,104.303,1.49335,-17.06242
556.389,1788243285.8513,1788243284.945428,-905.872,101.109,1.49335,-17.06242
556.497,1788243285.955352,1788243285.053975,-901.377,108.547,1.49335,-17.06242
556.605,1788243286.05848,1788243285.162066,-896.415,108.09,1.61264,-17.36152
556.705,1788243286.161956,1788243285.262188,-899.768,100.122,1.61264,-17.36152
556.81,1788243286.265622,1788243285.367051,-898.571,104.863,1.61264,-17.36152
556.912,1788243286.369352,1788243285.468292,-901.06,101.241,1.61264,-17.36152
557.024,1788243286.472911,1788243285.580585,-892.325,112.293,1.55,-17.20819
557.16,1788243286.576519,1788243285.716975,-859.544,136.39,1.55,-17.20819
557.226,1788243286.68007,1788243285.783165,-896.905,66.19,1.55,-17.20819
557.332,1788243286.783704,1788243285.88875,-894.954,105.585,1.55,-17.20819
557.432,1788243286.887167,1788243285.988838,-898.329,100.088,1.58083,-17.2911
557.539,1788243286.991249,1788243286.095683,-895.566,106.846,1.58083,-17.2911
557.644,1788243287.095334,1788243286.201234,-894.1,105.551,1.58083,-17.2911
557.743,1788243287.198365,1788243286.300132,-898.233,98.898,1.58083,-17.2911
557.847,1788243287.301983,1788243286.403622,-898.361,103.49,1.60721,-17.34199
557.944,1788243287.405508,1788243286.500706,-904.801,97.084,1.60721,-17.34199
558.052,1788243287.509986,1788243286.608433,-901.553,107.726,1.60721,-17.34199
558.168,1788243287.612677,1788243286.724503,-888.174,116.07,1.60721,-17.34199
558.276,1788243287.716604,1788243286.833042,-883.563,108.539,1.51035,-17.17799
558.407,1788243287.820068,1788243286.963565,-856.503,130.523,1.51035,-17.17799
558.466,1788243287.923789,1788243287.022827,-900.962,59.261,1.51035,-17.17799
558.571,1788243288.027803,1788243287.127676,-900.127,104.85,1.51035,-17.17799
558.675,1788243288.13121,1788243287.231462,-899.747,103.786,1.51035,-17.17799
558.781,1788243288.234898,1788243287.338201,-896.697,106.738,1.53119,-17.25982
558.881,1788243288.338685,1788243287.437808,-900.877,99.607,1.53119,-17.25982
558.987,1788243288.442575,1788243287.543895,-898.68,106.087,1.53119,-17.25982
559.091,1788243288.546204,1788243287.647487,-898.717,103.591,1.53119,-17.25982
559.19,1788243288.649694,1788243287.746665,-903.029,99.178,1.53119,-17.25982
559.296,1788243288.754218,1788243287.852378,-901.84,105.713,1.53119,-17.25982
559.395,1788243288.858015,1788243287.951514,-906.501,99.136,1.53119,-17.25982
559.5,1788243288.961908,1788243288.056541,-905.367,105.027,1.53119,-17.25982
559.602,1788243289.066067,1788243288.159092,-906.975,102.551,1.53119,-17.25982
559.707,1788243289.16967,1788243288.263853,-905.817,104.76,1.53119,-17.25982
559.812,1788243289.27391,1788243288.368437,-905.474,104.584,1.53119,-17.25982
559.915,1788243289.377826,1788243288.472049,-905.777,103.613,1.53119,-17.25982
560.022,1788243289.481701,1788243288.578424,-903.278,106.375,1.53119,-17.25982
560.132,1788243289.585567,1788243288.689211,-896.356,110.787,1.53119,-17.25982
560.235,1788243289.689236,1788243288.792121,-897.115,102.91,1.53119,-17.25982
560.333,1788243289.793149,1788243288.889739,-903.409,97.618,1.53119,-17.25982
560.434,1788243289.896535,1788243288.990963,-905.572,101.224,1.53119,-17.25982
560.539,1788243289.999763,1788243289.095471,-904.291,104.509,1.53119,-17.25982
560.639,1788243290.102964,1788243289.195981,-906.983,100.51,1.53119,-17.25982
560.748,1788243290.206677,1788243289.304911,-901.766,108.93,1.53119,-17.25982
560.883,1788243290.310036,1788243289.439592,-870.444,134.681,1.53119,-17.25982
560.95,1788243290.413328,1788243289.506433,-906.894,66.841,1.53119,-17.25982
561.058,1788243290.51661,1788243289.614773,-901.838,108.339,1.53119,-17.25982
561.161,1788243290.619616,1788243289.717695,-901.921,102.922,1.53119,-17.25982
561.268,1788243290.723504,1788243289.824818,-898.686,107.123,1.53119,-17.25982
561.369,1788243290.828102,1788243289.925808,-902.294,100.991,1.53119,-17.25982
561.469,1788243290.930164,1788243290.025428,-904.736,99.62,1.53119,-17.25982
561.577,1788243291.033677,1788243290.134077,-899.6,108.649,1.569,-17.31446
561.674,1788243291.137601,1788243290.230493,-907.109,96.416,1.569,-17.31446
561.784,1788243291.240975,1788243290.340714,-900.262,110.221,1.569,-17.31446
561.892,1788243291.34477,1788243290.449201,-895.569,108.487,1.569,-17.31446
561.994,1788243291.448751,1788243290.551031,-897.72,101.83,1.569,-17.31446
562.089,1788243291.552507,1788243290.6455,-907.007,94.469,1.569,-17.31446
562.2,1788243291.656319,1788243290.75685,-899.469,111.35,1.48223,-17.12605
562.305,1788243291.76022,1788243290.86193,-898.29,105.08,1.48223,-17.12605
562.401,1788243291.864037,1788243290.957988,-906.049,96.058,1.48223,-17.12605
562.512,1788243291.967965,1788243291.068311,-899.654,110.323,1.48223,-17.12605
562.612,1788243292.071973,1788243291.168957,-903.016,100.646,1.48223,-17.12605
562.72,1788243292.176574,1788243291.277148,-899.426,108.191,1.48223,-17.12605
562.825,1788243292.279772,1788243291.381952,-897.82,104.804,1.48223,-17.12605
562.927,1788243292.383799,1788243291.483996,-899.803,102.044,1.48223,-17.12605
563.033,1788243292.487823,1788243291.589655,-898.168,105.659,1.48223,-17.12605
563.135,1788243292.591987,1788243291.691867,-900.12,102.212,1.48223,-17.12605
563.238,1788243292.695858,1788243291.794667,-901.191,102.8,1.48223,-17.12605
563.337,1788243292.799523,1788243291.893709,-905.814,99.042,1.48223,-17.12605
563.451,1788243292.903576,1788243292.007356,-896.22,113.646,1.48223,-17.12605
563.564,1788243293.007591,1788243292.120319,-887.272,112.963,1.48223,-17.12605
563.661,1788243293.111416,1788243292.218219,-893.198,97.9,1.27937,-16.64077
563.752,1788243293.21513,1788243292.308418,-906.713,90.199,1.27937,-16.64077
563.944,1788243293.319035,1788243292.500754,-818.28,192.337,1.27937,-16.64077
563.974,1788243293.42299,1788243292.531078,-891.912,30.324,1.27937,-16.64077
564.067,1788243293.526773,1788243292.624084,-902.69,93.005,1.30857,-16.71476
564.187,1788243293.630239,1788243292.744112,-886.127,120.028,1.30857,-16.71476
564.3,1788243293.733982,1788243292.856867,-877.115,112.756,1.30857,-16.71476
564.392,1788243293.837754,1788243292.949119,-888.636,92.251,1.30857,-16.71476
564.482,1788243293.94147,1788243293.038302,-903.168,89.183,1.40242,-17.00864
564.615,1788243294.045278,1788243293.171811,-873.467,133.509,1.40242,-17.00864
564.697,1788243294.149117,1788243293.253663,-895.454,81.852,1.40242,-17.00864
564.847,1788243294.25297,1788243293.403386,-849.584,149.723,1.40242,-17.00864
564.917,1788243294.356499,1788243293.473943,-882.556,70.556,1.38892,-17.01621
565.001,1788243294.460309,1788243293.557757,-902.551,83.815,1.38892,-17.01621
565.102,1788243294.564015,1788243293.659272,-904.743,101.515,1.38892,-17.01621
565.209,1788243294.667905,1788243293.76564,-902.265,106.368,1.38892,-17.01621
565.315,1788243294.771414,1788243293.872212,-899.203,106.572,1.30012,-16.82747
565.419,1788243294.875594,1788243293.975617,-899.977,103.405,1.30012,-16.82747
565.53,1788243294.979296,1788243294.086431,-892.865,110.814,1.30012,-16.82747
565.643,1788243295.082956,1788243294.199287,-883.669,112.856,1.30012,-16.82747
565.731,1788243295.186631,1788243294.28761,-899.021,88.323,1.10417,-16.28203
565.83,1788243295.290535,1788243294.386747,-903.789,99.137,1.10417,-16.28203
565.94,1788243295.39412,1788243294.496565,-897.555,109.818,1.10417,-16.28203
566.041,1788243295.497952,1788243294.597371,-900.581,100.806,1.10417,-16.28203
566.14,1788243295.601283,1788243294.696375,-904.908,99.005,1.06094,-16.25909
566.247,1788243295.705,1788243294.803854,-901.146,107.478,1.06094,-16.25909
566.345,1788243295.80864,1788243294.901968,-906.672,98.114,1.06094,-16.25909
566.452,1788243295.912105,1788243295.009236,-902.869,107.268,1.06094,-16.25909
566.558,1788243296.015921,1788243295.11441,-901.511,105.174,1.15714,-16.55512
566.663,1788243296.119653,1788243295.219695,-899.958,105.285,1.15714,-16.55512
566.767,1788243296.223101,1788243295.324105,-898.995,104.41,1.15714,-16.55512
566.895,1788243296.326984,1788243295.451964,-875.02,127.859,1.15714,-16.55512
566.976,1788243296.430361,1788243295.532512,-897.849,80.548,1.09238,-16.40785
567.079,1788243296.533957,1788243295.635343,-898.614,102.832,1.09238,-16.40785
567.179,1788243296.637646,1788243295.735466,-902.18,100.123,1.09238,-16.40785
567.282,1788243296.741055,1788243295.838943,-902.111,103.477,1.09238,-16.40785
567.381,1788243296.844508,1788243295.937852,-906.657,98.908,1.09238,-16.40785
567.489,1788243296.948143,1788243296.04583,-902.313,107.978,1.15017,-16.62784
567.596,1788243297.051354,1788243296.152673,-898.682,106.843,1.15017,-16.62784
567.691,1788243297.155113,1788243296.248094,-907.019,95.421,1.15017,-16.62784
567.798,1788243297.258628,1788243296.354671,-903.957,106.578,1.15017,-16.62784
567.916,1788243297.362089,1788243296.473079,-889.01,118.407,1.15017,-16.62784
568.007,1788243297.465277,1788243296.564114,-901.163,91.035,1.15017,-16.62784
568.11,1788243297.568544,1788243296.667023,-901.521,102.909,1.15017,-16.62784
568.21,1788243297.672032,1788243296.766402,-905.63,99.379,1.15017,-16.62784
568.318,1788243297.775473,1788243296.875123,-900.351,108.721,1.15017,-16.62784
568.42,1788243297.878571,1788243296.976301,-902.27,101.178,1.15017,-16.62784
568.523,1788243297.982143,1788243297.079672,-902.471,103.371,1.15017,-16.62784
568.621,1788243298.085349,1788243297.177862,-907.487,98.189,1.15017,-16.62784
568.732,1788243298.188675,1788243297.28927,-899.405,111.408,1.15017,-16.62784
568.832,1788243298.293921,1788243297.38884,-905.082,99.57,1.19252,-16.74267
568.933,1788243298.396136,1788243297.490035,-906.101,101.195,1.19252,-16.74267
569.036,1788243298.49871,1788243297.592435,-906.275,102.4,1.19252,-16.74267
569.159,1788243298.602395,1788243297.715672,-886.723,123.237,1.19252,-16.74267
569.274,1788243298.705748,1788243297.830369,-875.379,114.697,1.33389,-17.06167
569.347,1788243298.809976,1788243297.903961,-906.014,73.592,1.33389,-17.06167
569.449,1788243298.91295,1788243298.005409,-907.541,101.447,1.33389,-17.06167
569.555,1788243299.016533,1788243298.112037,-904.495,106.629,1.33389,-17.06167
569.691,1788243299.120048,1788243298.247281,-872.767,135.244,1.31895,-16.9765
569.764,1788243299.223908,1788243298.320531,-903.378,73.249,1.31895,-16.9765
569.867,1788243299.327386,1788243298.423872,-903.514,103.341,1.31895,-16.9765
569.969,1788243299.430969,1788243298.525451,-905.518,101.579,1.31895,-16.9765
570.077,1788243299.534807,1788243298.633297,-901.511,107.846,1.32731,-17.00199
570.178,1788243299.638316,1788243298.734771,-903.545,101.474,1.32731,-17.00199
570.28,1788243299.742064,1788243298.8365,-905.564,101.729,1.32731,-17.00199
570.382,1788243299.845672,1788243298.938455,-907.217,101.954,1.32731,-17.00199
570.494,1788243299.949567,1788243299.05091,-898.657,112.456,1.34845,-17.10666
570.591,1788243300.053526,1788243299.148055,-905.471,97.144,1.34845,-17.10666
570.696,1788243300.156832,1788243299.25286,-903.972,104.805,1.34845,-17.10666
570.798,1788243300.262928,1788243299.35494,-907.988,102.08,1.34845,-17.10666
570.911,1788243300.365381,1788243299.468214,-897.167,113.274,1.39929,-17.14008
571.01,1788243300.468733,1788243299.566662,-902.071,98.448,1.39929,-17.14008
571.117,1788243300.57231,1788243299.673819,-898.491,107.157,1.39929,-17.14008
571.228,1788243300.676064,1788243299.785253,-890.811,111.434,1.39929,-17.14008
571.323,1788243300.779887,1788243299.879673,-900.214,94.42,1.35116,-17.09705
571.422,1788243300.883519,1788243299.978974,-904.545,99.301,1.35116,-17.09705
571.527,1788243300.987194,1788243300.084113,-903.081,105.139,1.35116,-17.09705
571.633,1788243301.09087,1788243300.189668,-901.202,105.555,1.35116,-17.09705
571.738,1788243301.196237,1788243300.294375,-901.862,104.707,1.3372,-17.06725
571.839,1788243301.299782,1788243300.395919,-903.863,101.543,1.3372,-17.06725
571.94,1788243301.402109,1788243300.497193,-904.916,101.274,1.3372,-17.06725
572.051,1788243301.505759,1788243300.607958,-897.801,110.765,1.3372,-17.06725
572.149,1788243301.609618,1788243300.706178,-903.44,98.22,1.4013,-17.30838
572.284,1788243301.712833,1788243300.840521,-872.312,134.343,1.4013,-17.30838
572.353,1788243301.816778,1788243300.909903,-906.875,69.382,1.4013,-17.30838
572.463,1788243301.920467,1788243301.019587,-900.88,109.684,1.4013,-17.30838
572.562,1788243302.023977,1788243301.118784,-905.193,99.197,1.37817,-17.29691
572.664,1788243302.127584,1788243301.221203,-906.381,102.419,1.37817,-17.29691
572.775,1788243302.231322,1788243301.331298,-900.024,110.095,1.37817,-17.29691
572.902,1788243302.334895,1788243301.458424,-876.472,127.126,1.37817,-17.29691
572.986,1788243302.438445,1788243301.542725,-895.72,84.301,1.4685,-17.44241
573.084,1788243302.542827,1788243301.640557,-902.27,97.832,1.4685,-17.44241
573.3,1788243302.749949,1788243301.857275,-892.674,216.719,1.4685,-17.44241
573.441,1788243302.853928,1788243301.997705,-856.223,140.429,1.4685,-17.44241
573.536,1788243302.957835,1788243302.092744,-865.091,95.04,1.38214,-17.29108
573.627,1788243303.063084,1788243302.184031,-879.053,91.287,1.38214,-17.29108
573.714,1788243303.165799,1788243302.27071,-895.089,86.679,1.38214,-17.29108
573.819,1788243303.269907,1788243302.37538,-894.528,104.67,1.38214,-17.29108
573.914,1788243303.373832,1788243302.470845,-902.987,95.465,1.38214,-17.29108
574.014,1788243303.477557,1788243302.571195,-906.362,100.35,1.38214,-17.29108
574.178,1788243303.581343,1788243302.734651,-846.692,163.456,1.38214,-17.29108
574.231,1788243303.684843,1788243302.7873,-897.543,52.649,1.38214,-17.29108
574.336,1788243303.788821,1788243302.893038,-895.783,105.738,1.29443,-17.12683
574.44,1788243303.892274,1788243302.997271,-895.003,104.233,1.29443,-17.12683
574.54,1788243303.996067,1788243303.096483,-899.584,99.212,1.29443,-17.12683
574.643,1788243304.099516,1788243303.200168,-899.348,103.685,1.29443,-17.12683
574.747,1788243304.203368,1788243303.303369,-899.999,103.201,1.29443,-17.12683
574.856,1788243304.307087,1788243303.412829,-894.258,109.46,1.29443,-17.12683
574.961,1788243304.410861,1788243303.518126,-892.735,105.296,1.29443,-17.12683
575.062,1788243304.514948,1788243303.618892,-896.056,100.766,1.29443,-17.12683
575.159,1788243304.618782,1788243303.715403,-903.379,96.511,1.29443,-17.12683
575.288,1788243304.724029,1788243303.844339,-879.69,128.937,1.13081,-16.77259
575.375,1788243304.827281,1788243303.931859,-895.422,87.519,1.13081,-16.77259
575.469,1788243304.929967,1788243304.026258,-903.708,94.4,1.13081,-16.77259
575.573,1788243305.033351,1788243304.130256,-903.095,103.998,1.13081,-16.77259
575.856,1788243305.136996,1788243304.413162,-723.834,282.906,1.13081,-16.77259
575.857,1788243305.240713,1788243304.4133,-827.413,0.138,1.13081,-16.77259
575.883,1788243305.344317,1788243304.440168,-904.149,26.868,1.13081,-16.77259
575.988,1788243305.448776,1788243304.544352,-904.425,104.184,1.13081,-16.77259
576.101,1788243305.551471,1788243304.657908,-893.563,113.556,0.92993,-16.27206
576.195,1788243305.656122,1788243304.751814,-904.308,93.906,0.92993,-16.27206
576.347,1788243305.759192,1788243304.903731,-855.461,151.917,0.92993,-16.27206
576.401,1788243305.862913,1788243304.957396,-905.518,53.665,0.92993,-16.27206
576.527,1788243305.966449,1788243305.083675,-882.773,126.28,0.92993,-16.27206
576.621,1788243306.069976,1788243305.177924,-892.052,94.249,0.92993,-16.27206
576.713,1788243306.173747,1788243305.27007,-903.677,92.146,0.92993,-16.27206
576.819,1788243306.277697,1788243305.375409,-902.288,105.338,0.9585,-16.36426
576.927,1788243306.381469,1788243305.483343,-898.127,107.934,0.9585,-16.36426
577.026,1788243306.485717,1788243305.582666,-903.051,99.323,0.9585,-16.36426
577.152,1788243306.589487,1788243305.708624,-880.863,125.958,0.9585,-16.36426
577.237,1788243306.693029,1788243305.79358,-899.449,84.956,0.9585,-16.36426
577.339,1788243306.797067,1788243305.895632,-901.435,102.051,0.9585,-16.36426
577.439,1788243306.900645,1788243305.996079,-904.565,100.448,0.9585,-16.36426
577.548,1788243307.004598,1788243306.105064,-899.534,108.985,0.9585,-16.36426
577.648,1788243307.108184,1788243306.204807,-903.377,99.742,0.9585,-16.36426
577.763,1788243307.211624,1788243306.319655,-891.969,114.849,0.9585,-16.36426
577.861,1788243307.315414,1788243306.418049,-897.365,98.394,0.86241,-16.14411
577.971,1788243307.418772,1788243306.528225,-890.547,110.176,0.86241,-16.14411
578.065,1788243307.522223,1788243306.621524,-900.7,93.298,0.86241,-16.14411
578.165,1788243307.627064,1788243306.721484,-905.581,99.96,0.86241,-16.14411
578.272,1788243307.729615,1788243306.82878,-900.835,107.296,1.02472,-16.63416
578.379,1788243307.833123,1788243306.935582,-897.541,106.802,1.02472,-16.63416
578.479,1788243307.936885,1788243307.035727,-901.158,100.145,1.02472,-16.63416
578.584,1788243308.040532,1788243307.141277,-899.255,105.55,1.02472,-16.63416
578.69,1788243308.1444,1788243307.246896,-897.504,105.619,1.02472,-16.63416
578.79,1788243308.248289,1788243307.346529,-901.76,99.633,1.01088,-16.53353
578.906,1788243308.352144,1788243307.462369,-889.775,115.84,1.01088,-16.53353
579.018,1788243308.456414,1788243307.574888,-881.526,112.518,1.01088,-16.53353
579.122,1788243308.560082,1788243307.678622,-881.46,103.734,1.01088,-16.53353
579.207,1788243308.663904,1788243307.763438,-900.466,84.817,1.01088,-16.53353
579.343,1788243308.767348,1788243307.899962,-867.387,136.523,1.01088,-16.53353
579.47,1788243308.871141,1788243308.026571,-844.57,126.609,1.01088,-16.53353
579.618,1788243308.974826,1788243308.174636,-800.19,148.065,0.99034,-16.44642
579.638,1788243309.078258,1788243308.194495,-883.763,19.859,0.99034,-16.44642
579.777,1788243309.181728,1788243308.334213,-847.515,139.718,0.99034,-16.44642
579.899,1788243309.285354,1788243308.455416,-829.938,121.203,0.99034,-16.44642
580.008,1788243309.389367,1788243308.564513,-824.853,109.097,0.99034,-16.44642
580.036,1788243309.493857,1788243308.592288,-901.568,27.775,0.99034,-16.44642
580.161,1788243309.596974,1788243308.718268,-878.706,125.98,0.99034,-16.44642
580.358,1788243309.701041,1788243308.914366,-786.675,196.098,0.99034,-16.44642
580.46,1788243309.805338,1788243309.017037,-788.3,102.671,0.99034,-16.44642
580.46,1788243309.9089,1788243309.017253,-891.647,0.216,0.99034,-16.44642
580.577,1788243310.012156,1788243309.134068,-878.087,116.815,0.99034,-16.44642
580.666,1788243310.115663,1788243309.222383,-893.28,88.315,0.88265,-16.16669
580.768,1788243310.218932,1788243309.324428,-894.504,102.044,0.88265,-16.16669
580.866,1788243310.322123,1788243309.423035,-899.088,98.607,0.88265,-16.16669
580.973,1788243310.42593,1788243309.529317,-896.613,106.282,0.88265,-16.16669
581.096,1788243310.529386,1788243309.652938,-876.448,123.621,0.88265,-16.16669
581.169,1788243310.632811,1788243309.726236,-906.575,73.298,0.88265,-16.16669
581.301,1788243310.735431,1788243309.858263,-877.168,132.027,0.89168,-16.18259
581.383,1788243310.838717,1788243309.9397,-899.017,81.437,0.89168,-16.18259
581.488,1788243310.942301,1788243310.04517,-897.131,105.47,0.89168,-16.18259
581.595,1788243311.045714,1788243310.151684,-894.031,106.514,0.89168,-16.18259
581.701,1788243311.149585,1788243310.257528,-892.057,105.844,0.97927,-16.4427
581.8,1788243311.253936,1788243310.356557,-897.379,99.029,0.97927,-16.4427
581.903,1788243311.356582,1788243310.459986,-896.595,103.429,0.97927,-16.4427
582.013,1788243311.45995,1788243310.569444,-890.506,109.458,0.97927,-16.4427
582.112,1788243311.563582,1788243310.668405,-895.178,98.961,1.11558,-16.86878
582.231,1788243311.666926,1788243310.787428,-879.498,119.024,1.11558,-16.86878
582.322,1788243311.770434,1788243310.878652,-891.782,91.223,1.11558,-16.86878
582.416,1788243311.87383,1788243310.972707,-901.123,94.055,1.11558,-16.86878
582.518,1788243311.977387,1788243311.074808,-902.579,102.101,1.08995,-16.8288
582.622,1788243312.08076,1788243311.179164,-901.595,104.356,1.08995,-16.8288
582.729,1788243312.184171,1788243311.285616,-898.555,106.452,1.08995,-16.8288
582.832,1788243312.287677,1788243311.388312,-899.366,102.695,1.08995,-16.8288
582.96,1788243312.391684,1788243311.51632,-875.364,128.008,1.22957,-17.17946
583.1,1788243312.495894,1788243311.65677,-839.124,140.45,1.22957,-17.17946
583.246,1788243312.59914,1788243311.802406,-796.734,145.636,1.22957,-17.17946
583.252,1788243312.7025,1788243311.808986,-893.514,6.58,1.22957,-17.17946
583.355,1788243312.805924,1788243311.911966,-893.957,102.981,1.18275,-17.03506
583.456,1788243312.909419,1788243312.012634,-896.785,100.668,1.18275,-17.03506
583.598,1788243313.012831,1788243312.155019,-857.812,142.385,1.18275,-17.03506
583.69,1788243313.116417,1788243312.246993,-869.424,91.974,1.18275,-17.03506
583.768,1788243313.219965,1788243312.325181,-894.784,78.187,1.26237,-17.23523
583.871,1788243313.32355,1788243312.427692,-895.859,102.511,1.26237,-17.23523
584.021,1788243313.426794,1788243312.577901,-848.892,150.21,1.26237,-17.23523
584.078,1788243313.530245,1788243312.634756,-895.489,56.855,1.26237,-17.23523
584.224,1788243313.633788,1788243312.78067,-853.118,145.913,1.36083,-17.47492
584.294,1788243313.737258,1788243312.850429,-886.829,69.759,1.36083,-17.47492
584.378,1788243313.840597,1788243312.934855,-905.741,84.427,1.36083,-17.47492
584.486,1788243313.94389,1788243313.043038,-900.852,108.182,1.36083,-17.47492
584.586,1788243314.047672,1788243313.142827,-904.844,99.79,1.34023,-17.46899
584.693,1788243314.151153,1788243313.249308,-901.845,106.48,1.34023,-17.46899
584.799,1788243314.254682,1788243313.355908,-898.774,106.6,1.34023,-17.46899
584.909,1788243314.358329,1788243313.465338,-892.991,109.431,1.34023,-17.46899
585.034,1788243314.463002,1788243313.591199,-871.803,125.86,1.34023,-17.46899
585.113,1788243314.566439,1788243313.670191,-896.248,78.992,1.34023,-17.46899
585.217,1788243314.670007,1788243313.773508,-896.499,103.317,1.34023,-17.46899
585.319,1788243314.773979,1788243313.87571,-898.269,102.202,1.34023,-17.46899
585.478,1788243314.877771,1788243314.034569,-843.202,158.859,1.34023,-17.46899
585.528,1788243314.981683,1788243314.08497,-896.712,50.401,1.34023,-17.46899
585.735,1788243315.0857,1788243314.291511,-794.189,206.54,1.34023,-17.46899
585.967,1788243315.189044,1788243314.523372,-665.672,231.861,1.34023,-17.46899
585.967,1788243315.292655,1788243314.523857,-768.799,0.485,1.34023,-17.46899
586.024,1788243315.396101,1788243314.58088,-815.221,57.023,1.34023,-17.46899
586.052,1788243315.499704,1788243314.608833,-890.871,27.953,1.34023,-17.46899
586.15,1788243315.602966,1788243314.706899,-896.067,98.066,1.34023,-17.46899
586.245,1788243315.706534,1788243314.80178,-904.754,94.881,1.34023,-17.46899
586.351,1788243315.809783,1788243314.907283,-902.5,105.503,1.34023,-17.46899
586.462,1788243315.913429,1788243315.018952,-894.477,111.669,1.34023,-17.46899
586.563,1788243316.016964,1788243315.119697,-897.267,100.745,1.34023,-17.46899
586.667,1788243316.120306,1788243315.223975,-896.331,104.277,1.34023,-17.46899
586.767,1788243316.223811,1788243315.32423,-899.581,100.256,1.35791,-17.51964
586.874,1788243316.327018,1788243315.430289,-896.729,106.058,1.35791,-17.51964
586.979,1788243316.43039,1788243315.536128,-894.262,105.839,1.35791,-17.51964
587.074,1788243316.533806,1788243315.630505,-903.301,94.377,1.35791,-17.51964
587.186,1788243316.637076,1788243315.742672,-894.404,112.167,1.35791,-17.51964
587.29,1788243316.7406,1788243315.847059,-893.541,104.387,1.35791,-17.51964
587.401,1788243316.843853,1788243315.95823,-885.624,111.171,1.35791,-17.51964
587.518,1788243316.947117,1788243316.075278,-871.84,117.048,1.35791,-17.51964
587.6,1788243317.050791,1788243316.156572,-894.219,81.294,1.35791,-17.51964
587.697,1788243317.154119,1788243316.254192,-899.927,97.62,1.35791,-17.51964
587.801,1788243317.257673,1788243316.357645,-900.028,103.453,1.35791,-17.51964
587.929,1788243317.361251,1788243316.48599,-875.261,128.345,1.35791,-17.51964
588.01,1788243317.465605,1788243316.566739,-898.867,80.749,1.35791,-17.51964
588.108,1788243317.567923,1788243316.664405,-903.517,97.667,1.35791,-17.51964
588.215,1788243317.671272,1788243316.771313,-899.959,106.908,1.35791,-17.51964
588.317,1788243317.774687,1788243316.873628,-901.059,102.314,1.35791,-17.51964
588.421,1788243317.87801,1788243316.977657,-900.353,104.029,1.35791,-17.51964
588.521,1788243317.981642,1788243317.077413,-904.229,99.756,1.19465,-17.09008
588.667,1788243318.084862,1788243317.224241,-860.62,146.828,1.19465,-17.09008
588.955,1788243318.188045,1788243317.511606,-676.44,287.364,1.19465,-17.09008
589.035,1788243318.291665,1788243317.591718,-699.947,80.112,1.19465,-17.09008
589.035,1788243318.395098,1788243317.592056,-803.041,0.339,1.19465,-17.09008
589.098,1788243318.498619,1788243317.654361,-844.259,62.304,1.19465,-17.09008
589.138,1788243318.603598,1788243317.694954,-908.644,40.594,1.19465,-17.09008
589.248,1788243318.70577,1788243317.804429,-901.341,109.475,1.19465,-17.09008
589.358,1788243318.809579,1788243317.914567,-895.011,110.138,1.19465,-17.09008
589.45,1788243318.912585,1788243318.006869,-905.715,92.302,1.19465,-17.09008
589.552,1788243319.016017,1788243318.108817,-907.2,101.947,1.19465,-17.09008
589.664,1788243319.119326,1788243318.221069,-898.257,112.252,1.19465,-17.09008
589.762,1788243319.222743,1788243318.319265,-903.478,98.196,1.19465,-17.09008
589.874,1788243319.326271,1788243318.431227,-895.044,111.962,1.19465,-17.09008
589.981,1788243319.429453,1788243318.537403,-892.05,106.176,1.19465,-17.09008
590.072,1788243319.532626,1788243318.628354,-904.272,90.951,1.19465,-17.09008
590.183,1788243319.636529,1788243318.739511,-897.018,111.156,1.19465,-17.09008
590.285,1788243319.739584,1788243318.841324,-898.26,101.814,1.396,-17.53484
590.38,1788243319.843738,1788243318.936959,-906.779,95.635,1.396,-17.53484
590.491,1788243319.946244,1788243319.047729,-898.515,110.77,1.396,-17.53484
590.59,1788243320.050467,1788243319.146667,-903.8,98.939,1.396,-17.53484
590.699,1788243320.153365,1788243319.255991,-897.375,109.323,1.396,-17.53484
590.801,1788243320.256704,1788243319.358246,-898.458,102.255,1.396,-17.53484
590.908,1788243320.359923,1788243319.464545,-895.378,106.299,1.396,-17.53484
591.0,1788243320.463427,1788243319.557156,-906.272,92.611,1.396,-17.53484
591.109,1788243320.566826,1788243319.666134,-900.692,108.978,1.396,-17.53484
591.22,1788243320.670192,1788243319.776287,-893.905,110.154,1.396,-17.53484
591.317,1788243320.773827,1788243319.873587,-900.239,97.3,1.396,-17.53484
591.426,1788243320.877122,1788243319.982525,-894.597,108.938,1.396,-17.53484
591.522,1788243320.980624,1788243320.078575,-902.049,96.05,1.396,-17.53484
591.648,1788243321.083857,1788243320.205208,-878.648,126.633,1.396,-17.53484
591.757,1788243321.187494,1788243320.313553,-873.941,108.345,1.396,-17.53484
591.847,1788243321.292016,1788243320.403347,-888.668,89.794,1.396,-17.53484
591.938,1788243321.394711,1788243320.495259,-899.452,91.911,1.396,-17.53484
592.043,1788243321.497952,1788243320.599897,-898.055,104.638,1.47187,-17.73922
592.144,1788243321.601516,1788243320.701105,-900.411,101.209,1.47187,-17.73922
592.242,1788243321.705764,1788243320.798592,-907.172,97.487,1.47187,-17.73922
592.351,1788243321.808482,1788243320.908129,-900.353,109.537,1.47187,-17.73922
592.456,1788243321.911823,1788243321.01324,-898.583,105.111,1.47187,-17.73922
592.56,1788243322.015075,1788243321.116311,-898.765,103.071,1.47187,-17.73922
592.666,1788243322.118522,1788243321.222327,-896.195,106.017,1.47187,-17.73922
592.767,1788243322.222158,1788243321.32409,-898.068,101.763,1.47187,-17.73922
592.865,1788243322.325459,1788243321.421357,-904.101,97.267,1.47187,-17.73922
592.974,1788243322.428843,1788243321.531036,-897.808,109.678,1.47187,-17.73922
593.071,1788243322.532309,1788243321.628064,-904.245,97.028,1.47187,-17.73922
593.216,1788243322.63584,1788243321.773024,-862.816,144.96,1.47187,-17.73922
593.325,1788243322.739001,1788243321.881405,-857.596,108.381,1.47187,-17.73922
593.406,1788243322.842705,1788243321.962744,-879.961,81.34,1.47187,-17.73922
593.491,1788243322.946155,1788243322.04828,-897.875,85.536,1.47187,-17.73922
593.596,1788243323.049845,1788243322.153177,-896.668,104.897,1.47187,-17.73922
593.699,1788243323.153985,1788243322.25579,-898.195,102.612,1.47187,-17.73922
593.796,1788243323.257804,1788243322.353158,-904.646,97.368,1.39448,-17.52509
593.906,1788243323.360797,1788243322.462402,-898.395,109.244,1.39448,-17.52509
594.005,1788243323.464416,1788243322.561427,-902.989,99.025,1.39448,-17.52509
594.19,1788243323.568061,1788243322.746913,-821.148,185.486,1.39448,-17.52509
596.568,1788243325.017018,1788243325.124448,107.429,2377.534,1.40928,-17.54313
596.568,1788243325.120359,1788243325.124602,4.243,0.154,1.40928,-17.54313
596.568,1788243325.224225,1788243325.12473,-99.495,0.128,1.40928,-17.54313
596.568,1788243325.327366,1788243325.124853,-202.513,0.123,1.40928,-17.54313
596.568,1788243325.430669,1788243325.124969,-305.699,0.116,1.40928,-17.54313
596.568,1788243325.534048,1788243325.125108,-408.94,0.139,1.40928,-17.54313
596.568,1788243325.637344,1788243325.125216,-512.128,0.108,1.40928,-17.54313
596.569,1788243325.740824,1788243325.125341,-615.484,0.125,1.40928,-17.54313
596.569,1788243325.844136,1788243325.125441,-718.695,0.1,1.40928,-17.54313
596.569,1788243325.947718,1788243325.12553,-822.188,0.089,1.40928,-17.54313
596.593,1788243326.051294,1788243325.149464,-901.829,23.934,1.40928,-17.54313
596.692,1788243326.155023,1788243325.24867,-906.353,99.205,1.40928,-17.54313
596.8,1788243326.258519,1788243325.357183,-901.336,108.514,1.40928,-17.54313
596.904,1788243326.36199,1788243325.460643,-901.347,103.459,1.40928,-17.54313
597.043,1788243326.46531,1788243325.600163,-865.147,139.52,1.40928,-17.54313
597.146,1788243326.568456,1788243325.702884,-865.572,102.721,1.40928,-17.54313
597.217,1788243326.672252,1788243325.774031,-898.22,71.147,1.40928,-17.54313
597.322,1788243326.775609,1788243325.879101,-896.508,105.07,1.40928,-17.54313
597.462,1788243326.879143,1788243326.018622,-860.521,139.521,1.4621,-17.62262
597.531,1788243326.982401,1788243326.08738,-895.021,68.758,1.4621,-17.62262
597.638,1788243327.085856,1788243326.195028,-890.828,107.648,1.4621,-17.62262
597.734,1788243327.189483,1788243326.290981,-898.502,95.953,1.4621,-17.62262
597.838,1788243327.295094,1788243326.395055,-900.039,104.073,1.4621,-17.62262
597.939,1788243327.397403,1788243326.496256,-901.147,101.201,1.4621,-17.62262
598.042,1788243327.500114,1788243326.599237,-900.877,102.982,1.4621,-17.62262
598.148,1788243327.603617,1788243326.704762,-898.855,105.525,1.4621,-17.62262
598.247,1788243327.707282,1788243326.803966,-903.316,99.204,1.4621,-17.62262
598.356,1788243327.810918,1788243326.913208,-897.71,109.242,1.4621,-17.62262
598.463,1788243327.914429,1788243327.020127,-894.303,106.919,1.4621,-17.62262
598.555,1788243328.01801,1788243327.111817,-906.193,91.691,1.4621,-17.62262
598.673,1788243328.121354,1788243327.230193,-891.161,118.376,1.4621,-17.62262
598.773,1788243328.225111,1788243327.329489,-895.622,99.296,1.4621,-17.62262
598.886,1788243328.32846,1788243327.442571,-885.889,113.082,1.4621,-17.62262
598.981,1788243328.431952,1788243327.537931,-894.021,95.36,1.4621,-17.62262
599.098,1788243328.537434,1788243327.654846,-882.588,116.915,1.4621,-17.62262
599.184,1788243328.639485,1788243327.740498,-898.987,85.652,1.4621,-17.62262
599.29,1788243328.742435,1788243327.846562,-895.872,106.064,1.38943,-17.48004
599.394,1788243328.845905,1788243327.951244,-894.661,104.681,1.38943,-17.48004
599.496,1788243328.949742,1788243328.052848,-896.894,101.604,1.38943,-17.48004
599.625,1788243329.052967,1788243328.181496,-871.471,128.648,1.38943,-17.48004
599.701,1788243329.156651,1788243328.257588,-899.063,76.093,1.38943,-17.48004
599.799,1788243329.260102,1788243328.35562,-904.482,98.032,1.38943,-17.48004
599.91,1788243329.363423,1788243328.466882,-896.541,111.262,1.38943,-17.48004
600.005,1788243329.467231,1788243328.561283,-905.948,94.402,1.38943,-17.48004
600.123,1788243329.570606,1788243328.679859,-890.747,118.576,1.38943,-17.48004
600.223,1788243329.674152,1788243328.779674,-894.478,99.814,1.38943,-17.48004
600.32,1788243329.77744,1788243328.876857,-900.583,97.183,1.38943,-17.48004
600.428,1788243329.88145,1788243328.984528,-896.922,107.671,1.38943,-17.48004
600.531,1788243329.984843,1788243329.087687,-897.156,103.159,1.38943,-17.48004
600.652,1788243330.088229,1788243329.208738,-879.491,121.052,1.38943,-17.48004
600.767,1788243330.192647,1788243329.323371,-869.276,114.633,1.38943,-17.48004
600.839,1788243330.294995,1788243329.396194,-898.802,72.823,1.38943,-17.48004
600.948,1788243330.398551,1788243329.504579,-893.971,108.386,1.38943,-17.48004
601.043,1788243330.502269,1788243329.599633,-902.636,95.054,1.38943,-17.48004
601.163,1788243330.605658,1788243329.720096,-885.562,120.463,1.35954,-17.36647
601.251,1788243330.710297,1788243329.808164,-902.133,88.069,1.35954,-17.36647
601.358,1788243330.812753,1788243329.914588,-898.164,106.424,1.35954,-17.36647
601.464,1788243330.916555,1788243330.020391,-896.163,105.803,1.35954,-17.36647
601.564,1788243331.019989,1788243330.120776,-899.213,100.385,1.35954,-17.36647
601.67,1788243331.123596,1788243330.227248,-896.348,106.472,1.35954,-17.36647
601.777,1788243331.227086,1788243330.334044,-893.043,106.795,1.35954,-17.36647
601.91,1788243331.33049,1788243330.466282,-864.208,132.239,1.35954,-17.36647
601.976,1788243331.433947,1788243330.532868,-901.078,66.586,1.35954,-17.36647
602.083,1788243331.537503,1788243330.639574,-897.929,106.706,1.35954,-17.36647
602.184,1788243331.641052,1788243330.740969,-900.084,101.395,1.35954,-17.36647
602.322,1788243331.744444,1788243330.879185,-865.259,138.216,1.35954,-17.36647
602.402,1788243331.847858,1788243330.959185,-888.673,80.0,1.35954,-17.36647
602.493,1788243331.951609,1788243331.049718,-901.89,90.533,1.35954,-17.36647
602.616,1788243332.055375,1788243331.172708,-882.667,122.989,1.35954,-17.36647
602.707,1788243332.158798,1788243331.263604,-895.193,90.896,1.35954,-17.36647
602.817,1788243332.262259,1788243331.374056,-888.202,110.452,1.35954,-17.36647
602.908,1788243332.365726,1788243331.464874,-900.852,90.818,1.35954,-17.36647
603.03,1788243332.469302,1788243331.586392,-882.91,121.518,1.36023,-17.32171
603.114,1788243332.572688,1788243331.670467,-902.221,84.075,1.36023,-17.32171
603.269,1788243332.676096,1788243331.825366,-850.73,154.899,1.36023,-17.32171
603.331,1788243332.779508,1788243331.888205,-891.303,62.839,1.36023,-17.32171
603.466,1788243332.882979,1788243332.02253,-860.449,134.326,1.36023,-17.32171
603.591,1788243332.986449,1788243332.148173,-838.275,125.643,1.36023,-17.32171
604.114,1788243333.090065,1788243332.670936,-419.13,522.763,1.36023,-17.32171
606.911,1788243334.850337,1788243335.468097,617.76,2797.161,1.36023,-17.32171
606.911,1788243334.954199,1788243335.46828,514.081,0.183,1.36023,-17.32171
606.912,1788243335.781913,1788243335.468453,-313.46,0.173,1.36023,-17.32171
606.912,1788243335.576062,1788243335.468578,-107.484,0.125,1.36023,-17.32171
606.919,1788243335.885561,1788243335.476026,-409.535,7.449,1.36023,-17.32171
607.251,1788243336.299432,1788243335.807804,-491.628,331.777,1.36023,-17.32171
607.251,1788243336.402904,1788243335.808167,-594.737,0.364,1.36023,-17.32171
607.444,1788243336.506941,1788243336.000434,-506.507,192.266,1.36023,-17.32171
607.597,1788243336.714221,1788243336.153426,-560.796,152.992,1.36023,-17.32171
607.707,1788243336.817612,1788243336.263723,-553.89,110.297,1.36023,-17.32171
607.96,1788243337.12823,1788243336.516591,-611.639,252.868,1.36023,-17.32171
608.224,1788243337.231858,1788243336.780392,-451.466,263.801,1.36023,-17.32171
608.819,1788243337.542496,1788243337.375607,-166.889,595.215,1.36023,-17.32171
609.041,1788243337.957064,1788243337.597991,-359.073,222.384,1.36023,-17.32171
609.2,1788243338.164005,1788243337.75656,-407.445,158.569,1.36023,-17.32171
609.35,1788243338.577712,1788243337.907211,-670.501,150.651,1.26595,-17.08075
610.091,1788243338.68125,1788243338.647684,-33.566,740.473,1.26595,-17.08075
610.77,1788243339.19941,1788243339.327274,127.864,679.59,1.26595,-17.08075
611.106,1788243339.716724,1788243339.662808,-53.916,335.534,1.26595,-17.08075
611.823,1788243340.233872,1788243340.379899,146.027,717.091,1.26595,-17.08075
612.782,1788243341.165339,1788243341.338635,173.296,958.737,1.26595,-17.08075
613.148,1788243341.579587,1788243341.705096,125.51,366.461,1.26595,-17.08075
613.638,1788243342.303895,1788243342.195201,-108.694,490.104,1.26595,-17.08075
613.727,1788243342.821611,1788243342.28354,-538.071,88.339,1.26595,-17.08075
614.106,1788243343.028548,1788243342.662547,-366.001,379.007,1.26595,-17.08075
614.849,1788243343.753752,1788243343.405475,-348.277,742.928,1.26595,-17.08075
615.343,1788243344.16769,1788243343.899513,-268.177,494.038,1.26595,-17.08075
616.115,1788243344.374773,1788243344.672255,297.482,772.743,1.26595,-17.08075
617.079,1788243344.995776,1788243345.635351,639.575,963.096,1.26595,-17.08075
617.722,1788243346.444073,1788243346.278884,-165.189,643.533,1.26595,-17.08075
618.236,1788243346.858639,1788243346.792685,-65.953,513.801,1.26595,-17.08075
619.578,1788243347.375575,1788243348.134725,759.15,1342.04,1.26595,-17.08075
620.48,1788243347.789648,1788243349.03718,1247.531,902.455,1.26595,-17.08075
621.219,1788243349.549315,1788243349.775591,226.276,738.412,1.26595,-17.08075
621.908,1788243350.274611,1788243350.46445,189.839,688.859,1.26595,-17.08075
622.952,1788243351.102739,1788243351.50878,406.041,1044.33,1.26595,-17.08075
623.386,1788243351.516745,1788243351.942849,426.104,434.069,1.26595,-17.08075
623.778,1788243352.551713,1788243352.334597,-217.116,391.748,1.26595,-17.08075
623.931,1788243352.862965,1788243352.487771,-375.194,153.174,1.26595,-17.08075
624.159,1788243353.27729,1788243352.71553,-561.759,227.759,1.26595,-17.08075
624.368,1788243353.48432,1788243352.92511,-559.21,209.58,1.26595,-17.08075
624.542,1788243353.79533,1788243353.098888,-696.442,173.778,1.26595,-17.08075
624.772,1788243353.89864,1788243353.329118,-569.522,230.23,1.26595,-17.08075
624.84,1788243354.002483,1788243353.396767,-605.716,67.649,1.26595,-17.08075
624.891,1788243354.209304,1788243353.447593,-761.711,50.826,1.26595,-17.08075
625.051,1788243354.313305,1788243353.608163,-705.142,160.57,1.26595,-17.08075
625.097,1788243354.416478,1788243353.653892,-762.586,45.729,1.26595,-17.08075
625.304,1788243354.520029,1788243353.861245,-658.784,207.353,1.26595,-17.08075
625.308,1788243354.62364,1788243353.864794,-758.846,3.549,1.26595,-17.08075
625.381,1788243354.726984,1788243353.937915,-789.068,73.122,1.26595,-17.08075
625.48,1788243354.830685,1788243354.036934,-793.751,99.018,1.26595,-17.08075
625.609,1788243354.934727,1788243354.165956,-768.771,129.022,1.26595,-17.08075
625.659,1788243355.03936,1788243354.215696,-823.665,49.74,1.26595,-17.08075
625.927,1788243355.141546,1788243354.484247,-657.299,268.551,1.26595,-17.08075
625.928,1788243355.245813,1788243354.485049,-760.764,0.803,1.26595,-17.08075
625.954,1788243355.349182,1788243354.511184,-837.998,26.135,1.26595,-17.08075
626.043,1788243355.451998,1788243354.599948,-852.051,88.763,1.26595,-17.08075
626.168,1788243355.555494,1788243354.72528,-830.214,125.332,1.26595,-17.08075
626.278,1788243355.659014,1788243354.835152,-823.862,109.872,1.26595,-17.08075
626.335,1788243355.762941,1788243354.892148,-870.793,56.996,1.26595,-17.08075
626.469,1788243355.86648,1788243355.026204,-840.276,134.056,1.26595,-17.08075
626.527,1788243355.97076,1788243355.083526,-887.235,57.322,1.26595,-17.08075
626.746,1788243356.073788,1788243355.302971,-770.817,219.445,1.26595,-17.08075
626.828,1788243356.177228,1788243355.384715,-792.514,81.744,1.26595,-17.08075
627.038,1788243356.280946,1788243355.594516,-686.43,209.801,1.26595,-17.08075
627.294,1788243356.384496,1788243355.850451,-534.045,255.936,1.26595,-17.08075
627.786,1788243356.591674,1788243356.34328,-248.394,492.829,1.26595,-17.08075
628.35,1788243356.902371,1788243356.906427,4.056,563.147,1.26595,-17.08075
629.175,1788243357.523942,1788243357.731596,207.654,825.169,1.26595,-17.08075
629.418,1788243358.559996,1788243357.975127,-584.869,243.531,1.26595,-17.08075
629.768,1788243358.767241,1788243358.32491,-442.331,349.783,1.26595,-17.08075
630.094,1788243359.077406,1788243358.651175,-426.23,326.266,1.26595,-17.08075
630.741,1788243359.284694,1788243359.298164,13.471,646.989,1.26595,-17.08075
631.164,1788243359.906835,1788243359.721161,-185.675,422.996,1.26595,-17.08075
631.663,1788243360.320871,1788243360.219443,-101.428,498.282,1.26595,-17.08075
631.862,1788243360.734385,1788243360.41918,-315.206,199.737,1.26595,-17.08075
632.05,1788243361.252563,1788243360.607034,-645.529,187.855,1.26595,-17.08075
632.342,1788243361.459332,1788243360.898379,-560.953,291.344,1.26595,-17.08075
632.575,1788243361.562889,1788243361.131869,-431.02,233.49,1.26595,-17.08075
632.788,1788243361.77043,1788243361.344519,-425.911,212.651,1.26595,-17.08075
632.976,1788243361.977336,1788243361.533217,-444.119,188.698,1.26595,-17.08075
633.467,1788243362.183789,1788243362.023907,-159.882,490.69,1.26595,-17.08075
634.324,1788243362.598872,1788243362.880763,281.891,856.855,1.26595,-17.08075
634.654,1788243363.634323,1788243363.210879,-423.444,330.117,1.26595,-17.08075
634.961,1788243363.94487,1788243363.517754,-427.116,306.875,1.26595,-17.08075
635.107,1788243364.151577,1788243363.663988,-487.589,146.233,1.26595,-17.08075
635.304,1788243364.461729,1788243363.860606,-601.123,196.618,1.26595,-17.08075
635.554,1788243364.668866,1788243364.110561,-558.305,249.955,1.26595,-17.08075
635.756,1788243364.772674,1788243364.313172,-459.502,202.61,1.26595,-17.08075
635.909,1788243365.082806,1788243364.465897,-616.909,152.725,1.26595,-17.08075
636.461,1788243365.186428,1788243365.018033,-168.396,552.136,1.26595,-17.08075
636.956,1788243365.393849,1788243365.512542,118.693,494.509,1.26595,-17.08075
637.362,1788243366.221586,1788243365.918846,-302.74,406.304,1.26595,-17.08075
638.24,1788243366.635771,1788243366.79694,161.17,878.094,1.26595,-17.08075
638.41,1788243367.464764,1788243366.966311,-498.453,169.37,1.26595,-17.08075
638.605,1788243367.568052,1788243367.162013,-406.039,195.702,1.26595,-17.08075
639.547,1788243367.87881,1788243368.10355,224.74,941.537,1.26595,-17.08075
639.949,1788243368.086924,1788243368.505637,418.712,402.087,1.26595,-17.08075
640.59,1788243369.225511,1788243369.146546,-78.965,640.909,1.26595,-17.08075
640.966,1788243369.432112,1788243369.523084,90.972,376.538,1.26595,-17.08075
641.186,1788243370.36422,1788243369.743113,-621.107,220.029,1.26595,-17.08075
641.421,1788243370.467634,1788243369.978031,-489.604,234.918,1.26595,-17.08075
641.59,1788243370.571006,1788243370.14688,-424.126,168.849,1.26595,-17.08075
641.9,1788243370.777962,1788243370.456775,-321.187,309.895,1.26595,-17.08075
642.029,1788243371.192067,1788243370.585657,-606.41,128.882,1.26595,-17.08075
642.282,1788243371.399126,1788243370.838532,-560.594,252.875,1.26595,-17.08075
642.785,1788243371.50194,1788243371.341579,-160.361,503.047,1.26595,-17.08075
643.475,1788243372.123123,1788243372.031971,-91.152,690.392,1.26595,-17.08075
643.931,1788243372.536975,1788243372.488009,-48.966,456.038,1.26595,-17.08075
644.566,1788243372.951967,1788243373.122378,170.412,634.369,1.26595,-17.08075
644.641,1788243373.780302,1788243373.197401,-582.901,75.023,1.26595,-17.08075
644.811,1788243373.987347,1788243373.367872,-619.475,170.471,1.26595,-17.08075
645.17,1788243374.0905,1788243373.727024,-363.475,359.152,1.26595,-17.08075
645.473,1788243374.401602,1788243374.030067,-371.534,303.043,1.26595,-17.08075
645.739,1788243374.816002,1788243374.295538,-520.464,265.471,1.26595,-17.08075
645.979,1788243375.022724,1788243374.536179,-486.546,240.64,1.26595,-17.08075
646.286,1788243375.230023,1788243374.842744,-387.279,306.566,1.26595,-17.08075
646.684,1788243375.54144,1788243375.240948,-300.491,398.204,1.26595,-17.08075
646.942,1788243375.851712,1788243375.498724,-352.987,257.776,1.26595,-17.08075
647.284,1788243376.266085,1788243375.840583,-425.501,341.859,1.26595,-17.08075
647.502,1788243376.577007,1788243376.05879,-518.217,218.207,1.26595,-17.08075
648.022,1788243376.78396,1788243376.578433,-205.527,519.643,1.26595,-17.08075
648.661,1788243377.199234,1788243377.217531,18.297,639.098,1.26595,-17.08075
649.024,1788243377.923682,1788243377.580588,-343.094,363.057,1.26595,-17.08075
649.351,1788243378.337724,1788243377.907332,-430.392,326.744,1.26595,-17.08075
650.186,1788243378.648262,1788243378.742485,94.223,835.153,1.26595,-17.08075
650.767,1788243379.476369,1788243379.324083,-152.286,581.598,1.26595,-17.08075
651.079,1788243379.891015,1788243379.635602,-255.414,311.519,1.26595,-17.08075
651.675,1788243380.201131,1788243380.232025,30.894,596.423,1.26595,-17.08075
652.804,1788243381.029902,1788243381.360729,330.827,1128.704,1.26595,-17.08075
653.592,1788243381.547611,1788243382.149179,601.568,788.45,1.26595,-17.08075
654.438,1788243382.272448,1788243382.99514,722.692,845.961,1.26595,-17.08075
654.686,1788243383.61864,1788243383.242928,-375.712,247.788,1.26595,-17.08075
655.566,1788243383.929069,1788243384.122855,193.786,879.927,1.26595,-17.08075
656.077,1788243384.861042,1788243384.633537,-227.504,510.682,1.26595,-17.08075
656.488,1788243385.482436,1788243385.045094,-437.341,411.557,1.26595,-17.08075
656.641,1788243385.689547,1788243385.197693,-491.854,152.599,1.26595,-17.08075
656.698,1788243385.7938,1788243385.254884,-538.916,57.191,1.26595,-17.08075
656.855,1788243386.000793,1788243385.412084,-588.71,157.199,1.26595,-17.08075
657.016,1788243386.20729,1788243385.572819,-634.471,160.736,1.26595,-17.08075
657.148,1788243386.311114,1788243385.704585,-606.529,131.766,1.26595,-17.08075
657.148,1788243386.518754,1788243385.705051,-813.703,0.466,1.26595,-17.08075
657.232,1788243386.621646,1788243385.788592,-833.054,83.541,1.26595,-17.08075
657.372,1788243386.725403,1788243385.928889,-796.514,140.297,1.26595,-17.08075
657.438,1788243386.828669,1788243385.994323,-834.346,65.435,1.26595,-17.08075
657.567,1788243386.932505,1788243386.124126,-808.379,129.803,1.26595,-17.08075
657.701,1788243387.035851,1788243386.258185,-777.665,134.059,1.26595,-17.08075
657.803,1788243387.13931,1788243386.36018,-779.13,101.995,1.26595,-17.08075
657.952,1788243387.244043,1788243386.508328,-735.714,148.148,1.26595,-17.08075
658.487,1788243387.346594,1788243387.043485,-303.109,535.156,1.26595,-17.08075
659.003,1788243387.760903,1788243387.559507,-201.397,516.022,1.26595,-17.08075
659.429,1788243388.38184,1788243387.985699,-396.141,426.193,1.26595,-17.08075
659.5,1788243388.588854,1788243388.056989,-531.865,71.29,1.26595,-17.08075
659.763,1788243388.795623,1788243388.319582,-476.041,262.592,1.26595,-17.08075
659.929,1788243389.002666,1788243388.48535,-517.315,165.769,1.26595,-17.08075
660.138,1788243389.209548,1788243388.69481,-514.737,209.46,1.26595,-17.08075
660.578,1788243389.520508,1788243389.134949,-385.558,440.139,1.26595,-17.08075
660.838,1788243389.830597,1788243389.395164,-435.433,260.215,1.26595,-17.08075
661.242,1788243389.934254,1788243389.798299,-135.954,403.135,1.26595,-17.08075
661.555,1788243390.556044,1788243390.111316,-444.728,313.016,1.26595,-17.08075
661.765,1788243390.762352,1788243390.321538,-440.814,210.222,1.26595,-17.08075
662.021,1788243391.176244,1788243390.577935,-598.309,256.397,1.26595,-17.08075
662.324,1788243391.279813,1788243390.881181,-398.632,303.247,1.26595,-17.08075
662.46,1788243391.693475,1788243391.016379,-677.096,135.198,1.26595,-17.08075
662.573,1788243391.797496,1788243391.130137,-667.359,113.758,1.26595,-17.08075
662.995,1788243391.901113,1788243391.551587,-349.526,421.45,1.26595,-17.08075
663.588,1788243392.211761,1788243392.145151,-66.61,593.564,1.26595,-17.08075
664.14,1788243392.93652,1788243392.69726,-239.259,552.109,1.26595,-17.08075
664.512,1788243393.351061,1788243393.069142,-281.919,371.882,1.26595,-17.08075
665.186,1788243393.765106,1788243393.743153,-21.953,674.011,1.26595,-17.08075
666.188,1788243395.111397,1788243394.745032,-366.365,1001.879,1.26595,-17.08075
666.476,1788243395.421886,1788243395.03325,-388.636,288.218,1.26595,-17.08075
666.825,1788243395.732753,1788243395.381665,-351.088,348.415,1.26595,-17.08075
667.156,1788243396.250332,1788243395.712923,-537.409,331.259,1.26595,-17.08075
667.368,1788243396.353844,1788243395.925257,-428.587,212.334,1.26595,-17.08075
667.638,1788243396.768428,1788243396.195225,-573.203,269.968,1.26595,-17.08075
667.893,1788243396.974994,1788243396.449508,-525.486,254.283,1.26595,-17.08075
667.949,1788243397.182281,1788243396.505734,-676.546,56.226,1.26595,-17.08075
668.177,1788243397.285842,1788243396.733407,-552.435,227.672,1.26595,-17.08075
668.323,1788243397.492802,1788243396.87955,-613.252,146.144,1.26595,-17.08075
668.323,1788243397.596405,1788243396.87968,-716.725,0.13,1.26595,-17.08075
668.427,1788243397.699938,1788243396.983632,-716.305,103.952,1.26595,-17.08075
668.545,1788243397.803447,1788243397.101612,-701.834,117.98,1.26595,-17.08075
668.646,1788243397.907041,1788243397.203255,-703.786,101.642,1.26595,-17.08075
668.834,1788243398.01083,1788243397.390902,-619.928,187.647,1.26595,-17.08075
668.902,1788243398.114469,1788243397.458469,-656.0,67.568,1.26595,-17.08075
669.036,1788243398.321604,1788243397.593179,-728.424,134.71,1.26595,-17.08075
669.18,1788243398.425328,1788243397.736554,-688.774,143.374,1.26595,-17.08075
669.344,1788243398.528683,1788243397.900854,-627.829,164.3,1.26595,-17.08075
669.493,1788243398.632368,1788243398.049595,-582.773,148.741,1.26595,-17.08075
669.62,1788243398.839273,1788243398.177269,-662.005,127.674,1.26595,-17.08075
669.958,1788243398.943035,1788243398.514638,-428.397,337.369,1.26595,-17.08075
670.054,1788243399.25392,1788243398.610688,-643.232,96.05,1.26595,-17.08075
670.314,1788243399.357242,1788243398.870584,-486.658,259.896,1.26595,-17.08075
670.4,1788243399.56435,1788243398.956782,-607.568,86.198,1.26595,-17.08075
670.681,1788243399.77148,1788243399.237368,-534.112,280.586,1.26595,-17.08075
670.735,1788243399.874808,1788243399.292005,-582.803,54.637,1.26595,-17.08075
671.072,1788243400.082248,1788243399.628751,-453.497,336.746,1.26595,-17.08075
671.394,1788243400.3926,1788243399.951192,-441.408,322.441,1.26595,-17.08075
671.762,1788243400.599781,1788243400.318348,-281.433,367.156,1.26595,-17.08075
672.179,1788243401.117975,1788243400.736192,-381.783,417.845,1.26595,-17.08075
672.702,1788243401.532768,1788243401.25911,-273.658,522.918,1.26595,-17.08075
673.142,1788243401.945991,1788243401.698764,-247.227,439.653,1.26595,-17.08075
673.442,1788243402.359872,1788243401.998763,-361.109,300.0,1.26595,-17.08075
673.594,1788243402.670689,1788243402.150306,-520.383,151.542,1.26595,-17.08075
674.074,1788243402.774128,1788243402.630656,-143.473,480.35,1.26595,-17.08075
674.806,1788243403.084717,1788243403.362729,278.012,732.073,1.26595,-17.08075
676.053,1788243404.017015,1788243404.60958,592.564,1246.851,1.26595,-17.08075
676.719,1788243405.258906,1788243405.275639,16.733,666.06,1.26595,-17.08075
677.35,1788243405.983935,1788243405.906344,-77.592,630.704,1.26595,-17.08075
677.517,1788243406.604649,1788243406.073535,-531.114,167.192,1.26595,-17.08075
677.655,1788243406.811538,1788243406.211667,-599.872,138.131,1.26595,-17.08075
677.847,1788243407.01823,1788243406.403531,-614.699,191.864,1.26595,-17.08075
678.183,1788243407.122044,1788243406.739774,-382.271,336.243,1.26595,-17.08075
678.449,1788243407.433712,1788243407.006109,-427.603,266.335,1.26595,-17.08075
679.075,1788243407.639851,1788243407.631429,-8.422,625.32,1.26595,-17.08075
679.282,1788243408.157641,1788243407.838856,-318.785,207.427,1.26595,-17.08075
679.283,1788243408.364614,1788243407.840063,-524.552,1.207,1.26595,-17.08075
679.449,1788243408.571729,1788243408.005292,-566.437,165.23,1.26595,-17.08075
679.51,1788243408.77884,1788243408.066917,-711.923,61.625,1.26595,-17.08075
679.684,1788243408.882096,1788243408.240883,-641.214,173.965,1.26595,-17.08075
679.931,1788243409.089158,1788243408.487889,-601.269,247.006,1.26595,-17.08075
680.156,1788243409.192836,1788243408.713268,-479.568,225.379,1.26595,-17.08075
680.426,1788243409.296447,1788243408.983078,-313.368,269.811,1.26595,-17.08075
680.903,1788243409.710531,1788243409.459417,-251.114,476.338,1.26595,-17.08075
680.903,1788243410.02143,1788243409.460117,-561.313,0.7,1.26595,-17.08075
680.964,1788243410.124748,1788243409.520374,-604.374,60.257,1.26595,-17.08075
681.019,1788243410.228199,1788243409.576138,-652.061,55.764,1.26595,-17.08075
681.272,1788243410.331743,1788243409.829218,-502.525,253.08,1.26595,-17.08075
681.373,1788243410.642527,1788243409.929953,-712.574,100.735,1.26595,-17.08075
681.453,1788243410.745389,1788243410.010023,-735.366,80.07,1.26595,-17.08075
681.612,1788243410.848795,1788243410.16867,-680.125,158.647,1.26595,-17.08075
681.898,1788243410.952583,1788243410.454702,-497.882,286.032,1.26595,-17.08075
681.898,1788243411.159581,1788243410.45518,-704.401,0.478,1.26595,-17.08075
682.141,1788243411.262884,1788243410.697551,-565.333,242.372,1.26595,-17.08075
682.421,1788243411.470368,1788243410.977923,-492.445,280.372,1.26595,-17.08075
682.558,1788243411.677778,1788243411.114588,-563.189,136.665,1.26595,-17.08075
682.835,1788243411.781228,1788243411.392004,-389.224,277.416,1.26595,-17.08075
682.954,1788243411.987995,1788243411.510363,-477.632,118.359,1.26595,-17.08075
683.063,1788243412.195312,1788243411.620148,-575.164,109.785,1.26595,-17.08075
683.186,1788243412.402544,1788243411.742486,-660.058,122.339,1.26595,-17.08075
683.35,1788243412.505709,1788243411.906707,-599.002,164.22,1.26595,-17.08075
683.57,1788243412.609363,1788243412.127147,-482.216,220.44,1.26595,-17.08075
683.649,1788243412.817429,1788243412.206037,-611.392,78.89,1.26595,-17.08075
684.874,1788243413.127692,1788243413.430514,302.822,1224.477,1.26595,-17.08075
685.596,1788243413.334477,1788243414.153087,818.61,722.574,1.26595,-17.08075
686.186,1788243414.473487,1788243414.742532,269.045,589.445,1.26595,-17.08075
686.42,1788243415.198076,1788243414.976475,-221.6,233.943,1.26595,-17.08075
686.646,1788243415.71594,1788243415.202781,-513.159,226.305,1.26595,-17.08075
687.17,1788243415.923272,1788243415.726419,-196.853,523.638,1.26595,-17.08075
687.686,1788243416.544664,1788243416.242318,-302.346,515.899,1.26595,-17.08075
688.488,1788243416.855602,1788243417.044333,188.732,802.015,1.26595,-17.08075
689.212,1788243417.787585,1788243417.768796,-18.788,724.463,1.26595,-17.08075
690.02,1788243418.512467,1788243418.576484,64.017,807.688,1.26595,-17.08075
690.445,1788243418.927202,1788243419.001672,74.47,425.188,1.26595,-17.08075
690.967,1788243419.75565,1788243419.523701,-231.949,522.029,1.26595,-17.08075
691.252,1788243420.170271,1788243419.809197,-361.074,285.496,1.26595,-17.08075
691.669,1788243420.377505,1788243420.225415,-152.09,416.218,1.26595,-17.08075
691.807,1788243420.89497,1788243420.363851,-531.12,138.436,1.26595,-17.08075
692.04,1788243421.101642,1788243420.596829,-504.813,232.979,1.26595,-17.08075
692.853,1788243421.412283,1788243421.410281,-2.002,813.452,1.26595,-17.08075
693.1,1788243421.826963,1788243421.657018,-169.945,246.737,1.26595,-17.08075
693.204,1788243422.241532,1788243421.760849,-480.682,103.831,1.26595,-17.08075
693.391,1788243422.55216,1788243421.947808,-604.352,186.958,1.26595,-17.08075
693.609,1788243422.759248,1788243422.165311,-593.938,217.503,1.26595,-17.08075
693.808,1788243422.862532,1788243422.364937,-497.595,199.626,1.26595,-17.08075
694.016,1788243423.069576,1788243422.573193,-496.382,208.256,1.26595,-17.08075
694.298,1788243423.277034,1788243422.854377,-422.657,281.183,1.26595,-17.08075
694.95,1788243423.587492,1788243423.507152,-80.339,652.776,1.26595,-17.08075
695.438,1788243423.897902,1788243423.994714,96.812,487.561,1.26595,-17.08075
695.886,1788243424.726075,1788243424.442708,-283.367,447.994,1.26595,-17.08075
696.762,1788243425.139798,1788243425.318681,178.884,875.973,1.26595,-17.08075
697.211,1788243425.968698,1788243425.767788,-200.91,449.107,1.26595,-17.08075
697.328,1788243426.486725,1788243425.88472,-602.005,116.932,1.26595,-17.08075
697.868,1788243426.589893,1788243426.425183,-164.71,540.463,1.26595,-17.08075
698.501,1788243426.693518,1788243427.057388,363.87,632.205,1.26595,-17.08075
699.387,1788243427.728893,1788243427.943803,214.91,886.415,1.26595,-17.08075
700.342,1788243428.660542,1788243428.898519,237.977,954.716,1.26595,-17.08075
700.647,1788243429.178588,1788243429.204123,25.535,305.605,1.26595,-17.08075
701.392,1788243429.799145,1788243429.948429,149.284,744.305,1.26595,-17.08075
701.697,1788243430.213764,1788243430.253289,39.525,304.86,1.26595,-17.08075
702.031,1788243430.524371,1788243430.587364,62.993,334.075,1.26595,-17.08075
702.486,1788243430.937983,1788243431.042963,104.98,455.599,1.26595,-17.08075
702.828,1788243431.456198,1788243431.385261,-70.937,342.299,1.26595,-17.08075
703.138,1788243432.180145,1788243431.694324,-485.821,309.063,1.26595,-17.08075
704.078,1788243432.387343,1788243432.634589,247.247,940.265,1.26595,-17.08075
704.511,1788243432.801784,1788243433.068035,266.251,433.446,1.26595,-17.08075
704.788,1788243433.836039,1788243433.344907,-491.132,276.872,1.26595,-17.08075
705.536,1788243434.146502,1788243434.092667,-53.834,747.76,1.26595,-17.08075
705.707,1788243434.250261,1788243434.263555,13.294,170.888,1.26595,-17.08075
706.01,1788243434.664597,1788243434.566905,-97.692,303.35,1.26595,-17.08075
706.59,1788243434.975045,1788243435.146302,171.256,579.396,1.26595,-17.08075
707.135,1788243435.700117,1788243435.691551,-8.566,545.249,1.26595,-17.08075
707.515,1788243436.217811,1788243436.071462,-146.349,379.912,1.26595,-17.08075
708.119,1788243436.632274,1788243436.675538,43.263,604.075,1.26595,-17.08075
708.185,1788243437.047083,1788243436.741688,-305.395,66.151,1.26595,-17.08075
708.351,1788243437.356943,1788243436.907632,-449.311,165.944,1.26595,-17.08075
708.469,1788243437.666979,1788243437.026251,-640.728,118.618,1.26595,-17.08075
708.723,1788243437.771201,1788243437.27988,-491.321,253.629,1.26595,-17.08075
708.87,1788243437.977708,1788243437.427103,-550.605,147.224,1.26595,-17.08075
708.961,1788243438.288511,1788243437.517702,-770.809,90.598,1.26595,-17.08075
709.193,1788243438.392783,1788243437.749787,-642.996,232.085,1.26595,-17.08075
709.373,1788243438.495366,1788243437.92978,-565.586,179.993,1.26595,-17.08075
709.58,1788243438.702531,1788243438.137187,-565.344,207.408,1.26595,-17.08075
709.71,1788243438.805897,1788243438.266316,-539.581,129.128,1.26595,-17.08075
709.887,1788243439.013351,1788243438.444275,-569.076,177.959,1.26595,-17.08075
710.125,1788243439.220431,1788243438.68158,-538.851,237.305,1.26595,-17.08075
710.927,1788243439.32395,1788243439.483501,159.551,801.921,1.26595,-17.08075
711.473,1788243440.256085,1788243440.029696,-226.389,546.195,1.26595,-17.08075
711.583,1788243440.566836,1788243440.139968,-426.868,110.272,1.26595,-17.08075
712.225,1788243440.8775,1788243440.782197,-95.303,642.228,1.26595,-17.08075
712.654,1788243441.602442,1788243441.210608,-391.834,428.412,1.26595,-17.08075
712.786,1788243441.809646,1788243441.342491,-467.155,131.882,1.26595,-17.08075
712.875,1788243442.016521,1788243441.432069,-584.451,89.578,1.26595,-17.08075
713.038,1788243442.120358,1788243441.594754,-525.604,162.685,1.26595,-17.08075
713.084,1788243442.223966,1788243441.640861,-583.106,46.106,1.26595,-17.08075
713.248,1788243442.430971,1788243441.804721,-626.251,163.86,1.26595,-17.08075
713.392,1788243442.534591,1788243441.94903,-585.561,144.309,1.26595,-17.08075
713.687,1788243442.741535,1788243442.243877,-497.658,294.847,1.26595,-17.08075
713.689,1788243442.845019,1788243442.245442,-599.577,1.565,1.26595,-17.08075
713.695,1788243442.948606,1788243442.252035,-696.571,6.593,1.26595,-17.08075
713.808,1788243443.052449,1788243442.36472,-687.729,112.685,1.26595,-17.08075
713.997,1788243443.155801,1788243442.553577,-602.224,188.856,1.26595,-17.08075
714.102,1788243443.259464,1788243442.658306,-601.158,104.729,1.26595,-17.08075
714.401,1788243443.363328,1788243442.957785,-405.543,299.479,1.26595,-17.08075
714.503,1788243443.673706,1788243443.059827,-613.879,102.042,1.26595,-17.08075
715.022,1788243443.778123,1788243443.578762,-199.361,518.935,1.26595,-17.08075
715.392,1788243444.296044,1788243443.948725,-347.319,369.963,1.26595,-17.08075
715.79,1788243444.606466,1788243444.346769,-259.697,398.044,1.26595,-17.08075
715.921,1788243444.917465,1788243444.477476,-439.989,130.707,1.26595,-17.08075
716.15,1788243445.228159,1788243444.706973,-521.186,229.497,1.26595,-17.08075
716.338,1788243445.434793,1788243444.894795,-539.997,187.822,1.26595,-17.08075
716.51,1788243445.745303,1788243445.066755,-678.548,171.96,1.26595,-17.08075
716.654,1788243445.848699,1788243445.211098,-637.601,144.343,1.26595,-17.08075
716.966,1788243446.056329,1788243445.522566,-533.764,311.468,1.26595,-17.08075
717.176,1788243446.263746,1788243445.733181,-530.565,210.616,1.26595,-17.08075
717.578,1788243446.470614,1788243446.135145,-335.469,401.964,1.26595,-17.08075
718.396,1788243446.781544,1788243446.952571,171.027,817.426,1.26595,-17.08075
719.109,1788243447.61034,1788243447.665898,55.558,713.327,1.26595,-17.08075
719.32,1788243448.127696,1788243447.876503,-251.193,210.605,1.26595,-17.08075
719.415,1788243448.438231,1788243447.971569,-466.662,95.066,1.26595,-17.08075
719.513,1788243448.748505,1788243448.069783,-678.722,98.215,1.26595,-17.08075
719.645,1788243448.852292,1788243448.201572,-650.72,131.789,1.26595,-17.08075
719.931,1788243448.955854,1788243448.488225,-467.629,286.653,1.26595,-17.08075
719.932,1788243449.059268,1788243448.489246,-570.022,1.021,1.26595,-17.08075
719.933,1788243449.266377,1788243448.489493,-776.884,0.247,1.26595,-17.08075
720.02,1788243449.370043,1788243448.57669,-793.353,87.197,1.26595,-17.08075
720.114,1788243449.473448,1788243448.670451,-802.996,93.762,1.26595,-17.08075
720.159,1788243449.577989,1788243448.715451,-862.538,45.0,1.26595,-17.08075
720.323,1788243449.680588,1788243448.879811,-800.777,164.359,1.26595,-17.08075
720.499,1788243449.784083,1788243449.055291,-728.793,175.48,1.26595,-17.08075
721.28,1788243449.887548,1788243449.836337,-51.211,781.046,1.26595,-17.08075
721.624,1788243450.198441,1788243450.180584,-17.856,344.247,1.26595,-17.08075
722.194,1788243450.716382,1788243450.750412,34.03,569.828,1.26595,-17.08075
722.341,1788243451.440963,1788243450.897905,-543.058,147.493,1.26595,-17.08075
722.486,1788243451.648348,1788243451.04317,-605.178,145.265,1.26595,-17.08075
722.598,1788243451.751864,1788243451.154593,-597.272,111.422,1.26595,-17.08075
722.823,1788243451.855938,1788243451.379661,-476.277,225.068,1.26595,-17.08075
723.324,1788243451.959372,1788243451.880941,-78.431,501.28,1.26595,-17.08075
724.073,1788243452.892131,1788243452.629524,-262.606,748.583,1.26595,-17.08075
724.453,1788243453.20368,1788243453.0101,-193.58,380.575,1.26595,-17.08075
724.763,1788243453.720256,1788243453.319304,-400.953,309.204,1.26595,-17.08075
725.25,1788243453.927365,1788243453.807154,-120.21,487.851,1.26595,-17.08075
725.251,1788243454.341042,1788243453.808011,-533.031,0.857,1.26595,-17.08075
727.901,1788243455.998114,1788243456.457995,459.881,2649.984,1.26595,-17.08075
727.901,1788243456.205348,1788243456.458141,252.794,0.146,1.26595,-17.08075
727.901,1788243456.309488,1788243456.45823,148.742,0.088,1.26595,-17.08075
727.902,1788243456.41242,1788243456.458329,45.909,0.099,1.26595,-17.08075
727.902,1788243456.516003,1788243456.45847,-57.533,0.14,1.26595,-17.08075
727.902,1788243456.619628,1788243456.458617,-161.011,0.147,1.26595,-17.08075
727.902,1788243456.723433,1788243456.45876,-264.673,0.143,1.26595,-17.08075
727.902,1788243456.826891,1788243456.458897,-367.994,0.137,1.26595,-17.08075
728.172,1788243456.930457,1788243456.728313,-202.144,269.416,1.26595,-17.08075
728.172,1788243457.033876,1788243456.728498,-305.378,0.185,1.26595,-17.08075
728.172,1788243457.137521,1788243456.728607,-408.914,0.109,1.26595,-17.08075
728.217,1788243457.344464,1788243456.774234,-570.229,45.628,1.26595,-17.08075
728.647,1788243457.448369,1788243457.203625,-244.744,429.391,1.26595,-17.08075
729.179,1788243457.552375,1788243457.735719,183.344,532.094,1.26595,-17.08075
729.948,1788243458.483766,1788243458.504794,21.028,769.075,1.26595,-17.08075
731.187,1788243459.415721,1788243459.743673,327.952,1238.879,1.26595,-17.08075
731.499,1788243460.451734,1788243460.055445,-396.288,311.772,1.26595,-17.08075
731.727,1788243460.555124,1788243460.283283,-271.841,227.838,1.26595,-17.08075
731.922,1788243461.073355,1788243460.478341,-595.014,195.057,1.26595,-17.08075
732.087,1788243461.176693,1788243460.643385,-533.309,165.044,1.26595,-17.08075
732.296,1788243461.383671,1788243460.852622,-531.049,209.237,1.26595,-17.08075
732.513,1788243461.591073,1788243461.070156,-520.917,217.534,1.26595,-17.08075
732.757,1788243461.798157,1788243461.313896,-484.261,243.74,1.26595,-17.08075
733.074,1788243462.005446,1788243461.631073,-374.373,317.177,1.26595,-17.08075
733.313,1788243462.420842,1788243461.870013,-550.829,238.941,1.26595,-17.08075
733.53,1788243462.626945,1788243462.086796,-540.149,216.783,1.26595,-17.08075
733.773,1788243462.833843,1788243462.329973,-503.87,243.176,1.26595,-17.08075
734.059,1788243463.041257,1788243462.616096,-425.161,286.123,1.26595,-17.08075
734.662,1788243463.352067,1788243463.219101,-132.966,603.005,1.26595,-17.08075
734.663,1788243463.455658,1788243463.219539,-236.119,0.438,1.26595,-17.08075
734.663,1788243463.766353,1788243463.219948,-546.404,0.409,1.26595,-17.08075
734.663,1788243463.870387,1788243463.220136,-650.252,0.187,1.26595,-17.08075
734.664,1788243463.973927,1788243463.220585,-753.342,0.449,1.26595,-17.08075
734.874,1788243464.077276,1788243463.430831,-646.445,210.246,1.26595,-17.08075
734.89,1788243464.180904,1788243463.447257,-733.648,16.426,1.26595,-17.08075
735.12,1788243464.285526,1788243463.676899,-608.626,229.643,1.26595,-17.08075
735.264,1788243464.387842,1788243463.820525,-567.317,143.625,1.26595,-17.08075
735.387,1788243464.491351,1788243463.94375,-547.601,123.225,1.26595,-17.08075
735.808,1788243464.801897,1788243464.364532,-437.365,420.782,1.26595,-17.08075
736.11,1788243465.009418,1788243464.667143,-342.275,302.611,1.26595,-17.08075
736.277,1788243465.422767,1788243464.833488,-589.279,166.346,1.26595,-17.08075
736.783,1788243465.629757,1788243465.339321,-290.436,505.833,1.26595,-17.08075
737.025,1788243465.94038,1788243465.581374,-359.006,242.052,1.26595,-17.08075
737.263,1788243466.251554,1788243465.819913,-431.641,238.54,1.26595,-17.08075
737.453,1788243466.458723,1788243466.010021,-448.702,190.108,1.26595,-17.08075
737.585,1788243466.562459,1788243466.141485,-420.973,131.464,1.26595,-17.08075
737.706,1788243466.873122,1788243466.262562,-610.56,121.077,1.26595,-17.08075
737.829,1788243466.97691,1788243466.386175,-590.735,123.613,1.26595,-17.08075
737.901,1788243467.18402,1788243466.457778,-726.243,71.602,1.26595,-17.08075
737.98,1788243467.288134,1788243466.536366,-751.768,78.588,1.26595,-17.08075
738.104,1788243467.391813,1788243466.661226,-730.587,124.86,1.26595,-17.08075
738.453,1788243467.494714,1788243467.009655,-485.059,348.429,1.26595,-17.08075
739.032,1788243467.598766,1788243467.588394,-10.371,578.739,1.26595,-17.08075
739.49,1788243467.805556,1788243468.046896,241.34,458.502,1.26595,-17.08075
739.761,1788243468.73871,1788243468.318202,-420.508,271.306,1.26595,-17.08075
740.08,1788243469.049482,1788243468.637159,-412.323,318.957,1.26595,-17.08075
740.252,1788243469.256441,1788243468.809162,-447.279,172.003,1.26595,-17.08075
740.469,1788243469.670425,1788243469.025411,-645.015,216.249,1.26595,-17.08075
740.469,1788243469.774041,1788243469.025548,-748.493,0.138,1.26595,-17.08075
740.563,1788243469.87717,1788243469.119495,-757.675,93.946,1.26595,-17.08075
740.71,1788243469.981461,1788243469.266398,-715.063,146.904,1.26595,-17.08075
740.887,1788243470.084365,1788243469.443888,-640.476,177.49,1.26595,-17.08075
741.085,1788243470.187994,1788243469.641385,-546.608,197.497,1.26595,-17.08075
741.187,1788243470.395064,1788243469.744008,-651.057,102.623,1.26595,-17.08075
741.275,1788243470.498576,1788243469.831322,-667.253,87.315,1.26595,-17.08075
741.45,1788243470.705455,1788243470.006608,-698.847,175.285,1.26595,-17.08075
741.584,1788243470.809806,1788243470.140617,-669.189,134.009,1.26595,-17.08075
742.024,1788243470.912502,1788243470.580442,-332.06,439.825,1.26595,-17.08075
742.647,1788243471.119866,1788243471.20374,83.874,623.298,1.26595,-17.08075
743.055,1788243471.741627,1788243471.612022,-129.606,408.282,1.26595,-17.08075
743.522,1788243472.258793,1788243472.078951,-179.842,466.929,1.26595,-17.08075
743.882,1788243472.880553,1788243472.438602,-441.951,359.651,1.26595,-17.08075
744.296,1788243473.087245,1788243472.852805,-234.439,414.203,1.26595,-17.08075
744.506,1788243473.398155,1788243473.062349,-335.806,209.543,1.26595,-17.08075
745.116,1788243473.916869,1788243473.673221,-243.648,610.872,1.26595,-17.08075
745.292,1788243474.433836,1788243473.848782,-585.055,175.56,1.26595,-17.08075
745.719,1788243474.641093,1788243474.27626,-364.833,427.478,1.26595,-17.08075
745.72,1788243474.848675,1788243474.276414,-572.262,0.154,1.26595,-17.08075
745.746,1788243475.055513,1788243474.302797,-752.716,26.383,1.26595,-17.08075
745.906,1788243475.159147,1788243474.462394,-696.753,159.597,1.26595,-17.08075
745.996,1788243475.262544,1788243474.552762,-709.782,90.368,1.26595,-17.08075
746.199,1788243475.366525,1788243474.755337,-611.188,202.575,1.26595,-17.08075
746.323,1788243475.57315,1788243474.879836,-693.314,124.499,1.26595,-17.08075
746.524,1788243475.676892,1788243475.081207,-595.686,201.37,1.26595,-17.08075
746.807,1788243475.780443,1788243475.363346,-417.097,282.14,1.26595,-17.08075
746.955,1788243476.091235,1788243475.511616,-579.62,148.269,1.26595,-17.08075
747.084,1788243476.297867,1788243475.640365,-657.502,128.75,1.26595,-17.08075
747.305,1788243476.401635,1788243475.861826,-539.808,221.461,1.26595,-17.08075
747.575,1788243476.712235,1788243476.131899,-580.336,270.072,1.26595,-17.08075
747.928,1788243476.815827,1788243476.485036,-330.791,353.137,1.26595,-17.08075
748.379,1788243477.02294,1788243476.93614,-86.801,451.103,1.26595,-17.08075
748.876,1788243477.437214,1788243477.43289,-4.324,496.751,1.26595,-17.08075
749.218,1788243477.747632,1788243477.774586,26.954,341.696,1.26595,-17.08075
749.386,1788243478.265532,1788243477.942881,-322.651,168.295,1.26595,-17.08075
749.88,1788243478.680036,1788243478.436861,-243.175,493.98,1.26595,-17.08075
750.251,1788243479.093858,1788243478.807556,-286.302,370.695,1.26595,-17.08075
750.621,1788243479.612083,1788243479.177908,-434.176,370.352,1.26595,-17.08075
750.984,1788243479.818431,1788243479.540319,-278.112,362.411,1.26595,-17.08075
751.186,1788243480.025923,1788243479.742311,-283.612,201.992,1.26595,-17.08075
751.331,1788243480.543547,1788243479.887615,-655.932,145.304,1.26595,-17.08075
751.641,1788243480.647503,1788243480.197408,-450.095,309.793,1.26595,-17.08075
751.641,1788243480.854626,1788243480.197437,-657.19,0.029,1.26595,-17.08075
751.679,1788243480.958078,1788243480.235877,-722.2,38.441,1.26595,-17.08075
751.771,1788243481.061793,1788243480.327343,-734.45,91.465,1.26595,-17.08075
751.884,1788243481.165148,1788243480.440511,-724.637,113.169,1.26595,-17.08075
752.015,1788243481.268633,1788243480.571861,-696.772,131.35,1.26595,-17.08075
752.015,1788243481.372637,1788243480.572132,-800.505,0.271,1.26595,-17.08075
752.147,1788243481.475937,1788243480.703612,-772.325,131.48,1.26595,-17.08075
752.175,1788243481.57926,1788243480.732238,-847.022,28.625,1.26595,-17.08075
752.336,1788243481.682824,1788243480.893224,-789.6,160.986,1.26595,-17.08075
752.536,1788243481.786456,1788243481.092745,-693.711,199.521,1.26595,-17.08075
752.536,1788243481.890248,1788243481.092758,-797.489,0.013,1.26595,-17.08075
752.641,1788243481.993923,1788243481.197628,-796.295,104.87,1.26595,-17.08075
752.679,1788243482.097295,1788243481.235282,-862.013,37.654,1.26595,-17.08075
752.877,1788243482.200743,1788243481.433445,-767.298,198.163,1.26595,-17.08075
752.907,1788243482.304469,1788243481.463474,-840.995,30.029,1.26595,-17.08075
752.996,1788243482.408071,1788243481.552685,-855.386,89.211,1.26595,-17.08075
753.079,1788243482.511675,1788243481.636132,-875.542,83.448,1.26595,-17.08075
753.202,1788243482.615086,1788243481.758746,-856.34,122.613,1.26595,-17.08075
753.303,1788243482.718614,1788243481.859412,-859.202,100.666,1.26595,-17.08075
753.375,1788243482.822601,1788243481.931439,-891.163,72.027,1.26595,-17.08075
753.623,1788243482.926125,1788243482.18011,-746.015,248.672,1.26595,-17.08075
753.762,1788243483.133266,1788243482.318918,-814.348,138.808,1.26595,-17.08075
753.928,1788243483.236537,1788243482.484388,-752.149,165.47,1.26595,-17.08075
754.07,1788243483.340022,1788243482.626922,-713.1,142.533,1.26595,-17.08075
754.138,1788243483.443693,1788243482.694857,-748.836,67.935,1.26595,-17.08075
754.431,1788243483.547458,1788243482.988276,-559.182,293.419,1.26595,-17.08075
754.432,1788243483.651124,1788243482.989068,-662.056,0.792,1.26595,-17.08075
754.432,1788243483.754665,1788243482.989265,-765.401,0.197,1.26595,-17.08075
754.535,1788243483.858591,1788243483.091746,-766.845,102.481,1.26595,-17.08075
754.684,1788243483.961816,1788243483.241265,-720.551,149.519,1.26595,-17.08075
754.76,1788243484.065431,1788243483.316695,-748.736,75.43,1.26595,-17.08075
754.942,1788243484.169257,1788243483.498376,-670.882,181.681,1.26595,-17.08075
755.114,1788243484.27291,1788243483.670559,-602.351,172.184,1.26595,-17.08075
755.355,1788243484.479776,1788243483.911887,-567.888,241.328,1.26595,-17.08075
756.077,1788243484.687222,1788243484.633693,-53.53,721.806,1.26595,-17.08075
757.513,1788243485.308945,1788243486.06942,760.475,1435.727,1.26595,-17.08075
757.72,1788243486.1374,1788243486.276893,139.493,207.473,1.26595,-17.08075
757.871,1788243486.861999,1788243486.428173,-433.826,151.281,1.26595,-17.08075
758.33,1788243487.172661,1788243486.887165,-285.496,458.991,1.26595,-17.08075
758.53,1788243487.587073,1788243487.086601,-500.473,199.436,1.26595,-17.08075
758.798,1788243487.898246,1788243487.355002,-543.244,268.402,1.26595,-17.08075
758.894,1788243488.001518,1788243487.450996,-550.522,95.994,1.26595,-17.08075
759.327,1788243488.312796,1788243487.883795,-429.001,432.799,1.26595,-17.08075
759.901,1788243488.519438,1788243488.457999,-61.44,574.203,1.26595,-17.08075
760.396,1788243489.245091,1788243488.95278,-292.31,494.782,1.26595,-17.08075
760.667,1788243489.659435,1788243489.223407,-436.028,270.627,1.26595,-17.08075
761.013,1788243489.970328,1788243489.569584,-400.744,346.177,1.26595,-17.08075
761.252,1788243490.281372,1788243489.809233,-472.138,239.649,1.26595,-17.08075
761.489,1788243490.591696,1788243490.045785,-545.91,236.552,1.26595,-17.08075
761.589,1788243490.798716,1788243490.145681,-653.034,99.896,1.26595,-17.08075
761.723,1788243490.902762,1788243490.279971,-622.791,134.29,1.26595,-17.08075
762.194,1788243491.109617,1788243490.751065,-358.552,471.094,1.26595,-17.08075
762.298,1788243491.316911,1788243490.855047,-461.864,103.982,1.26595,-17.08075
762.504,1788243491.627266,1788243491.061223,-566.043,206.176,1.26595,-17.08075
762.674,1788243491.730731,1788243491.230463,-500.267,169.24,1.26595,-17.08075
762.929,1788243492.041393,1788243491.485649,-555.744,255.186,1.26595,-17.08075
763.053,1788243492.249061,1788243491.609617,-639.444,123.968,1.26595,-17.08075
763.2,1788243492.352599,1788243491.75719,-595.408,147.574,1.26595,-17.08075
763.35,1788243492.559698,1788243491.906829,-652.869,149.638,1.26595,-17.08075
763.382,1788243492.66309,1788243491.938649,-724.441,31.82,1.26595,-17.08075
763.53,1788243492.766751,1788243492.086754,-679.996,148.105,1.26595,-17.08075
763.754,1788243492.87037,1788243492.310637,-559.733,223.883,1.26595,-17.08075
764.015,1788243492.973788,1788243492.572026,-401.762,261.389,1.26595,-17.08075
764.425,1788243493.284382,1788243492.982269,-302.112,410.243,1.26595,-17.08075
764.874,1788243493.699015,1788243493.431072,-267.943,448.802,1.26595,-17.08075
765.094,1788243494.216737,1788243493.650322,-566.415,219.25,1.26595,-17.08075
765.252,1788243494.320107,1788243493.808475,-511.632,158.153,1.26595,-17.08075
765.408,1788243494.630392,1788243493.964794,-665.597,156.32,1.26595,-17.08075
765.595,1788243494.734458,1788243494.151683,-582.775,186.889,1.26595,-17.08075
766.087,1788243494.940866,1788243494.64366,-297.206,491.977,1.26595,-17.08075
766.217,1788243495.25142,1788243494.773601,-477.819,129.941,1.26595,-17.08075
767.679,1788243496.182695,1788243496.236276,53.581,1462.675,1.26595,-17.08075
768.149,1788243496.803369,1788243496.706253,-97.116,469.976,1.26595,-17.08075
768.522,1788243497.528091,1788243497.079179,-448.912,372.926,1.26595,-17.08075
769.297,1788243497.631798,1788243497.853474,221.676,774.296,1.26595,-17.08075
769.655,1788243497.941869,1788243498.211968,270.1,358.494,1.26595,-17.08075
770.094,1788243498.977062,1788243498.650434,-326.628,438.465,1.26595,-17.08075
770.255,1788243499.391077,1788243498.81158,-579.498,161.146,1.26595,-17.08075
770.416,1788243499.598368,1788243498.972731,-625.637,161.152,1.26595,-17.08075
770.536,1788243499.805406,1788243499.092895,-712.511,120.163,1.26595,-17.08075
770.706,1788243499.909327,1788243499.262624,-646.703,169.729,1.26595,-17.08075
770.994,1788243500.012498,1788243499.550797,-461.701,288.173,1.26595,-17.08075
771.258,1788243500.219685,1788243499.814971,-404.714,264.174,1.26595,-17.08075
771.496,1788243500.633573,1788243500.053079,-580.494,238.108,1.26595,-17.08075
771.598,1788243500.737321,1788243500.154332,-582.989,101.252,1.26595,-17.08075
771.762,1788243500.944393,1788243500.319007,-625.386,164.675,1.26595,-17.08075
772.139,1788243501.15195,1788243500.696011,-455.939,377.004,1.26595,-17.08075
772.139,1788243501.255317,1788243500.696224,-559.093,0.213,1.26595,-17.08075
772.14,1788243501.35886,1788243500.697247,-661.613,1.023,1.26595,-17.08075
772.141,1788243501.462653,1788243500.697348,-765.306,0.101,1.26595,-17.08075
772.199,1788243501.566141,1788243500.755785,-810.355,58.438,1.26595,-17.08075
772.353,1788243501.669283,1788243500.91027,-759.013,154.485,1.26595,-17.08075
772.563,1788243501.772825,1788243501.119329,-653.496,209.059,1.26595,-17.08075
772.563,1788243501.876418,1788243501.119594,-756.824,0.265,1.26595,-17.08075
772.563,1788243501.979914,1788243501.120081,-859.832,0.487,1.26595,-17.08075
772.688,1788243502.083576,1788243501.244983,-838.593,124.902,1.26595,-17.08075
772.891,1788243502.186746,1788243501.448214,-738.532,203.231,1.26595,-17.08075
772.96,1788243502.290125,1788243501.516475,-773.65,68.261,1.26595,-17.08075
773.222,1788243502.394058,1788243501.779014,-615.045,262.539,1.26595,-17.08075
773.519,1788243502.497798,1788243502.075397,-422.401,296.383,1.26595,-17.08075
773.761,1788243502.601247,1788243502.318195,-283.052,242.798,1.26595,-17.08075
773.93,1788243503.118708,1788243502.487255,-631.454,169.06,1.26595,-17.08075
773.952,1788243503.222251,1788243502.508351,-713.9,21.096,1.26595,-17.08075
774.147,1788243503.325955,1788243502.70364,-622.315,195.289,1.26595,-17.08075
774.402,1788243503.429403,1788243502.958584,-470.819,254.943,1.26595,-17.08075
774.618,1788243503.636065,1788243503.174392,-461.673,215.808,1.26595,-17.08075
775.082,1788243503.947983,1788243503.638621,-309.362,464.23,1.26595,-17.08075
775.331,1788243504.360891,1788243503.888016,-472.875,249.395,1.26595,-17.08075
775.388,1788243504.568198,1788243503.944665,-623.533,56.649,1.26595,-17.08075
775.519,1788243504.77555,1788243504.075884,-699.666,131.219,1.26595,-17.08075
775.639,1788243504.878897,1788243504.195863,-683.034,119.979,1.26595,-17.08075
775.7,1788243504.983118,1788243504.256774,-726.344,60.911,1.26595,-17.08075
775.945,1788243505.086195,1788243504.501731,-584.464,244.957,1.26595,-17.08075
775.945,1788243505.189652,1788243504.501873,-687.779,0.143,1.26595,-17.08075
776.187,1788243505.293209,1788243504.744226,-548.984,242.352,1.26595,-17.08075
776.763,1788243505.396578,1788243505.319457,-77.121,575.232,1.26595,-17.08075
777.175,1788243505.91469,1788243505.731436,-183.254,411.979,1.26595,-17.08075
777.441,1788243506.328606,1788243505.998094,-330.512,266.658,1.26595,-17.08075
777.631,1788243506.639286,1788243506.187471,-451.815,189.377,1.26595,-17.08075
778.084,1788243506.950147,1788243506.64119,-308.957,453.719,1.26595,-17.08075
778.358,1788243507.364555,1788243506.914589,-449.966,273.398,1.26595,-17.08075
778.524,1788243507.571468,1788243507.080303,-491.165,165.714,1.26595,-17.08075
778.607,1788243507.778765,1788243507.16413,-614.635,83.827,1.26595,-17.08075
778.701,1788243507.985873,1788243507.258227,-727.646,94.097,1.26595,-17.08075
778.801,1788243508.089526,1788243507.357306,-732.221,99.079,1.26595,-17.08075
778.889,1788243508.193207,1788243507.445521,-747.686,88.215,1.26595,-17.08075
779.083,1788243508.296687,1788243507.640177,-656.51,194.657,1.26595,-17.08075
779.225,1788243508.400244,1788243507.781325,-618.919,141.148,1.26595,-17.08075
779.385,1788243508.607656,1788243507.941373,-666.283,160.048,1.26595,-17.08075
779.712,1788243508.711022,1788243508.268508,-442.513,327.135,1.26595,-17.08075
779.712,1788243508.919232,1788243508.269075,-650.157,0.567,1.26595,-17.08075
779.713,1788243509.021609,1788243508.269423,-752.186,0.348,1.26595,-17.08075
779.787,1788243509.125247,1788243508.343889,-781.358,74.466,1.26595,-17.08075
779.849,1788243509.228552,1788243508.406246,-822.306,62.357,1.26595,-17.08075
780.109,1788243509.332428,1788243508.666261,-666.167,260.015,1.26595,-17.08075
780.456,1788243509.435893,1788243509.012385,-423.507,346.124,1.26595,-17.08075
781.129,1788243509.539253,1788243509.686145,146.892,673.759,1.26595,-17.08075
781.987,1788243510.575024,1788243510.543405,-31.619,857.26,1.26595,-17.08075
782.801,1788243511.299928,1788243511.357749,57.821,814.344,1.26595,-17.08075
783.421,1788243511.713311,1788243511.97796,264.649,620.211,1.26595,-17.08075
784.24,1788243512.437977,1788243512.797178,359.201,819.218,1.26595,-17.08075
784.758,1788243512.851774,1788243513.315074,463.3,517.896,1.26595,-17.08075
785.131,1788243513.577062,1788243513.687769,110.707,372.695,1.26595,-17.08075
785.636,1788243514.095565,1788243514.192936,97.372,505.167,1.26595,-17.08075
785.885,1788243514.922903,1788243514.442044,-480.859,249.107,1.26595,-17.08075
786.444,1788243515.12976,1788243515.00062,-129.14,558.576,1.26595,-17.08075
786.923,1788243515.750935,1788243515.480217,-270.718,479.597,1.26595,-17.08075
787.402,1788243516.06209,1788243515.959175,-102.916,478.958,1.26595,-17.08075
787.825,1788243516.475416,1788243516.381718,-93.698,422.544,1.26595,-17.08075
788.186,1788243516.889566,1788243516.742775,-146.791,361.057,1.26595,-17.08075
789.095,1788243517.303883,1788243517.651398,347.515,908.623,1.26595,-17.08075
789.461,1788243517.925399,1788243518.017619,92.219,366.22,1.26595,-17.08075
790.198,1788243518.754056,1788243518.755147,1.091,737.529,1.26595,-17.08075
790.513,1788243519.064769,1788243519.069412,4.642,314.264,1.26595,-17.08075
791.144,1788243519.68624,1788243519.700445,14.205,631.034,1.26595,-17.08075
791.757,1788243520.100084,1788243520.313368,213.284,612.923,1.26595,-17.08075
803.297,1788243521.23893,1788243531.853916,10614.985,11540.547,1.26595,-17.08075
803.362,1788243522.481432,1788243531.919171,9437.738,65.255,1.26595,-17.08075
803.413,1788243522.792659,1788243531.969624,9176.965,50.453,1.26595,-17.08075
803.431,1788243523.206124,1788243531.987308,8781.184,17.684,1.26595,-17.08075
803.455,1788243523.309844,1788243532.011304,8701.46,23.996,1.26595,-17.08075
803.464,1788243523.415445,1788243532.021096,8605.651,9.792,1.26595,-17.08075
803.494,1788243523.827741,1788243532.050896,8223.156,29.8,1.26595,-17.08075
803.55,1788243524.242302,1788243532.106595,7864.293,55.698,1.26595,-17.08075
803.677,1788243525.174499,1788243532.234044,7059.545,127.45,1.26595,-17.08075
803.71,1788243525.691782,1788243532.266414,6574.632,32.37,1.26595,-17.08075
803.761,1788243526.210086,1788243532.317329,6107.244,50.915,1.26595,-17.08075
803.9,1788243526.831653,1788243532.457132,5625.479,139.802,1.26595,-17.08075
803.908,1788243527.556938,1788243532.464928,4907.99,7.796,1.26595,-17.08075
827.449,1788243554.576908,1788243556.005405,1428.497,23540.477,1.26595,-17.08075
827.449,1788243554.88721,1788243556.005589,1118.379,0.184,1.26595,-17.08075
827.449,1788243556.232845,1788243556.005748,-227.097,0.159,1.26595,-17.08075
827.449,1788243556.336139,1788243556.00584,-330.3,0.091,1.26595,-17.08075
827.449,1788243556.542932,1788243556.005934,-536.998,0.094,1.26595,-17.08075
827.449,1788243556.64662,1788243556.006047,-640.573,0.113,1.26595,-17.08075
827.449,1788243556.75056,1788243556.00621,-744.35,0.163,1.26595,-17.08075
827.518,1788243556.854076,1788243556.075155,-778.92,68.946,1.26595,-17.08075
827.529,1788243556.957384,1788243556.085588,-871.796,10.432,1.26595,-17.08075
827.631,1788243557.061104,1788243556.18804,-873.064,102.453,1.26595,-17.08075
827.855,1788243557.16549,1788243556.411524,-753.966,223.484,1.26595,-17.08075
827.855,1788243557.268548,1788243556.411871,-856.676,0.347,1.26595,-17.08075
828.028,1788243557.372186,1788243556.584307,-787.879,172.436,1.26595,-17.08075
828.164,1788243557.475458,1788243556.721129,-754.329,136.822,1.26595,-17.08075
828.165,1788243557.578953,1788243556.721916,-857.038,0.787,1.26595,-17.08075
828.394,1788243557.68236,1788243556.950488,-731.872,228.573,1.26595,-17.08075
828.492,1788243557.785819,1788243557.048579,-737.24,98.091,1.26595,-17.08075
828.579,1788243557.889822,1788243557.135836,-753.986,87.257,1.26595,-17.08075
828.784,1788243557.993091,1788243557.340713,-652.378,204.877,1.26595,-17.08075
828.795,1788243558.096796,1788243557.352171,-744.625,11.458,1.26595,-17.08075
828.967,1788243558.200226,1788243557.524168,-676.058,171.997,1.26595,-17.08075
829.141,1788243558.303843,1788243557.697492,-606.351,173.324,1.26595,-17.08075
829.298,1788243558.407416,1788243557.854349,-553.067,156.857,1.26595,-17.08075
829.298,1788243558.511092,1788243557.85462,-656.472,0.271,1.26595,-17.08075
829.384,1788243558.718418,1788243557.940882,-777.537,86.262,1.26595,-17.08075
829.517,1788243558.822667,1788243558.073705,-748.963,132.823,1.26595,-17.08075
829.579,1788243558.926133,1788243558.135889,-790.244,62.184,1.26595,-17.08075
829.644,1788243559.029786,1788243558.200879,-828.907,64.991,1.26595,-17.08075
829.724,1788243559.133138,1788243558.280881,-852.257,80.002,1.26595,-17.08075
829.911,1788243559.236641,1788243558.467587,-769.053,186.706,1.26595,-17.08075
829.936,1788243559.340422,1788243558.492818,-847.604,25.231,1.26595,-17.08075
830.004,1788243559.444161,1788243558.561047,-883.115,68.228,1.26595,-17.08075
830.119,1788243559.547736,1788243558.67609,-871.646,115.043,1.26595,-17.08075
830.317,1788243559.651506,1788243558.873436,-778.07,197.346,1.26595,-17.08075
830.318,1788243559.755116,1788243558.874948,-880.168,1.511,1.26595,-17.08075
830.407,1788243559.858597,1788243558.963702,-894.895,88.755,1.26595,-17.08075
830.531,1788243559.964655,1788243559.08762,-877.035,123.917,1.26595,-17.08075
830.622,1788243560.067542,1788243559.178796,-888.745,91.177,1.26595,-17.08075
830.737,1788243560.170406,1788243559.293314,-877.092,114.517,1.26595,-17.08075
830.86,1788243560.27384,1788243559.417258,-856.582,123.944,1.26595,-17.08075
831.048,1788243560.377368,1788243559.604839,-772.528,187.582,1.26595,-17.08075
831.165,1788243560.48147,1788243559.721691,-759.779,116.852,1.26595,-17.08075
831.175,1788243560.585399,1788243559.731926,-853.473,10.235,1.26595,-17.08075
831.445,1788243560.689275,1788243560.00191,-687.365,269.984,1.26595,-17.08075
831.459,1788243560.792833,1788243560.015464,-777.369,13.553,1.26595,-17.08075
831.753,1788243560.896714,1788243560.309639,-587.075,294.175,1.26595,-17.08075
831.862,1788243561.000309,1788243560.418801,-581.509,109.162,1.26595,-17.08075
832.042,1788243561.207443,1788243560.598307,-609.136,179.506,1.26595,-17.08075
832.261,1788243561.310865,1788243560.817804,-493.061,219.497,1.26595,-17.08075
832.328,1788243561.517931,1788243560.88455,-633.381,66.746,1.26595,-17.08075
832.379,1788243561.621934,1788243560.935489,-686.445,50.939,1.26595,-17.08075
832.44,1788243561.725565,1788243560.997106,-728.46,61.616,1.26595,-17.08075
832.623,1788243561.828842,1788243561.179616,-649.225,182.511,1.26595,-17.08075
832.99,1788243561.932318,1788243561.546332,-385.986,366.716,1.26595,-17.08075
833.075,1788243562.035889,1788243561.63207,-403.819,85.738,1.26595,-17.08075
833.176,1788243562.243214,1788243561.732417,-510.797,100.347,1.26595,-17.08075
833.331,1788243562.554305,1788243561.887579,-666.726,155.162,1.26595,-17.08075
833.539,1788243562.657789,1788243562.095417,-562.371,207.838,1.26595,-17.08075
833.573,1788243562.865086,1788243562.130028,-735.057,34.611,1.26595,-17.08075
833.647,1788243562.968694,1788243562.20341,-765.283,73.382,1.26595,-17.08075
833.792,1788243563.072573,1788243562.34855,-724.023,145.14,1.26595,-17.08075
833.8,1788243563.175946,1788243562.356894,-819.052,8.344,1.26595,-17.08075
833.887,1788243563.279634,1788243562.443478,-836.156,86.584,1.26595,-17.08075
834.186,1788243563.383176,1788243562.742543,-640.634,299.065,1.26595,-17.08075
834.186,1788243563.486759,1788243562.74302,-743.74,0.477,1.26595,-17.08075
834.323,1788243563.590965,1788243562.879513,-711.452,136.494,1.26595,-17.08075
834.486,1788243563.695364,1788243563.042684,-652.679,163.171,1.26595,-17.08075
834.58,1788243563.797759,1788243563.137253,-660.507,94.568,1.26595,-17.08075
834.959,1788243564.004879,1788243563.515656,-489.222,378.404,1.26595,-17.08075
835.12,1788243564.212383,1788243563.676713,-535.67,161.057,1.26595,-17.08075
835.271,1788243564.41963,1788243563.827852,-591.779,151.139,1.26595,-17.08075
835.449,1788243564.626735,1788243564.005811,-620.924,177.96,1.26595,-17.08075
835.742,1788243564.833505,1788243564.298379,-535.126,292.567,1.26595,-17.08075
835.952,1788243564.936876,1788243564.508885,-427.991,210.506,1.26595,-17.08075
836.049,1788243565.145549,1788243564.605608,-539.941,96.723,1.26595,-17.08075
836.238,1788243565.351128,1788243564.794558,-556.57,188.95,1.26595,-17.08075
836.558,1788243565.558809,1788243565.114386,-444.422,319.828,1.26595,-17.08075
836.62,1788243565.7659,1788243565.177095,-588.805,62.709,1.26595,-17.08075
836.748,1788243565.8696,1788243565.304537,-565.063,127.441,1.26595,-17.08075
836.829,1788243566.076742,1788243565.385468,-691.274,80.931,1.26595,-17.08075
837.014,1788243566.18019,1788243565.570481,-609.709,185.013,1.26595,-17.08075
837.055,1788243566.283949,1788243565.611868,-672.081,41.386,1.26595,-17.08075
837.325,1788243566.387777,1788243565.882271,-505.506,270.403,1.26595,-17.08075
838.152,1788243566.594995,1788243566.709199,114.204,826.929,1.26595,-17.08075
838.437,1788243566.90527,1788243566.993441,88.171,284.242,1.26595,-17.08075
838.885,1788243567.837539,1788243567.442239,-395.3,448.798,1.26595,-17.08075
839.193,1788243568.044633,1788243567.749419,-295.213,307.18,1.26595,-17.08075
839.453,1788243568.45927,1788243568.009374,-449.896,259.954,1.26595,-17.08075
839.592,1788243568.666293,1788243568.149058,-517.235,139.684,1.26595,-17.08075
839.838,1788243568.873451,1788243568.395139,-478.312,246.081,1.26595,-17.08075
840.077,1788243569.080382,1788243568.634055,-446.327,238.917,1.26595,-17.08075
840.328,1788243569.391526,1788243568.884387,-507.139,250.331,1.26595,-17.08075
840.465,1788243569.598529,1788243569.021516,-577.013,137.13,1.26595,-17.08075
840.876,1788243569.805907,1788243569.432366,-373.542,410.85,1.26595,-17.08075
841.074,1788243570.220431,1788243569.630435,-589.996,198.069,1.26595,-17.08075
841.183,1788243570.323942,1788243569.740086,-583.855,109.651,1.26595,-17.08075
841.277,1788243570.427671,1788243569.833481,-594.19,93.395,1.26595,-17.08075
841.393,1788243570.63444,1788243569.950227,-684.212,116.746,1.26595,-17.08075
841.579,1788243570.737802,1788243570.136192,-601.61,185.965,1.26595,-17.08075
841.58,1788243570.84154,1788243570.136501,-705.039,0.309,1.26595,-17.08075
841.785,1788243570.946015,1788243570.341822,-604.193,205.321,1.26595,-17.08075
841.843,1788243571.048796,1788243570.399907,-648.889,58.085,1.26595,-17.08075
841.909,1788243571.15256,1788243570.4653,-687.26,65.392,1.26595,-17.08075
842.203,1788243571.255847,1788243570.760064,-495.784,294.764,1.26595,-17.08075
842.204,1788243571.359417,1788243570.760377,-599.04,0.313,1.26595,-17.08075
842.204,1788243571.462943,1788243570.760961,-701.982,0.584,1.26595,-17.08075
842.265,1788243571.566396,1788243570.822041,-744.355,61.08,1.26595,-17.08075
842.323,1788243571.670362,1788243570.879838,-790.524,57.797,1.26595,-17.08075
842.409,1788243571.773733,1788243570.96603,-807.703,86.192,1.26595,-17.08075
842.514,1788243571.877397,1788243571.070513,-806.884,104.484,1.26595,-17.08075
842.576,1788243571.981002,1788243571.13282,-848.182,62.306,1.26595,-17.08075
842.643,1788243572.084765,1788243571.199765,-885.0,66.945,1.26595,-17.08075
842.77,1788243572.188426,1788243571.32675,-861.676,126.985,1.26595,-17.08075
842.953,1788243572.292428,1788243571.509607,-782.821,182.857,1.26595,-17.08075
843.108,1788243572.395953,1788243571.664993,-730.96,155.386,1.26595,-17.08075
843.134,1788243572.499299,1788243571.691048,-808.251,26.055,1.26595,-17.08075
843.414,1788243572.602735,1788243571.971264,-631.472,280.215,1.26595,-17.08075
843.467,1788243572.707358,1788243572.024274,-683.084,53.01,1.26595,-17.08075
843.584,1788243572.810518,1788243572.141091,-669.427,116.817,1.26595,-17.08075
843.724,1788243572.913977,1788243572.28034,-633.636,139.249,1.26595,-17.08075
843.729,1788243573.017425,1788243572.285502,-731.923,5.162,1.26595,-17.08075
843.955,1788243573.121027,1788243572.511551,-609.476,226.049,1.26595,-17.08075
844.081,1788243573.224856,1788243572.637346,-587.51,125.795,1.26595,-17.08075
844.149,1788243573.328288,1788243572.705368,-622.92,68.022,1.26595,-17.08075
844.397,1788243573.535039,1788243572.953318,-581.721,247.95,1.26595,-17.08075
844.58,1788243573.638712,1788243573.136798,-501.914,183.48,1.26595,-17.08075
844.949,1788243573.845848,1788243573.505348,-340.5,368.55,1.26595,-17.08075
845.04,1788243574.05356,1788243573.596875,-456.685,91.527,1.26595,-17.08075
845.186,1788243574.363812,1788243573.742495,-621.317,145.62,1.26595,-17.08075
845.286,1788243574.570373,1788243573.842581,-727.793,100.086,1.26595,-17.08075
845.457,1788243574.674349,1788243574.013609,-660.74,171.028,1.26595,-17.08075
845.522,1788243574.778035,1788243574.07906,-698.975,65.451,1.26595,-17.08075
845.629,1788243574.880936,1788243574.185725,-695.211,106.665,1.26595,-17.08075
845.83,1788243574.984631,1788243574.387254,-597.376,201.529,1.26595,-17.08075
846.143,1788243575.088244,1788243574.699525,-388.72,312.27,1.26595,-17.08075
846.523,1788243575.29534,1788243575.080044,-215.297,380.519,1.26595,-17.08075
846.674,1788243575.709961,1788243575.230384,-479.578,150.34,1.26595,-17.08075
846.898,1788243575.917055,1788243575.454418,-462.636,224.035,1.26595,-17.08075
847.205,1788243576.020695,1788243575.762076,-258.619,307.658,1.26595,-17.08075
847.205,1788243576.227788,1788243575.76226,-465.528,0.184,1.26595,-17.08075
847.207,1788243576.331224,1788243575.763413,-567.811,1.153,1.26595,-17.08075
847.207,1788243576.434699,1788243575.763516,-671.182,0.104,1.26595,-17.08075
847.419,1788243576.538137,1788243575.975757,-562.38,212.241,1.26595,-17.08075
847.419,1788243576.641884,1788243575.97617,-665.714,0.413,1.26595,-17.08075
847.42,1788243576.745328,1788243575.976988,-768.341,0.818,1.26595,-17.08075
847.455,1788243576.848867,1788243576.012066,-836.801,35.078,1.26595,-17.08075
847.623,1788243576.952559,1788243576.179321,-773.239,167.255,1.26595,-17.08075
847.729,1788243577.056315,1788243576.285888,-770.427,106.568,1.26595,-17.08075
847.756,1788243577.159845,1788243576.312881,-846.963,26.993,1.26595,-17.08075
847.95,1788243577.263629,1788243576.507136,-756.494,194.254,1.26595,-17.08075
848.076,1788243577.367208,1788243576.632785,-734.423,125.649,1.26595,-17.08075
848.212,1788243577.470994,1788243576.769204,-701.791,136.419,1.26595,-17.08075
848.539,1788243577.575617,1788243577.095848,-479.769,326.644,1.26595,-17.08075
848.663,1788243577.67825,1788243577.219285,-458.966,123.437,1.26595,-17.08075
848.97,1788243577.989226,1788243577.526427,-462.799,307.142,1.26595,-17.08075
849.15,1788243578.196359,1788243577.706947,-489.411,180.52,1.26595,-17.08075
849.342,1788243578.403229,1788243577.898749,-504.48,191.802,1.26595,-17.08075
849.513,1788243578.60969,1788243578.06946,-540.23,170.712,1.26595,-17.08075
849.597,1788243578.817005,1788243578.154179,-662.826,84.719,1.26595,-17.08075
849.953,1788243578.92028,1788243578.509842,-410.437,355.663,1.26595,-17.08075
850.273,1788243579.231403,1788243578.830265,-401.138,320.422,1.26595,-17.08075
850.389,1788243579.541734,1788243578.945475,-596.259,115.21,1.26595,-17.08075
850.509,1788243579.645777,1788243579.065793,-579.984,120.318,1.26595,-17.08075
850.675,1788243579.852731,1788243579.232223,-620.508,166.43,1.26595,-17.08075
850.772,1788243579.956439,1788243579.329129,-627.311,96.906,1.26595,-17.08075
851.027,1788243580.059822,1788243579.583307,-476.515,254.178,1.26595,-17.08075
851.461,1788243580.267952,1788243580.01734,-250.612,434.033,1.26595,-17.08075
851.797,1788243580.474415,1788243580.354079,-120.336,336.739,1.26595,-17.08075
852.125,1788243580.784676,1788243580.681781,-102.895,327.702,1.26595,-17.08075
852.364,1788243581.406728,1788243580.920832,-485.897,239.051,1.26595,-17.08075
852.565,1788243581.718069,1788243581.12227,-595.799,201.438,1.26595,-17.08075
853.335,1788243581.821795,1788243581.891548,69.753,769.278,1.26595,-17.08075
853.45,1788243582.028876,1788243582.0067,-22.177,115.152,1.26595,-17.08075
853.779,1788243582.444264,1788243582.335444,-108.821,328.744,1.26595,-17.08075
853.802,1788243582.754994,1788243582.358451,-396.543,23.008,1.26595,-17.08075
854.013,1788243583.16913,1788243582.569623,-599.507,211.171,1.26595,-17.08075
854.207,1788243583.272587,1788243582.764177,-508.41,194.554,1.26595,-17.08075
854.486,1788243583.481462,1788243583.042543,-438.919,278.366,1.26595,-17.08075
854.701,1788243583.789679,1788243583.258144,-531.536,215.6,1.26595,-17.08075
854.902,1788243583.89348,1788243583.458314,-435.166,200.171,1.26595,-17.08075
855.189,1788243584.100333,1788243583.745836,-354.497,287.522,1.26595,-17.08075
855.331,1788243584.410887,1788243583.887709,-523.178,141.873,1.26595,-17.08075
855.387,1788243584.721689,1788243583.944129,-777.56,56.419,1.26595,-17.08075
855.457,1788243584.825375,1788243584.013488,-811.887,69.36,1.26595,-17.08075
855.536,1788243584.928956,1788243584.093127,-835.829,79.639,1.26595,-17.08075
855.749,1788243585.032119,1788243584.305408,-726.711,212.281,1.26595,-17.08075
856.094,1788243585.135904,1788243584.651067,-484.837,345.659,1.26595,-17.08075
856.094,1788243585.343703,1788243584.651228,-692.475,0.161,1.26595,-17.08075
856.156,1788243585.44666,1788243584.712577,-734.082,61.349,1.26595,-17.08075
856.52,1788243585.550528,1788243585.076513,-474.015,363.936,1.26595,-17.08075
856.886,1788243585.757783,1788243585.44234,-315.443,365.827,1.26595,-17.08075
857.691,1788243586.06834,1788243586.247705,179.366,805.365,1.26595,-17.08075
858.376,1788243586.586609,1788243586.933152,346.544,685.447,1.26595,-17.08075
859.094,1788243587.415616,1788243587.650945,235.33,717.793,1.26595,-17.08075
859.095,1788243587.93387,1788243587.652095,-281.775,1.149,1.26595,-17.08075
859.341,1788243588.347874,1788243587.897401,-450.473,245.306,1.26595,-17.08075
859.548,1788243588.451776,1788243588.104501,-347.275,207.1,1.26595,-17.08075
859.964,1788243588.865669,1788243588.520301,-345.368,415.8,1.26595,-17.08075
860.63,1788243589.072639,1788243589.18667,114.032,666.369,1.26595,-17.08075
860.959,1788243589.486693,1788243589.516276,29.583,329.606,1.26595,-17.08075
861.211,1788243590.211273,1788243589.768113,-443.16,251.837,1.26595,-17.08075
861.331,1788243590.521336,1788243589.887393,-633.944,119.279,1.26595,-17.08075
861.576,1788243590.624896,1788243590.13296,-491.936,245.567,1.26595,-17.08075
861.934,1788243590.728747,1788243590.490895,-237.851,357.936,1.26595,-17.08075
862.175,1788243590.935497,1788243590.731822,-203.674,240.927,1.26595,-17.08075
862.175,1788243591.24641,1788243590.732012,-514.398,0.19,1.26595,-17.08075
862.315,1788243591.556752,1788243590.8715,-685.252,139.488,1.26595,-17.08075
862.419,1788243591.660739,1788243590.975606,-685.133,104.105,1.26595,-17.08075
862.575,1788243591.764281,1788243591.131878,-632.403,156.273,1.26595,-17.08075
862.705,1788243591.868058,1788243591.261965,-606.094,130.086,1.26595,-17.08075
862.85,1788243591.971231,1788243591.406469,-564.762,144.504,1.26595,-17.08075
863.087,1788243592.178446,1788243591.643658,-534.788,237.189,1.26595,-17.08075
863.19,1788243592.385335,1788243591.747197,-638.138,103.539,1.26595,-17.08075
863.291,1788243592.59307,1788243591.847943,-745.127,100.746,1.26595,-17.08075
863.45,1788243592.696182,1788243592.006912,-689.27,158.969,1.26595,-17.08075
863.708,1788243592.800149,1788243592.265043,-535.106,258.131,1.26595,-17.08075
863.832,1788243592.903844,1788243592.389211,-514.634,124.168,1.26595,-17.08075
864.01,1788243593.007378,1788243592.56676,-440.619,177.549,1.26595,-17.08075
864.011,1788243593.214724,1788243592.567848,-646.877,1.088,1.26595,-17.08075
864.107,1788243593.318045,1788243592.663857,-654.189,96.009,1.26595,-17.08075
864.359,1788243593.421792,1788243592.916047,-505.745,252.19,1.26595,-17.08075
865.049,1788243593.525517,1788243593.605448,79.931,689.402,1.26595,-17.08075
865.148,1788243593.835748,1788243593.705195,-130.553,99.747,1.26595,-17.08075
865.389,1788243594.457329,1788243593.945992,-511.337,240.797,1.26595,-17.08075
865.751,1788243594.767997,1788243594.307742,-460.254,361.75,1.26595,-17.08075
865.751,1788243594.975081,1788243594.308161,-666.92,0.419,1.26595,-17.08075
865.888,1788243595.181928,1788243594.444775,-737.153,136.614,1.26595,-17.08075
866.076,1788243595.285767,1788243594.633061,-652.706,188.286,1.26595,-17.08075
866.262,1788243595.389143,1788243594.819116,-570.027,186.055,1.26595,-17.08075
866.398,1788243595.596056,1788243594.954672,-641.383,135.556,1.26595,-17.08075
866.436,1788243595.699567,1788243594.992964,-706.604,38.291,1.26595,-17.08075
866.569,1788243595.802993,1788243595.125575,-677.418,132.611,1.26595,-17.08075
866.76,1788243595.906823,1788243595.316624,-590.199,191.05,1.26595,-17.08075
866.98,1788243596.01029,1788243595.537078,-473.211,220.454,1.26595,-17.08075
867.063,1788243596.21737,1788243595.619382,-597.988,82.303,1.26595,-17.08075
867.272,1788243596.424843,1788243595.82921,-595.634,209.828,1.26595,-17.08075
867.525,1788243596.631857,1788243596.081537,-550.32,252.327,1.26595,-17.08075
867.525,1788243596.735451,1788243596.081723,-653.728,0.186,1.26595,-17.08075
867.605,1788243596.838849,1788243596.161856,-676.992,80.133,1.26595,-17.08075
867.875,1788243596.942117,1788243596.431848,-510.269,269.992,1.26595,-17.08075
868.041,1788243597.253026,1788243596.598052,-654.974,166.204,1.26595,-17.08075
868.05,1788243597.356681,1788243596.606974,-749.707,8.922,1.26595,-17.08075
868.051,1788243597.459845,1788243596.607905,-851.939,0.932,1.26595,-17.08075
868.215,1788243597.56347,1788243596.77183,-791.64,163.925,1.26595,-17.08075
868.393,1788243597.667449,1788243596.949412,-718.036,177.582,1.26595,-17.08075
868.594,1788243597.770802,1788243597.150724,-620.078,201.312,1.26595,-17.08075
868.684,1788243597.874269,1788243597.241211,-633.058,90.488,1.26595,-17.08075
868.831,1788243597.978019,1788243597.3873,-590.72,146.088,1.26595,-17.08075
869.088,1788243598.081726,1788243597.644767,-436.959,257.467,1.26595,-17.08075
869.456,1788243598.288718,1788243598.012702,-276.016,367.936,1.26595,-17.08075
869.741,1788243598.806422,1788243598.297395,-509.027,284.693,1.26595,-17.08075
869.802,1788243598.910437,1788243598.35833,-552.107,60.935,1.26595,-17.08075
870.03,1788243599.117578,1788243598.586414,-531.164,228.084,1.26595,-17.08075
870.119,1788243599.324496,1788243598.675877,-648.62,89.463,1.26595,-17.08075
870.382,1788243599.427912,1788243598.939139,-488.772,263.263,1.26595,-17.08075
870.998,1788243599.634632,1788243599.555223,-79.409,616.084,1.26595,-17.08075
871.101,1788243599.73903,1788243599.658163,-80.867,102.94,1.26595,-17.08075
871.267,1788243599.945563,1788243599.824195,-121.369,166.032,1.26595,-17.08075
871.489,1788243600.46344,1788243600.046163,-417.277,221.968,1.26595,-17.08075
871.49,1788243600.67066,1788243600.046421,-624.239,0.258,1.26595,-17.08075
871.771,1788243600.774754,1788243600.327958,-446.796,281.537,1.26595,-17.08075
871.977,1788243601.085519,1788243600.533855,-551.664,205.897,1.26595,-17.08075
872.143,1788243601.292566,1788243600.699925,-592.642,166.07,1.26595,-17.08075
872.467,1788243601.499659,1788243601.023723,-475.936,323.798,1.26595,-17.08075
872.69,1788243601.707222,1788243601.247206,-460.016,223.484,1.26595,-17.08075
873.112,1788243601.9144,1788243601.668483,-245.918,421.276,1.26595,-17.08075
873.659,1788243602.328652,1788243602.215633,-113.019,547.151,1.26595,-17.08075
874.08,1788243602.639328,1788243602.637103,-2.225,421.47,1.26595,-17.08075
874.469,1788243602.950466,1788243603.026109,75.643,389.006,1.26595,-17.08075
874.47,1788243603.675674,1788243603.026472,-649.202,0.363,1.26595,-17.08075
874.763,1788243603.779153,1788243603.319765,-459.388,293.293,1.26595,-17.08075
874.763,1788243603.884269,1788243603.320035,-564.234,0.27,1.26595,-17.08075
874.764,1788243604.090269,1788243603.320595,-769.675,0.56,1.26595,-17.08075
874.894,1788243604.193624,1788243603.450401,-743.223,129.806,1.26595,-17.08075
875.072,1788243604.29716,1788243603.628557,-668.603,178.157,1.26595,-17.08075
875.072,1788243604.401037,1788243603.628716,-772.321,0.159,1.26595,-17.08075
875.166,1788243604.504712,1788243603.722563,-782.149,93.847,1.26595,-17.08075
875.498,1788243604.608159,1788243604.054923,-553.236,332.36,1.26595,-17.08075
875.888,1788243604.816607,1788243604.445133,-371.474,390.21,1.26595,-17.08075
875.996,1788243605.022631,1788243604.553223,-469.408,108.09,1.26595,-17.08075
876.221,1788243605.22975,1788243604.778147,-451.603,224.924,1.26595,-17.08075
876.408,1788243605.54062,1788243604.964777,-575.843,186.63,1.26595,-17.08075
876.47,1788243605.747921,1788243605.026894,-721.027,62.117,1.26595,-17.08075
876.622,1788243605.851506,1788243605.178871,-672.634,151.977,1.26595,-17.08075
876.802,1788243605.955353,1788243605.35886,-596.493,179.989,1.26595,-17.08075
876.929,1788243606.058622,1788243605.485797,-572.825,126.937,1.26595,-17.08075
877.112,1788243606.162089,1788243605.669157,-492.931,183.36,1.26595,-17.08075
877.112,1788243606.265918,1788243605.669174,-596.745,0.016,1.26595,-17.08075
877.15,1788243606.473452,1788243605.706295,-767.157,37.121,1.26595,-17.08075
877.241,1788243606.577287,1788243605.797293,-779.994,90.999,1.26595,-17.08075
877.336,1788243606.68053,1788243605.893206,-787.323,95.913,1.26595,-17.08075
877.4,1788243606.784149,1788243605.95705,-827.1,63.843,1.26595,-17.08075
877.478,1788243606.888095,1788243606.034829,-853.266,77.78,1.26595,-17.08075
877.62,1788243606.99105,1788243606.176679,-814.371,141.85,1.26595,-17.08075
877.664,1788243607.094714,1788243606.220767,-873.948,44.088,1.26595,-17.08075
877.777,1788243607.198414,1788243606.333666,-864.748,112.899,1.26595,-17.08075
877.887,1788243607.301922,1788243606.44381,-858.112,110.144,1.26595,-17.08075
878.02,1788243607.40569,1788243606.577121,-828.568,133.311,1.26595,-17.08075
878.073,1788243607.509399,1788243606.630261,-879.139,53.139,1.26595,-17.08075
878.162,1788243607.612887,1788243606.718404,-894.483,88.143,1.26595,-17.08075
878.276,1788243607.716866,1788243606.833247,-883.619,114.843,1.26595,-17.08075
878.441,1788243607.821031,1788243606.997674,-823.358,164.427,1.26595,-17.08075
878.546,1788243607.925029,1788243607.102558,-822.471,104.884,1.26595,-17.08075
878.644,1788243608.028689,1788243607.20125,-827.439,98.692,1.26595,-17.08075
878.706,1788243608.132132,1788243607.263144,-868.988,61.894,1.26595,-17.08075
878.868,1788243608.235652,1788243607.424721,-810.931,161.578,1.26595,-17.08075
878.956,1788243608.339126,1788243607.512851,-826.274,88.13,1.26595,-17.08075
879.143,1788243608.442532,1788243607.699998,-742.534,187.147,1.26595,-17.08075
879.143,1788243608.546461,1788243607.700086,-846.375,0.088,1.26595,-17.08075
879.27,1788243608.649996,1788243607.826419,-823.577,126.333,1.26595,-17.08075
879.49,1788243608.75397,1788243608.046364,-707.606,219.946,1.26595,-17.08075
879.516,1788243608.857769,1788243608.073245,-784.524,26.881,1.26595,-17.08075
879.602,1788243608.961232,1788243608.159214,-802.018,85.969,1.26595,-17.08075
879.873,1788243609.065547,1788243608.43023,-635.318,271.016,1.26595,-17.08075
880.085,1788243609.168949,1788243608.641956,-526.993,211.726,1.26595,-17.08075
880.291,1788243609.272034,1788243608.847958,-424.076,206.002,1.26595,-17.08075
880.385,1788243609.479396,1788243608.94178,-537.616,93.822,1.26595,-17.08075
880.496,1788243609.686553,1788243609.052463,-634.09,110.683,1.26595,-17.08075
880.573,1788243609.790279,1788243609.130259,-660.02,77.796,1.26595,-17.08075
880.71,1788243609.893915,1788243609.266364,-627.552,136.105,1.26595,-17.08075
880.71,1788243609.997543,1788243609.266451,-731.091,0.087,1.26595,-17.08075
880.764,1788243610.101085,1788243609.321199,-779.886,54.748,1.26595,-17.08075
880.89,1788243610.204786,1788243609.446595,-758.191,125.396,1.26595,-17.08075
880.959,1788243610.308365,1788243609.515804,-792.561,69.209,1.26595,-17.08075
881.068,1788243610.411983,1788243609.625163,-786.82,109.359,1.26595,-17.08075
881.219,1788243610.515705,1788243609.776188,-739.516,151.026,1.26595,-17.08075
881.375,1788243610.619307,1788243609.931462,-687.845,155.274,1.26595,-17.08075
881.582,1788243610.723053,1788243610.138971,-584.082,207.508,1.26595,-17.08075
881.957,1788243610.827432,1788243610.514048,-313.384,375.077,1.26595,-17.08075
882.427,1788243610.930249,1788243610.983601,53.352,469.553,1.26595,-17.08075
882.819,1788243611.344431,1788243611.375481,31.049,391.88,1.26595,-17.08075
883.073,1788243611.759387,1788243611.629833,-129.553,254.353,1.26595,-17.08075
883.073,1788243611.966758,1788243611.629841,-336.917,0.008,1.26595,-17.08075
883.073,1788243612.277501,1788243611.629844,-647.657,0.002,1.26595,-17.08075
883.073,1788243612.38102,1788243611.629846,-751.174,0.003,1.26595,-17.08075
883.168,1788243612.484924,1788243611.724293,-760.632,94.446,1.26595,-17.08075
883.329,1788243612.58876,1788243611.885343,-703.417,161.05,1.26595,-17.08075
883.47,1788243612.69207,1788243612.026732,-665.338,141.389,1.26595,-17.08075
883.565,1788243612.795691,1788243612.12201,-673.681,95.278,1.26595,-17.08075
883.598,1788243612.899221,1788243612.154431,-744.789,32.422,1.26595,-17.08075
883.647,1788243613.002811,1788243612.203414,-799.397,48.983,1.26595,-17.08075
883.756,1788243613.106308,1788243612.313216,-793.092,109.802,1.26595,-17.08075
883.962,1788243613.210132,1788243612.519275,-690.857,206.059,1.26595,-17.08075
884.205,1788243613.314036,1788243612.761677,-552.359,242.402,1.26595,-17.08075
884.259,1788243613.418051,1788243612.81561,-602.441,53.933,1.26595,-17.08075
884.403,1788243613.521014,1788243612.959583,-561.431,143.973,1.26595,-17.08075
884.804,1788243613.728086,1788243613.361207,-366.88,401.623,1.26595,-17.08075
884.805,1788243613.831829,1788243613.361881,-469.948,0.674,1.26595,-17.08075
884.806,1788243613.935228,1788243613.36239,-572.838,0.509,1.26595,-17.08075
884.806,1788243614.038889,1788243613.362468,-676.421,0.078,1.26595,-17.08075
884.89,1788243614.142452,1788243613.447214,-695.239,84.746,1.26595,-17.08075
885.081,1788243614.246158,1788243613.637798,-608.361,190.584,1.26595,-17.08075
885.246,1788243614.35008,1788243613.803202,-546.878,165.405,1.26595,-17.08075
885.51,1788243614.453413,1788243614.066488,-386.925,263.286,1.26595,-17.08075
885.51,1788243614.660728,1788243614.067104,-593.624,0.616,1.26595,-17.08075
885.583,1788243614.867952,1788243614.139567,-728.385,72.463,1.26595,-17.08075
885.845,1788243614.973752,1788243614.401717,-572.035,262.151,1.26595,-17.08075
886.029,1788243615.076454,1788243614.585963,-490.491,184.245,1.26595,-17.08075
886.029,1788243615.282526,1788243614.586044,-696.482,0.081,1.26595,-17.08075
886.158,1788243615.386152,1788243614.714348,-671.804,128.304,1.26595,-17.08075
886.215,1788243615.489713,1788243614.77228,-717.432,57.932,1.26595,-17.08075
886.286,1788243615.593439,1788243614.842314,-751.124,70.034,1.26595,-17.08075
886.428,1788243615.697157,1788243614.984642,-712.516,142.327,1.26595,-17.08075
886.64,1788243615.800537,1788243615.196368,-604.169,211.727,1.26595,-17.08075
886.778,1788243615.90398,1788243615.334303,-569.677,137.935,1.26595,-17.08075
886.799,1788243616.007689,1788243615.356087,-651.603,21.783,1.26595,-17.08075
886.956,1788243616.214803,1788243615.512938,-701.865,156.852,1.26595,-17.08075
887.186,1788243616.317973,1788243615.742656,-575.318,229.717,1.26595,-17.08075
887.526,1788243616.421731,1788243616.082922,-338.81,340.266,1.26595,-17.08075
888.461,1788243616.628917,1788243617.017449,388.531,934.527,1.26595,-17.08075
888.461,1788243617.561299,1788243617.017933,-543.366,0.484,1.26595,-17.08075
889.023,1788243617.768347,1788243617.57937,-188.977,561.436,1.26595,-17.08075
889.331,1788243617.97612,1788243617.887593,-88.527,308.223,1.26595,-17.08075
889.994,1788243618.597082,1788243618.551252,-45.83,663.659,1.26595,-17.08075
890.387,1788243619.011496,1788243618.943969,-67.527,392.717,1.26595,-17.08075
890.858,1788243619.426104,1788243619.414745,-11.359,470.776,1.26595,-17.08075
891.46,1788243619.736867,1788243620.016484,279.617,601.739,1.26595,-17.08075
891.985,1788243620.669346,1788243620.541353,-127.994,524.869,1.26595,-17.08075
892.513,1788243621.084705,1788243621.070087,-14.618,528.734,1.26595,-17.08075
892.764,1788243621.705257,1788243621.321266,-383.991,251.179,1.26595,-17.08075
892.908,1788243621.91215,1788243621.465166,-446.985,143.899,1.26595,-17.08075
893.094,1788243622.223055,1788243621.651073,-571.982,185.908,1.26595,-17.08075
893.34,1788243622.327241,1788243621.896937,-430.305,245.863,1.26595,-17.08075
893.518,1788243622.533703,1788243622.074805,-458.899,177.868,1.26595,-17.08075
893.672,1788243622.637372,1788243622.229207,-408.165,154.402,1.26595,-17.08075
894.019,1788243622.844566,1788243622.576028,-268.538,346.821,1.26595,-17.08075
894.423,1788243623.259094,1788243622.980094,-279.0,404.066,1.26595,-17.08075
894.63,1788243623.673748,1788243623.18726,-486.488,207.166,1.26595,-17.08075
894.969,1788243623.983917,1788243623.526224,-457.694,338.964,1.26595,-17.08075
895.382,1788243624.191142,1788243623.939136,-252.007,412.912,1.26595,-17.08075
895.546,1788243624.50173,1788243624.102402,-399.328,163.267,1.26595,-17.08075
895.68,1788243624.708943,1788243624.236677,-472.265,134.275,1.26595,-17.08075
895.956,1788243624.916054,1788243624.513281,-402.774,276.603,1.26595,-17.08075
896.242,1788243625.226465,1788243624.798537,-427.927,285.257,1.26595,-17.08075
896.455,1788243625.433577,1788243625.012243,-421.335,213.705,1.26595,-17.08075
896.639,1788243625.744095,1788243625.196146,-547.949,183.903,1.26595,-17.08075
896.869,1788243625.951742,1788243625.425715,-526.027,229.569,1.26595,-17.08075
896.869,1788243626.158132,1788243625.425907,-732.225,0.192,1.26595,-17.08075
896.923,1788243626.261726,1788243625.480146,-781.58,54.239,1.26595,-17.08075
897.046,1788243626.365453,1788243625.602292,-763.161,122.146,1.26595,-17.08075
897.176,1788243626.468942,1788243625.733267,-735.676,130.975,1.26595,-17.08075
897.177,1788243626.572473,1788243625.733633,-838.84,0.367,1.26595,-17.08075
897.267,1788243626.676243,1788243625.823287,-852.956,89.654,1.26595,-17.08075
897.455,1788243626.779424,1788243626.01148,-767.944,188.193,1.26595,-17.08075
897.456,1788243626.882807,1788243626.01247,-870.336,0.99,1.26595,-17.08075
897.537,1788243626.986656,1788243626.093925,-892.731,81.455,1.26595,-17.08075
897.719,1788243627.090185,1788243626.275906,-814.279,181.98,1.26595,-17.08075
897.831,1788243627.193794,1788243626.387753,-806.041,111.847,1.26595,-17.08075
897.905,1788243627.297575,1788243626.462148,-835.428,74.395,1.26595,-17.08075
898.081,1788243627.400996,1788243626.638168,-762.829,176.02,1.26595,-17.08075
898.426,1788243627.504852,1788243626.983172,-521.679,345.005,1.26595,-17.08075
898.427,1788243627.608709,1788243626.983314,-625.394,0.142,1.26595,-17.08075
898.427,1788243627.711992,1788243626.983682,-728.31,0.367,1.26595,-17.08075
898.427,1788243627.815617,1788243626.983843,-831.774,0.161,1.26595,-17.08075
898.527,1788243627.918808,1788243627.083905,-834.903,100.062,1.26595,-17.08075
898.826,1788243628.022496,1788243627.382578,-639.917,298.673,1.26595,-17.08075
898.826,1788243628.126248,1788243627.382721,-743.527,0.142,1.26595,-17.08075
898.83,1788243628.229465,1788243627.386755,-842.71,4.034,1.26595,-17.08075
898.906,1788243628.333052,1788243627.462503,-870.549,75.748,1.26595,-17.08075
899.066,1788243628.436566,1788243627.623224,-813.342,160.721,1.26595,-17.08075
899.133,1788243628.540014,1788243627.690145,-849.869,66.921,1.26595,-17.08075
899.231,1788243628.643662,1788243627.788256,-855.407,98.11,1.26595,-17.08075
899.31,1788243628.747271,1788243627.866878,-880.393,78.622,1.26595,-17.08075
899.542,1788243628.851318,1788243628.098551,-752.767,231.673,1.26595,-17.08075
899.661,1788243628.95487,1788243628.218035,-736.835,119.484,1.26595,-17.08075
899.82,1788243629.058605,1788243628.377026,-681.579,158.991,1.26595,-17.08075
899.941,1788243629.162247,1788243628.497736,-664.511,120.71,1.26595,-17.08075
900.014,1788243629.265861,1788243628.57102,-694.841,73.284,1.26595,-17.08075
900.144,1788243629.370373,1788243628.70051,-669.863,129.489,1.26595,-17.08075
900.268,1788243629.472947,1788243628.824351,-648.595,123.842,1.26595,-17.08075
900.468,1788243629.57708,1788243629.024352,-552.728,200.001,1.26595,-17.08075
900.468,1788243629.67985,1788243629.024356,-655.494,0.004,1.26595,-17.08075
900.708,1788243629.783526,1788243629.26511,-518.417,240.754,1.26595,-17.08075
901.144,1788243629.886772,1788243629.700789,-185.982,435.679,1.26595,-17.08075
901.379,1788243630.094533,1788243629.935643,-158.89,234.854,1.26595,-17.08075
901.469,1788243630.404916,1788243630.025534,-379.382,89.891,1.26595,-17.08075
901.818,1788243630.71556,1788243630.374883,-340.677,349.349,1.26595,-17.08075
902.018,1788243630.819199,1788243630.574779,-244.42,199.895,1.26595,-17.08075
902.288,1788243631.233344,1788243630.844954,-388.39,270.175,1.26595,-17.08075
902.386,1788243631.647583,1788243630.942614,-704.969,97.659,1.26595,-17.08075
902.519,1788243631.75093,1788243631.075875,-675.055,133.261,1.26595,-17.08075
902.68,1788243631.854402,1788243631.236654,-617.748,160.779,1.26595,-17.08075
902.918,1788243631.958158,1788243631.474628,-483.53,237.974,1.26595,-17.08075
903.113,1788243632.269032,1788243631.670174,-598.858,195.545,1.26595,-17.08075
903.241,1788243632.372276,1788243631.798154,-574.123,127.98,1.26595,-17.08075
903.439,1788243632.579505,1788243631.996154,-583.351,198.0,1.26595,-17.08075
903.602,1788243632.683288,1788243632.158697,-524.59,162.544,1.26595,-17.08075
903.752,1788243632.8905,1788243632.308733,-581.767,150.035,1.26595,-17.08075
903.906,1788243632.994121,1788243632.462742,-531.379,154.009,1.26595,-17.08075
904.025,1788243633.20108,1788243632.5813,-619.78,118.559,1.26595,-17.08075
904.315,1788243633.408693,1788243632.87215,-536.543,290.85,1.26595,-17.08075
904.316,1788243633.615776,1788243632.872767,-743.009,0.617,1.26595,-17.08075
904.363,1788243633.718973,1788243632.919603,-799.37,46.836,1.26595,-17.08075
904.578,1788243633.82251,1788243633.134789,-687.721,215.186,1.26595,-17.08075
904.954,1788243633.926575,1788243633.510754,-415.822,375.965,1.26595,-17.08075
